2026-03-05 02:06:35.462051: E external/local_xla/xla/stream_executor/cuda/cuda_dnn.cc:9261] Unable to register cuDNN factory: Attempting to register factory for plugin cuDNN when one has already been registered
2026-03-05 02:06:35.462124: E external/local_xla/xla/stream_executor/cuda/cuda_fft.cc:607] Unable to register cuFFT factory: Attempting to register factory for plugin cuFFT when one has already been registered
2026-03-05 02:06:35.464132: E external/local_xla/xla/stream_executor/cuda/cuda_blas.cc:1515] Unable to register cuBLAS factory: Attempting to register factory for plugin cuBLAS when one has already been registered
2026-03-05 02:06:35.475333: I tensorflow/core/platform/cpu_feature_guard.cc:182] This TensorFlow binary is optimized to use available CPU instructions in performance-critical operations.
To enable the following instructions: AVX2 AVX512F FMA, in other operations, rebuild TensorFlow with the appropriate compiler flags.
2026-03-05 02:06:38.563688: W tensorflow/compiler/tf2tensorrt/utils/py_utils.cc:38] TF-TRT Warning: Could not find TensorRT
/home/ADV_2526a/rashkovits/envs/kwt_env_310/lib/python3.10/site-packages/tensorflow_addons/utils/tfa_eol_msg.py:23: UserWarning: 

TensorFlow Addons (TFA) has ended development and introduction of new features.
TFA has entered a minimal maintenance and release mode until a planned end of life in May 2024.
Please modify downstream libraries to take dependencies from other repositories in our TensorFlow community (e.g. Keras, Keras-CV, and Keras-NLP). 

For more information see: https://github.com/tensorflow/addons/issues/2807 

  warnings.warn(
2026-03-05 02:06:43.914610: W tensorflow/core/common_runtime/gpu/gpu_device.cc:2256] Cannot dlopen some GPU libraries. Please make sure the missing libraries mentioned above are installed properly if you would like to use GPU. Follow the guide at https://www.tensorflow.org/install/gpu for how to download and setup the required libraries for your platform.
Skipping registering GPU devices...
2026-03-05 02:06:43.920343: W tensorflow/core/common_runtime/gpu/gpu_device.cc:2256] Cannot dlopen some GPU libraries. Please make sure the missing libraries mentioned above are installed properly if you would like to use GPU. Follow the guide at https://www.tensorflow.org/install/gpu for how to download and setup the required libraries for your platform.
Skipping registering GPU devices...
2026-03-05 02:06:47.015744: I tensorflow/compiler/mlir/mlir_graph_optimization_pass.cc:388] MLIR V1 optimization pass is not enabled
I0305 02:06:47.400390 130845699483456 train.py:76] Namespace(data_url='', data_dir='/home/yandex/APDL2526a/rashkovits/keyword-transformer/data2/speech_commands_v0.02/', lr_schedule='cosine', optimizer='adamw', background_volume=0.1, l2_weight_decay=0.1, background_frequency=0.8, split_data=1, silence_percentage=10.0, unknown_percentage=10.0, time_shift_ms=100.0, sp_time_shift_ms=0.0, testing_percentage=10, validation_percentage=10, how_many_training_steps='46876', eval_step_interval=144, learning_rate='0.0005', batch_size=256, wanted_words='yes,no,up,down,left,right,on,off,stop,go', train_dir='/home/yandex/APDL2526a/rashkovits/keyword-transformer/models_data_v2_12_labels/kwt1_baseline/', save_step_interval=100, start_checkpoint='/home/yandex/APDL2526a/rashkovits/keyword-transformer/models_data_v2_12_labels/kwt1_baseline/best_weights.ckpt', start_step=43056, verbosity=0, optimizer_epsilon=1e-08, resample=0.15, sp_resample=0.0, volume_resample=0.0, train=1, sample_rate=16000, clip_duration_ms=1000, window_size_ms=30.0, window_stride_ms=10.0, preprocess='raw', feature_type='mfcc_tf', preemph=0.0, window_type='hann', mel_lower_edge_hertz=20.0, mel_upper_edge_hertz=7600.0, log_epsilon=1e-12, dct_num_features=40, use_tf_fft=0, mel_non_zero_only=1, fft_magnitude_squared=False, mel_num_bins=80, use_spec_augment=1, time_masks_number=2, time_mask_max_size=25, frequency_masks_number=2, frequency_mask_max_size=7, use_spec_cutout=0, spec_cutout_masks_number=3, spec_cutout_time_mask_size=10, spec_cutout_frequency_mask_size=5, return_softmax=0, novograd_beta_1=0.95, novograd_beta_2=0.5, novograd_weight_decay=0.001, novograd_grad_averaging=0, pick_deterministically=1, causal_data_frame_padding=0, warmup_epochs=0.0, label_smoothing=0.1, distill_teacher_json=None, model_name='kws_transformer', num_layers=12, d_model=64, mlp_dim=256, heads=1, dropout1=0.0, attention_type='time', patch_size='1,40', prenorm=False, approximate_gelu=False, label_count=12, desired_samples=16000, window_size_samples=480, window_stride_samples=160, spectrogram_length=98, data_stride=1, data_frame_padding=None, summaries_dir='/home/yandex/APDL2526a/rashkovits/keyword-transformer/models_data_v2_12_labels/kwt1_baseline/logs/', training=True)
I0305 02:06:50.640219 130845699483456 train.py:95] None
INFO:tensorflow:Restoring parameters from /home/yandex/APDL2526a/rashkovits/keyword-transformer/models_data_v2_12_labels/kwt1_baseline/best_weights.ckpt
I0305 02:06:51.365768 130845699483456 saver.py:1413] Restoring parameters from /home/yandex/APDL2526a/rashkovits/keyword-transformer/models_data_v2_12_labels/kwt1_baseline/best_weights.ckpt
I0305 02:06:51.606874 130845699483456 train.py:142] Weights loaded from /home/yandex/APDL2526a/rashkovits/keyword-transformer/models_data_v2_12_labels/kwt1_baseline/best_weights.ckpt
I0305 02:06:51.607162 130845699483456 train.py:151] Training from step: 43056 
2026-03-05 02:06:54.306905: W tensorflow/c/c_api.cc:305] Operation '{name:'learning_rate/Assign' id:3850 op device:{requested: '', assigned: ''} def:{{{node learning_rate/Assign}} = AssignVariableOp[_has_manual_control_dependencies=true, dtype=DT_FLOAT, validate_shape=false](learning_rate, learning_rate/Initializer/initial_value)}}' was changed by setting attribute after it was run by a session. This mutation will have no effect, and will trigger an error in the future. Either don't modify nodes after running them or create a new session.
2026-03-05 02:06:57.505542: W tensorflow/c/c_api.cc:305] Operation '{name:'loss/mul' id:3495 op device:{requested: '', assigned: ''} def:{{{node loss/mul}} = Mul[T=DT_FLOAT, _has_manual_control_dependencies=true](loss/mul/x, loss/sequential_12_loss/value)}}' was changed by setting attribute after it was run by a session. This mutation will have no effect, and will trigger an error in the future. Either don't modify nodes after running them or create a new session.
2026-03-05 02:06:57.965102: W tensorflow/c/c_api.cc:305] Operation '{name:'training/Adam/kws_transformer/transformer_block_1/layer_normalization_2/beta/v/Assign' id:7822 op device:{requested: '', assigned: ''} def:{{{node training/Adam/kws_transformer/transformer_block_1/layer_normalization_2/beta/v/Assign}} = AssignVariableOp[_has_manual_control_dependencies=true, dtype=DT_FLOAT, validate_shape=false](training/Adam/kws_transformer/transformer_block_1/layer_normalization_2/beta/v, training/Adam/kws_transformer/transformer_block_1/layer_normalization_2/beta/v/Initializer/zeros)}}' was changed by setting attribute after it was run by a session. This mutation will have no effect, and will trigger an error in the future. Either don't modify nodes after running them or create a new session.
I0305 02:07:02.832458 130845699483456 train.py:227] Step #43056: rate 0.000004, accuracy 76.95%, cross entropy 1.071857
/home/ADV_2526a/rashkovits/envs/kwt_env_310/lib/python3.10/site-packages/keras/src/engine/training_v1.py:2335: UserWarning: `Model.state_updates` will be removed in a future version. This property should not be used in TensorFlow 2.0, as `updates` are applied automatically.
  updates = self.state_updates
2026-03-05 02:07:04.379287: W tensorflow/c/c_api.cc:305] Operation '{name:'loss/mul' id:3495 op device:{requested: '', assigned: ''} def:{{{node loss/mul}} = Mul[T=DT_FLOAT, _has_manual_control_dependencies=true](loss/mul/x, loss/sequential_12_loss/value)}}' was changed by setting attribute after it was run by a session. This mutation will have no effect, and will trigger an error in the future. Either don't modify nodes after running them or create a new session.
I0305 02:07:40.330390 130845699483456 train.py:280] Step 43056: Validation accuracy = 97.27% (N=4352)
I0305 02:07:41.113163 130845699483456 train.py:289] Saved best checkpoint to /home/yandex/APDL2526a/rashkovits/keyword-transformer/models_data_v2_12_labels/kwt1_baseline/best_weights.ckpt
I0305 02:07:41.113341 130845699483456 train.py:290] So far the best validation accuracy is 97.27%
I0305 02:07:44.887529 130845699483456 train.py:227] Step #43057: rate 0.000004, accuracy 92.19%, cross entropy 0.711998
I0305 02:07:48.928204 130845699483456 train.py:227] Step #43058: rate 0.000004, accuracy 93.75%, cross entropy 0.661783
I0305 02:07:52.607779 130845699483456 train.py:227] Step #43059: rate 0.000004, accuracy 85.55%, cross entropy 0.838151
I0305 02:07:56.253140 130845699483456 train.py:227] Step #43060: rate 0.000004, accuracy 89.84%, cross entropy 0.762682
I0305 02:07:59.677348 130845699483456 train.py:227] Step #43061: rate 0.000004, accuracy 95.70%, cross entropy 0.627248
I0305 02:08:03.178591 130845699483456 train.py:227] Step #43062: rate 0.000004, accuracy 94.14%, cross entropy 0.644103
I0305 02:08:06.677547 130845699483456 train.py:227] Step #43063: rate 0.000004, accuracy 91.80%, cross entropy 0.710974
I0305 02:08:10.284619 130845699483456 train.py:227] Step #43064: rate 0.000004, accuracy 94.92%, cross entropy 0.651058
I0305 02:08:13.965712 130845699483456 train.py:227] Step #43065: rate 0.000004, accuracy 95.70%, cross entropy 0.626957
I0305 02:08:17.625727 130845699483456 train.py:227] Step #43066: rate 0.000004, accuracy 88.67%, cross entropy 0.822756
I0305 02:08:21.062931 130845699483456 train.py:227] Step #43067: rate 0.000004, accuracy 92.58%, cross entropy 0.687925
I0305 02:08:24.489305 130845699483456 train.py:227] Step #43068: rate 0.000004, accuracy 95.31%, cross entropy 0.623984
I0305 02:08:27.697024 130845699483456 train.py:227] Step #43069: rate 0.000004, accuracy 92.19%, cross entropy 0.722080
I0305 02:08:31.258862 130845699483456 train.py:227] Step #43070: rate 0.000004, accuracy 82.03%, cross entropy 0.967275
I0305 02:08:35.018722 130845699483456 train.py:227] Step #43071: rate 0.000004, accuracy 89.45%, cross entropy 0.751987
I0305 02:08:38.442698 130845699483456 train.py:227] Step #43072: rate 0.000004, accuracy 92.58%, cross entropy 0.685545
I0305 02:08:41.881860 130845699483456 train.py:227] Step #43073: rate 0.000004, accuracy 89.84%, cross entropy 0.743503
I0305 02:08:45.103893 130845699483456 train.py:227] Step #43074: rate 0.000004, accuracy 87.50%, cross entropy 0.797150
I0305 02:08:49.018340 130845699483456 train.py:227] Step #43075: rate 0.000004, accuracy 90.23%, cross entropy 0.759249
I0305 02:08:52.799600 130845699483456 train.py:227] Step #43076: rate 0.000004, accuracy 84.38%, cross entropy 0.865499
I0305 02:08:56.568187 130845699483456 train.py:227] Step #43077: rate 0.000004, accuracy 94.92%, cross entropy 0.634975
I0305 02:09:00.137445 130845699483456 train.py:227] Step #43078: rate 0.000004, accuracy 95.70%, cross entropy 0.646254
I0305 02:09:03.458352 130845699483456 train.py:227] Step #43079: rate 0.000004, accuracy 83.59%, cross entropy 0.886457
I0305 02:09:06.943561 130845699483456 train.py:227] Step #43080: rate 0.000004, accuracy 92.19%, cross entropy 0.706391
I0305 02:09:10.700625 130845699483456 train.py:227] Step #43081: rate 0.000004, accuracy 91.80%, cross entropy 0.714354
I0305 02:09:14.266734 130845699483456 train.py:227] Step #43082: rate 0.000004, accuracy 92.97%, cross entropy 0.698429
I0305 02:09:17.967299 130845699483456 train.py:227] Step #43083: rate 0.000004, accuracy 93.75%, cross entropy 0.657173
I0305 02:09:21.471265 130845699483456 train.py:227] Step #43084: rate 0.000004, accuracy 92.19%, cross entropy 0.709407
I0305 02:09:24.881493 130845699483456 train.py:227] Step #43085: rate 0.000004, accuracy 96.09%, cross entropy 0.632855
I0305 02:09:28.570680 130845699483456 train.py:227] Step #43086: rate 0.000004, accuracy 89.84%, cross entropy 0.714509
I0305 02:09:32.113930 130845699483456 train.py:227] Step #43087: rate 0.000004, accuracy 93.75%, cross entropy 0.664375
I0305 02:09:35.688590 130845699483456 train.py:227] Step #43088: rate 0.000004, accuracy 94.53%, cross entropy 0.656220
I0305 02:09:39.418205 130845699483456 train.py:227] Step #43089: rate 0.000004, accuracy 93.75%, cross entropy 0.665220
I0305 02:09:43.047747 130845699483456 train.py:227] Step #43090: rate 0.000004, accuracy 86.72%, cross entropy 0.834853
I0305 02:09:46.570660 130845699483456 train.py:227] Step #43091: rate 0.000004, accuracy 86.33%, cross entropy 0.831252
I0305 02:09:49.972114 130845699483456 train.py:227] Step #43092: rate 0.000004, accuracy 94.53%, cross entropy 0.648348
I0305 02:09:53.473814 130845699483456 train.py:227] Step #43093: rate 0.000004, accuracy 94.14%, cross entropy 0.643998
I0305 02:09:57.137516 130845699483456 train.py:227] Step #43094: rate 0.000004, accuracy 89.84%, cross entropy 0.765190
I0305 02:10:00.677752 130845699483456 train.py:227] Step #43095: rate 0.000004, accuracy 89.06%, cross entropy 0.788625
I0305 02:10:03.951559 130845699483456 train.py:227] Step #43096: rate 0.000004, accuracy 96.09%, cross entropy 0.625839
I0305 02:10:07.402282 130845699483456 train.py:227] Step #43097: rate 0.000004, accuracy 73.83%, cross entropy 1.118100
I0305 02:10:10.727375 130845699483456 train.py:227] Step #43098: rate 0.000004, accuracy 85.16%, cross entropy 0.884880
I0305 02:10:14.068443 130845699483456 train.py:227] Step #43099: rate 0.000004, accuracy 90.62%, cross entropy 0.722955
I0305 02:10:17.708330 130845699483456 train.py:227] Step #43100: rate 0.000004, accuracy 94.14%, cross entropy 0.662433
I0305 02:10:21.354552 130845699483456 train.py:227] Step #43101: rate 0.000004, accuracy 84.77%, cross entropy 0.854223
I0305 02:10:24.715978 130845699483456 train.py:227] Step #43102: rate 0.000004, accuracy 96.48%, cross entropy 0.623141
I0305 02:10:28.341968 130845699483456 train.py:227] Step #43103: rate 0.000004, accuracy 86.72%, cross entropy 0.832028
I0305 02:10:31.895493 130845699483456 train.py:227] Step #43104: rate 0.000004, accuracy 96.88%, cross entropy 0.618561
I0305 02:10:35.603070 130845699483456 train.py:227] Step #43105: rate 0.000004, accuracy 80.47%, cross entropy 0.992912
I0305 02:10:39.111188 130845699483456 train.py:227] Step #43106: rate 0.000004, accuracy 92.19%, cross entropy 0.702411
I0305 02:10:42.445498 130845699483456 train.py:227] Step #43107: rate 0.000004, accuracy 81.25%, cross entropy 0.951390
I0305 02:10:46.026659 130845699483456 train.py:227] Step #43108: rate 0.000004, accuracy 94.53%, cross entropy 0.637823
I0305 02:10:49.715274 130845699483456 train.py:227] Step #43109: rate 0.000004, accuracy 93.75%, cross entropy 0.663198
I0305 02:10:53.224982 130845699483456 train.py:227] Step #43110: rate 0.000004, accuracy 90.62%, cross entropy 0.765695
I0305 02:10:56.687495 130845699483456 train.py:227] Step #43111: rate 0.000004, accuracy 73.44%, cross entropy 1.090845
I0305 02:11:00.416594 130845699483456 train.py:227] Step #43112: rate 0.000004, accuracy 88.67%, cross entropy 0.813222
I0305 02:11:04.082745 130845699483456 train.py:227] Step #43113: rate 0.000004, accuracy 92.97%, cross entropy 0.687589
I0305 02:11:07.580454 130845699483456 train.py:227] Step #43114: rate 0.000004, accuracy 96.88%, cross entropy 0.596051
I0305 02:11:11.114953 130845699483456 train.py:227] Step #43115: rate 0.000004, accuracy 98.05%, cross entropy 0.596886
I0305 02:11:14.585747 130845699483456 train.py:227] Step #43116: rate 0.000004, accuracy 94.92%, cross entropy 0.640111
I0305 02:11:18.025523 130845699483456 train.py:227] Step #43117: rate 0.000004, accuracy 93.36%, cross entropy 0.692996
I0305 02:11:21.590703 130845699483456 train.py:227] Step #43118: rate 0.000004, accuracy 94.92%, cross entropy 0.647703
I0305 02:11:25.045390 130845699483456 train.py:227] Step #43119: rate 0.000004, accuracy 75.00%, cross entropy 1.162490
I0305 02:11:28.563730 130845699483456 train.py:227] Step #43120: rate 0.000004, accuracy 96.48%, cross entropy 0.602628
I0305 02:11:31.985176 130845699483456 train.py:227] Step #43121: rate 0.000004, accuracy 90.23%, cross entropy 0.749521
I0305 02:11:35.610489 130845699483456 train.py:227] Step #43122: rate 0.000004, accuracy 95.31%, cross entropy 0.637994
I0305 02:11:39.155334 130845699483456 train.py:227] Step #43123: rate 0.000004, accuracy 94.53%, cross entropy 0.668862
I0305 02:11:42.805754 130845699483456 train.py:227] Step #43124: rate 0.000004, accuracy 94.14%, cross entropy 0.679549
I0305 02:11:46.380025 130845699483456 train.py:227] Step #43125: rate 0.000004, accuracy 92.58%, cross entropy 0.730765
I0305 02:11:49.895604 130845699483456 train.py:227] Step #43126: rate 0.000004, accuracy 97.27%, cross entropy 0.585261
I0305 02:11:53.548122 130845699483456 train.py:227] Step #43127: rate 0.000004, accuracy 97.66%, cross entropy 0.594815
I0305 02:11:57.148293 130845699483456 train.py:227] Step #43128: rate 0.000004, accuracy 96.88%, cross entropy 0.600373
I0305 02:12:00.640811 130845699483456 train.py:227] Step #43129: rate 0.000004, accuracy 96.09%, cross entropy 0.616276
I0305 02:12:04.295502 130845699483456 train.py:227] Step #43130: rate 0.000004, accuracy 95.70%, cross entropy 0.615807
I0305 02:12:07.893127 130845699483456 train.py:227] Step #43131: rate 0.000004, accuracy 80.47%, cross entropy 0.967507
I0305 02:12:11.352930 130845699483456 train.py:227] Step #43132: rate 0.000004, accuracy 85.16%, cross entropy 0.878763
I0305 02:12:14.809065 130845699483456 train.py:227] Step #43133: rate 0.000004, accuracy 87.89%, cross entropy 0.795410
I0305 02:12:18.136630 130845699483456 train.py:227] Step #43134: rate 0.000004, accuracy 92.19%, cross entropy 0.698386
I0305 02:12:21.467456 130845699483456 train.py:227] Step #43135: rate 0.000004, accuracy 83.59%, cross entropy 0.889657
I0305 02:12:25.210866 130845699483456 train.py:227] Step #43136: rate 0.000004, accuracy 85.55%, cross entropy 0.827845
I0305 02:12:28.783561 130845699483456 train.py:227] Step #43137: rate 0.000004, accuracy 88.67%, cross entropy 0.816809
I0305 02:12:32.315678 130845699483456 train.py:227] Step #43138: rate 0.000004, accuracy 94.53%, cross entropy 0.685883
I0305 02:12:35.838542 130845699483456 train.py:227] Step #43139: rate 0.000004, accuracy 82.81%, cross entropy 0.915667
I0305 02:12:39.528164 130845699483456 train.py:227] Step #43140: rate 0.000004, accuracy 93.36%, cross entropy 0.698871
I0305 02:12:43.001858 130845699483456 train.py:227] Step #43141: rate 0.000004, accuracy 96.09%, cross entropy 0.613617
I0305 02:12:46.556631 130845699483456 train.py:227] Step #43142: rate 0.000004, accuracy 89.84%, cross entropy 0.782522
I0305 02:12:50.242038 130845699483456 train.py:227] Step #43143: rate 0.000004, accuracy 94.92%, cross entropy 0.639904
I0305 02:12:53.873337 130845699483456 train.py:227] Step #43144: rate 0.000004, accuracy 94.14%, cross entropy 0.647128
I0305 02:12:57.433708 130845699483456 train.py:227] Step #43145: rate 0.000004, accuracy 84.38%, cross entropy 0.862702
I0305 02:13:01.127549 130845699483456 train.py:227] Step #43146: rate 0.000004, accuracy 64.06%, cross entropy 1.308619
I0305 02:13:04.604100 130845699483456 train.py:227] Step #43147: rate 0.000004, accuracy 90.23%, cross entropy 0.711611
I0305 02:13:07.965937 130845699483456 train.py:227] Step #43148: rate 0.000004, accuracy 94.53%, cross entropy 0.664549
I0305 02:13:11.709203 130845699483456 train.py:227] Step #43149: rate 0.000004, accuracy 89.06%, cross entropy 0.809657
I0305 02:13:14.993264 130845699483456 train.py:227] Step #43150: rate 0.000004, accuracy 91.80%, cross entropy 0.736569
I0305 02:13:18.518840 130845699483456 train.py:227] Step #43151: rate 0.000004, accuracy 88.28%, cross entropy 0.808410
I0305 02:13:22.203594 130845699483456 train.py:227] Step #43152: rate 0.000004, accuracy 91.41%, cross entropy 0.719959
I0305 02:13:25.801692 130845699483456 train.py:227] Step #43153: rate 0.000004, accuracy 96.09%, cross entropy 0.620257
I0305 02:13:29.323558 130845699483456 train.py:227] Step #43154: rate 0.000004, accuracy 95.31%, cross entropy 0.651045
I0305 02:13:33.159720 130845699483456 train.py:227] Step #43155: rate 0.000004, accuracy 89.84%, cross entropy 0.755020
I0305 02:13:36.931359 130845699483456 train.py:227] Step #43156: rate 0.000004, accuracy 95.70%, cross entropy 0.630359
I0305 02:13:40.383912 130845699483456 train.py:227] Step #43157: rate 0.000004, accuracy 92.97%, cross entropy 0.708115
I0305 02:13:43.882738 130845699483456 train.py:227] Step #43158: rate 0.000004, accuracy 83.20%, cross entropy 0.929630
I0305 02:13:47.321659 130845699483456 train.py:227] Step #43159: rate 0.000004, accuracy 81.64%, cross entropy 0.932868
I0305 02:13:50.931703 130845699483456 train.py:227] Step #43160: rate 0.000004, accuracy 72.66%, cross entropy 1.154256
I0305 02:13:54.513952 130845699483456 train.py:227] Step #43161: rate 0.000004, accuracy 83.20%, cross entropy 0.945940
I0305 02:13:58.249583 130845699483456 train.py:227] Step #43162: rate 0.000004, accuracy 93.36%, cross entropy 0.683192
I0305 02:14:01.933350 130845699483456 train.py:227] Step #43163: rate 0.000004, accuracy 96.88%, cross entropy 0.593331
I0305 02:14:05.540492 130845699483456 train.py:227] Step #43164: rate 0.000004, accuracy 87.89%, cross entropy 0.796030
I0305 02:14:08.998796 130845699483456 train.py:227] Step #43165: rate 0.000004, accuracy 88.28%, cross entropy 0.822381
I0305 02:14:12.872822 130845699483456 train.py:227] Step #43166: rate 0.000004, accuracy 94.53%, cross entropy 0.667385
I0305 02:14:16.490867 130845699483456 train.py:227] Step #43167: rate 0.000004, accuracy 94.53%, cross entropy 0.650290
I0305 02:14:20.020946 130845699483456 train.py:227] Step #43168: rate 0.000004, accuracy 93.75%, cross entropy 0.677189
I0305 02:14:23.698075 130845699483456 train.py:227] Step #43169: rate 0.000004, accuracy 91.02%, cross entropy 0.730753
I0305 02:14:27.092640 130845699483456 train.py:227] Step #43170: rate 0.000004, accuracy 91.41%, cross entropy 0.732358
I0305 02:14:30.563352 130845699483456 train.py:227] Step #43171: rate 0.000004, accuracy 94.92%, cross entropy 0.649769
I0305 02:14:34.215907 130845699483456 train.py:227] Step #43172: rate 0.000004, accuracy 79.69%, cross entropy 0.993097
I0305 02:14:37.753324 130845699483456 train.py:227] Step #43173: rate 0.000004, accuracy 92.19%, cross entropy 0.741305
I0305 02:14:41.250927 130845699483456 train.py:227] Step #43174: rate 0.000004, accuracy 76.56%, cross entropy 1.121795
I0305 02:14:44.664017 130845699483456 train.py:227] Step #43175: rate 0.000004, accuracy 90.23%, cross entropy 0.739320
I0305 02:14:48.226530 130845699483456 train.py:227] Step #43176: rate 0.000004, accuracy 94.14%, cross entropy 0.655703
I0305 02:14:51.752301 130845699483456 train.py:227] Step #43177: rate 0.000004, accuracy 97.27%, cross entropy 0.604304
I0305 02:14:55.026681 130845699483456 train.py:227] Step #43178: rate 0.000004, accuracy 95.31%, cross entropy 0.627650
I0305 02:14:58.426182 130845699483456 train.py:227] Step #43179: rate 0.000004, accuracy 91.02%, cross entropy 0.730135
I0305 02:15:02.225154 130845699483456 train.py:227] Step #43180: rate 0.000004, accuracy 94.53%, cross entropy 0.669926
I0305 02:15:05.682056 130845699483456 train.py:227] Step #43181: rate 0.000004, accuracy 92.58%, cross entropy 0.719965
I0305 02:15:09.200329 130845699483456 train.py:227] Step #43182: rate 0.000004, accuracy 94.92%, cross entropy 0.667529
I0305 02:15:12.863203 130845699483456 train.py:227] Step #43183: rate 0.000004, accuracy 85.16%, cross entropy 0.843222
I0305 02:15:16.468491 130845699483456 train.py:227] Step #43184: rate 0.000004, accuracy 95.31%, cross entropy 0.650141
I0305 02:15:19.978704 130845699483456 train.py:227] Step #43185: rate 0.000004, accuracy 90.62%, cross entropy 0.739028
I0305 02:15:23.553042 130845699483456 train.py:227] Step #43186: rate 0.000004, accuracy 96.88%, cross entropy 0.595363
I0305 02:15:27.193052 130845699483456 train.py:227] Step #43187: rate 0.000004, accuracy 91.80%, cross entropy 0.684008
I0305 02:15:30.638365 130845699483456 train.py:227] Step #43188: rate 0.000004, accuracy 97.66%, cross entropy 0.586932
I0305 02:15:34.344965 130845699483456 train.py:227] Step #43189: rate 0.000004, accuracy 87.89%, cross entropy 0.787202
I0305 02:15:37.680360 130845699483456 train.py:227] Step #43190: rate 0.000004, accuracy 82.03%, cross entropy 0.914897
I0305 02:15:41.179321 130845699483456 train.py:227] Step #43191: rate 0.000004, accuracy 96.09%, cross entropy 0.619377
I0305 02:15:44.796835 130845699483456 train.py:227] Step #43192: rate 0.000004, accuracy 88.28%, cross entropy 0.802925
I0305 02:15:48.530515 130845699483456 train.py:227] Step #43193: rate 0.000004, accuracy 85.94%, cross entropy 0.855594
I0305 02:15:51.947592 130845699483456 train.py:227] Step #43194: rate 0.000004, accuracy 90.62%, cross entropy 0.761225
I0305 02:15:55.484801 130845699483456 train.py:227] Step #43195: rate 0.000004, accuracy 94.53%, cross entropy 0.647719
I0305 02:15:59.034514 130845699483456 train.py:227] Step #43196: rate 0.000004, accuracy 92.97%, cross entropy 0.676545
I0305 02:16:02.426966 130845699483456 train.py:227] Step #43197: rate 0.000004, accuracy 95.70%, cross entropy 0.634403
I0305 02:16:05.986716 130845699483456 train.py:227] Step #43198: rate 0.000004, accuracy 92.97%, cross entropy 0.708142
I0305 02:16:09.616664 130845699483456 train.py:227] Step #43199: rate 0.000004, accuracy 86.33%, cross entropy 0.816774
I0305 02:16:12.850500 130845699483456 train.py:227] Step #43200: rate 0.000004, accuracy 81.25%, cross entropy 0.968776
I0305 02:16:39.470669 130845699483456 train.py:280] Step 43200: Validation accuracy = 97.24% (N=4352)
I0305 02:16:39.471809 130845699483456 train.py:290] So far the best validation accuracy is 97.27%
I0305 02:16:42.615612 130845699483456 train.py:227] Step #43201: rate 0.000004, accuracy 85.16%, cross entropy 0.880082
I0305 02:16:45.867700 130845699483456 train.py:227] Step #43202: rate 0.000004, accuracy 85.55%, cross entropy 0.869442
I0305 02:16:49.152517 130845699483456 train.py:227] Step #43203: rate 0.000004, accuracy 87.89%, cross entropy 0.771127
I0305 02:16:52.331324 130845699483456 train.py:227] Step #43204: rate 0.000004, accuracy 92.19%, cross entropy 0.722898
I0305 02:16:55.251283 130845699483456 train.py:227] Step #43205: rate 0.000004, accuracy 82.81%, cross entropy 0.915614
I0305 02:16:58.395136 130845699483456 train.py:227] Step #43206: rate 0.000004, accuracy 89.45%, cross entropy 0.756369
I0305 02:17:01.465380 130845699483456 train.py:227] Step #43207: rate 0.000004, accuracy 92.19%, cross entropy 0.700709
I0305 02:17:04.558622 130845699483456 train.py:227] Step #43208: rate 0.000004, accuracy 94.53%, cross entropy 0.661087
I0305 02:17:07.640214 130845699483456 train.py:227] Step #43209: rate 0.000004, accuracy 96.48%, cross entropy 0.595450
I0305 02:17:10.779029 130845699483456 train.py:227] Step #43210: rate 0.000004, accuracy 96.48%, cross entropy 0.617718
I0305 02:17:13.866919 130845699483456 train.py:227] Step #43211: rate 0.000004, accuracy 92.97%, cross entropy 0.688816
I0305 02:17:17.035364 130845699483456 train.py:227] Step #43212: rate 0.000004, accuracy 95.31%, cross entropy 0.644825
I0305 02:17:20.135921 130845699483456 train.py:227] Step #43213: rate 0.000004, accuracy 87.89%, cross entropy 0.802170
I0305 02:17:23.117851 130845699483456 train.py:227] Step #43214: rate 0.000004, accuracy 90.62%, cross entropy 0.714129
I0305 02:17:26.131003 130845699483456 train.py:227] Step #43215: rate 0.000004, accuracy 81.64%, cross entropy 0.906551
I0305 02:17:29.080390 130845699483456 train.py:227] Step #43216: rate 0.000004, accuracy 92.58%, cross entropy 0.710668
I0305 02:17:32.119965 130845699483456 train.py:227] Step #43217: rate 0.000004, accuracy 87.11%, cross entropy 0.794049
I0305 02:17:35.184515 130845699483456 train.py:227] Step #43218: rate 0.000004, accuracy 90.23%, cross entropy 0.741714
I0305 02:17:38.242843 130845699483456 train.py:227] Step #43219: rate 0.000004, accuracy 96.48%, cross entropy 0.614418
I0305 02:17:41.143844 130845699483456 train.py:227] Step #43220: rate 0.000004, accuracy 94.53%, cross entropy 0.626002
I0305 02:17:44.109281 130845699483456 train.py:227] Step #43221: rate 0.000004, accuracy 97.27%, cross entropy 0.590783
I0305 02:17:47.245765 130845699483456 train.py:227] Step #43222: rate 0.000004, accuracy 81.25%, cross entropy 0.929758
I0305 02:17:50.340889 130845699483456 train.py:227] Step #43223: rate 0.000004, accuracy 83.59%, cross entropy 0.857342
I0305 02:17:53.279092 130845699483456 train.py:227] Step #43224: rate 0.000004, accuracy 96.48%, cross entropy 0.598113
I0305 02:17:56.322274 130845699483456 train.py:227] Step #43225: rate 0.000004, accuracy 90.23%, cross entropy 0.751886
I0305 02:17:59.264018 130845699483456 train.py:227] Step #43226: rate 0.000004, accuracy 90.23%, cross entropy 0.742489
I0305 02:18:02.262807 130845699483456 train.py:227] Step #43227: rate 0.000004, accuracy 97.27%, cross entropy 0.602950
I0305 02:18:05.436815 130845699483456 train.py:227] Step #43228: rate 0.000004, accuracy 94.92%, cross entropy 0.648963
I0305 02:18:08.558545 130845699483456 train.py:227] Step #43229: rate 0.000004, accuracy 89.06%, cross entropy 0.792378
I0305 02:18:11.764825 130845699483456 train.py:227] Step #43230: rate 0.000004, accuracy 91.02%, cross entropy 0.703806
I0305 02:18:14.824314 130845699483456 train.py:227] Step #43231: rate 0.000004, accuracy 89.45%, cross entropy 0.782451
I0305 02:18:17.818673 130845699483456 train.py:227] Step #43232: rate 0.000004, accuracy 79.69%, cross entropy 0.966689
I0305 02:18:20.853609 130845699483456 train.py:227] Step #43233: rate 0.000004, accuracy 97.66%, cross entropy 0.610246
I0305 02:18:23.949055 130845699483456 train.py:227] Step #43234: rate 0.000004, accuracy 87.50%, cross entropy 0.814326
I0305 02:18:27.225456 130845699483456 train.py:227] Step #43235: rate 0.000004, accuracy 96.48%, cross entropy 0.610062
I0305 02:18:30.295646 130845699483456 train.py:227] Step #43236: rate 0.000004, accuracy 80.86%, cross entropy 0.957675
I0305 02:18:33.374993 130845699483456 train.py:227] Step #43237: rate 0.000004, accuracy 87.89%, cross entropy 0.786248
I0305 02:18:36.443866 130845699483456 train.py:227] Step #43238: rate 0.000004, accuracy 90.23%, cross entropy 0.745486
I0305 02:18:39.592823 130845699483456 train.py:227] Step #43239: rate 0.000004, accuracy 94.92%, cross entropy 0.661712
I0305 02:18:42.553043 130845699483456 train.py:227] Step #43240: rate 0.000004, accuracy 94.92%, cross entropy 0.654071
I0305 02:18:45.676060 130845699483456 train.py:227] Step #43241: rate 0.000004, accuracy 94.14%, cross entropy 0.701869
I0305 02:18:48.734406 130845699483456 train.py:227] Step #43242: rate 0.000004, accuracy 92.97%, cross entropy 0.690943
I0305 02:18:51.612778 130845699483456 train.py:227] Step #43243: rate 0.000004, accuracy 76.95%, cross entropy 0.998826
I0305 02:18:54.732651 130845699483456 train.py:227] Step #43244: rate 0.000004, accuracy 92.58%, cross entropy 0.698112
I0305 02:18:57.879169 130845699483456 train.py:227] Step #43245: rate 0.000004, accuracy 95.70%, cross entropy 0.643923
I0305 02:19:00.956646 130845699483456 train.py:227] Step #43246: rate 0.000004, accuracy 91.02%, cross entropy 0.705071
I0305 02:19:03.971724 130845699483456 train.py:227] Step #43247: rate 0.000004, accuracy 89.84%, cross entropy 0.764810
I0305 02:19:07.032292 130845699483456 train.py:227] Step #43248: rate 0.000004, accuracy 92.97%, cross entropy 0.690215
I0305 02:19:10.009292 130845699483456 train.py:227] Step #43249: rate 0.000004, accuracy 73.05%, cross entropy 1.153814
I0305 02:19:13.003476 130845699483456 train.py:227] Step #43250: rate 0.000004, accuracy 97.27%, cross entropy 0.582744
I0305 02:19:16.062085 130845699483456 train.py:227] Step #43251: rate 0.000004, accuracy 84.38%, cross entropy 0.907745
I0305 02:19:19.289347 130845699483456 train.py:227] Step #43252: rate 0.000004, accuracy 90.23%, cross entropy 0.772391
I0305 02:19:22.302912 130845699483456 train.py:227] Step #43253: rate 0.000004, accuracy 97.27%, cross entropy 0.597059
I0305 02:19:25.370007 130845699483456 train.py:227] Step #43254: rate 0.000004, accuracy 96.09%, cross entropy 0.625044
I0305 02:19:28.522495 130845699483456 train.py:227] Step #43255: rate 0.000004, accuracy 98.05%, cross entropy 0.584238
I0305 02:19:31.474968 130845699483456 train.py:227] Step #43256: rate 0.000004, accuracy 78.91%, cross entropy 0.991726
I0305 02:19:34.547040 130845699483456 train.py:227] Step #43257: rate 0.000004, accuracy 89.84%, cross entropy 0.773172
I0305 02:19:37.531202 130845699483456 train.py:227] Step #43258: rate 0.000004, accuracy 95.31%, cross entropy 0.631829
I0305 02:19:40.579012 130845699483456 train.py:227] Step #43259: rate 0.000004, accuracy 94.53%, cross entropy 0.661267
I0305 02:19:43.585444 130845699483456 train.py:227] Step #43260: rate 0.000004, accuracy 94.14%, cross entropy 0.677141
I0305 02:19:46.747378 130845699483456 train.py:227] Step #43261: rate 0.000004, accuracy 95.70%, cross entropy 0.627825
I0305 02:19:49.877640 130845699483456 train.py:227] Step #43262: rate 0.000004, accuracy 96.48%, cross entropy 0.606094
I0305 02:19:52.969095 130845699483456 train.py:227] Step #43263: rate 0.000004, accuracy 92.58%, cross entropy 0.662766
I0305 02:19:56.032542 130845699483456 train.py:227] Step #43264: rate 0.000004, accuracy 91.41%, cross entropy 0.762008
I0305 02:19:59.157812 130845699483456 train.py:227] Step #43265: rate 0.000004, accuracy 96.48%, cross entropy 0.616960
I0305 02:20:02.154923 130845699483456 train.py:227] Step #43266: rate 0.000004, accuracy 88.67%, cross entropy 0.766580
I0305 02:20:05.215066 130845699483456 train.py:227] Step #43267: rate 0.000004, accuracy 94.53%, cross entropy 0.637755
I0305 02:20:08.335434 130845699483456 train.py:227] Step #43268: rate 0.000004, accuracy 92.97%, cross entropy 0.712594
I0305 02:20:11.296889 130845699483456 train.py:227] Step #43269: rate 0.000004, accuracy 78.91%, cross entropy 1.029499
I0305 02:20:14.254089 130845699483456 train.py:227] Step #43270: rate 0.000004, accuracy 89.45%, cross entropy 0.744481
I0305 02:20:17.384452 130845699483456 train.py:227] Step #43271: rate 0.000004, accuracy 95.31%, cross entropy 0.646384
I0305 02:20:20.518878 130845699483456 train.py:227] Step #43272: rate 0.000004, accuracy 80.86%, cross entropy 0.891234
I0305 02:20:23.623432 130845699483456 train.py:227] Step #43273: rate 0.000004, accuracy 94.53%, cross entropy 0.633807
I0305 02:20:26.755119 130845699483456 train.py:227] Step #43274: rate 0.000004, accuracy 69.14%, cross entropy 1.283072
I0305 02:20:29.968236 130845699483456 train.py:227] Step #43275: rate 0.000004, accuracy 97.66%, cross entropy 0.586976
I0305 02:20:33.121217 130845699483456 train.py:227] Step #43276: rate 0.000004, accuracy 94.53%, cross entropy 0.655283
I0305 02:20:36.136244 130845699483456 train.py:227] Step #43277: rate 0.000004, accuracy 95.70%, cross entropy 0.641047
I0305 02:20:39.424591 130845699483456 train.py:227] Step #43278: rate 0.000004, accuracy 93.36%, cross entropy 0.662283
I0305 02:20:42.372455 130845699483456 train.py:227] Step #43279: rate 0.000004, accuracy 98.44%, cross entropy 0.586337
I0305 02:20:45.381021 130845699483456 train.py:227] Step #43280: rate 0.000004, accuracy 93.36%, cross entropy 0.670460
I0305 02:20:48.401129 130845699483456 train.py:227] Step #43281: rate 0.000004, accuracy 87.50%, cross entropy 0.833113
I0305 02:20:51.478614 130845699483456 train.py:227] Step #43282: rate 0.000004, accuracy 91.02%, cross entropy 0.701765
I0305 02:20:54.719406 130845699483456 train.py:227] Step #43283: rate 0.000004, accuracy 87.11%, cross entropy 0.829268
I0305 02:20:57.830580 130845699483456 train.py:227] Step #43284: rate 0.000004, accuracy 91.02%, cross entropy 0.722813
I0305 02:21:00.821729 130845699483456 train.py:227] Step #43285: rate 0.000004, accuracy 94.14%, cross entropy 0.645029
I0305 02:21:03.981796 130845699483456 train.py:227] Step #43286: rate 0.000004, accuracy 96.48%, cross entropy 0.609324
I0305 02:21:07.042775 130845699483456 train.py:227] Step #43287: rate 0.000004, accuracy 92.19%, cross entropy 0.694113
I0305 02:21:10.039215 130845699483456 train.py:227] Step #43288: rate 0.000004, accuracy 77.34%, cross entropy 0.992504
I0305 02:21:13.045074 130845699483456 train.py:227] Step #43289: rate 0.000004, accuracy 87.89%, cross entropy 0.800331
I0305 02:21:16.172591 130845699483456 train.py:227] Step #43290: rate 0.000004, accuracy 94.53%, cross entropy 0.675075
I0305 02:21:19.299069 130845699483456 train.py:227] Step #43291: rate 0.000004, accuracy 89.84%, cross entropy 0.788900
I0305 02:21:22.369381 130845699483456 train.py:227] Step #43292: rate 0.000004, accuracy 94.53%, cross entropy 0.641482
I0305 02:21:25.482385 130845699483456 train.py:227] Step #43293: rate 0.000004, accuracy 82.03%, cross entropy 0.957070
I0305 02:21:28.689061 130845699483456 train.py:227] Step #43294: rate 0.000004, accuracy 95.31%, cross entropy 0.641124
I0305 02:21:31.759441 130845699483456 train.py:227] Step #43295: rate 0.000004, accuracy 89.06%, cross entropy 0.759770
I0305 02:21:34.811138 130845699483456 train.py:227] Step #43296: rate 0.000004, accuracy 94.53%, cross entropy 0.652207
I0305 02:21:37.869866 130845699483456 train.py:227] Step #43297: rate 0.000004, accuracy 94.14%, cross entropy 0.661773
I0305 02:21:40.893548 130845699483456 train.py:227] Step #43298: rate 0.000004, accuracy 88.28%, cross entropy 0.812934
I0305 02:21:43.933827 130845699483456 train.py:227] Step #43299: rate 0.000004, accuracy 90.23%, cross entropy 0.721312
I0305 02:21:46.853754 130845699483456 train.py:227] Step #43300: rate 0.000004, accuracy 97.27%, cross entropy 0.595338
I0305 02:21:49.879788 130845699483456 train.py:227] Step #43301: rate 0.000004, accuracy 84.38%, cross entropy 0.875688
I0305 02:21:52.750904 130845699483456 train.py:227] Step #43302: rate 0.000004, accuracy 94.92%, cross entropy 0.631826
I0305 02:21:55.798117 130845699483456 train.py:227] Step #43303: rate 0.000004, accuracy 96.88%, cross entropy 0.619995
I0305 02:21:58.915849 130845699483456 train.py:227] Step #43304: rate 0.000004, accuracy 86.33%, cross entropy 0.868112
I0305 02:22:02.095615 130845699483456 train.py:227] Step #43305: rate 0.000004, accuracy 94.14%, cross entropy 0.638989
I0305 02:22:05.190211 130845699483456 train.py:227] Step #43306: rate 0.000004, accuracy 93.36%, cross entropy 0.662358
I0305 02:22:08.292313 130845699483456 train.py:227] Step #43307: rate 0.000004, accuracy 86.72%, cross entropy 0.829824
I0305 02:22:11.338251 130845699483456 train.py:227] Step #43308: rate 0.000004, accuracy 82.42%, cross entropy 0.951151
I0305 02:22:14.395943 130845699483456 train.py:227] Step #43309: rate 0.000004, accuracy 91.80%, cross entropy 0.720218
I0305 02:22:17.355998 130845699483456 train.py:227] Step #43310: rate 0.000004, accuracy 92.58%, cross entropy 0.715181
I0305 02:22:20.205906 130845699483456 train.py:227] Step #43311: rate 0.000004, accuracy 90.23%, cross entropy 0.753857
I0305 02:22:23.213404 130845699483456 train.py:227] Step #43312: rate 0.000004, accuracy 84.77%, cross entropy 0.853760
I0305 02:22:26.296367 130845699483456 train.py:227] Step #43313: rate 0.000004, accuracy 92.19%, cross entropy 0.703851
I0305 02:22:29.329436 130845699483456 train.py:227] Step #43314: rate 0.000004, accuracy 82.03%, cross entropy 0.954330
I0305 02:22:32.317652 130845699483456 train.py:227] Step #43315: rate 0.000004, accuracy 78.91%, cross entropy 1.028306
I0305 02:22:35.334241 130845699483456 train.py:227] Step #43316: rate 0.000004, accuracy 96.48%, cross entropy 0.606423
I0305 02:22:38.411079 130845699483456 train.py:227] Step #43317: rate 0.000004, accuracy 89.45%, cross entropy 0.776873
I0305 02:22:41.392866 130845699483456 train.py:227] Step #43318: rate 0.000004, accuracy 93.36%, cross entropy 0.680602
I0305 02:22:44.348611 130845699483456 train.py:227] Step #43319: rate 0.000004, accuracy 92.97%, cross entropy 0.691273
I0305 02:22:47.468774 130845699483456 train.py:227] Step #43320: rate 0.000004, accuracy 97.27%, cross entropy 0.608713
I0305 02:22:50.384541 130845699483456 train.py:227] Step #43321: rate 0.000004, accuracy 94.92%, cross entropy 0.626413
I0305 02:22:53.566752 130845699483456 train.py:227] Step #43322: rate 0.000004, accuracy 84.77%, cross entropy 0.892549
I0305 02:22:56.787398 130845699483456 train.py:227] Step #43323: rate 0.000004, accuracy 96.09%, cross entropy 0.618917
I0305 02:22:59.669907 130845699483456 train.py:227] Step #43324: rate 0.000004, accuracy 84.77%, cross entropy 0.917881
I0305 02:23:02.641479 130845699483456 train.py:227] Step #43325: rate 0.000004, accuracy 90.62%, cross entropy 0.746402
I0305 02:23:05.795204 130845699483456 train.py:227] Step #43326: rate 0.000004, accuracy 96.48%, cross entropy 0.599440
I0305 02:23:08.767025 130845699483456 train.py:227] Step #43327: rate 0.000004, accuracy 96.09%, cross entropy 0.621114
I0305 02:23:11.867952 130845699483456 train.py:227] Step #43328: rate 0.000004, accuracy 93.75%, cross entropy 0.689925
I0305 02:23:14.865393 130845699483456 train.py:227] Step #43329: rate 0.000004, accuracy 86.33%, cross entropy 0.834080
I0305 02:23:17.767007 130845699483456 train.py:227] Step #43330: rate 0.000004, accuracy 95.31%, cross entropy 0.628554
I0305 02:23:20.859110 130845699483456 train.py:227] Step #43331: rate 0.000004, accuracy 84.38%, cross entropy 0.825540
I0305 02:23:23.735898 130845699483456 train.py:227] Step #43332: rate 0.000004, accuracy 98.05%, cross entropy 0.588009
I0305 02:23:26.676172 130845699483456 train.py:227] Step #43333: rate 0.000004, accuracy 91.02%, cross entropy 0.723318
I0305 02:23:29.508377 130845699483456 train.py:227] Step #43334: rate 0.000004, accuracy 92.19%, cross entropy 0.713133
I0305 02:23:32.738917 130845699483456 train.py:227] Step #43335: rate 0.000004, accuracy 78.12%, cross entropy 1.003904
I0305 02:23:35.837285 130845699483456 train.py:227] Step #43336: rate 0.000004, accuracy 90.23%, cross entropy 0.729967
I0305 02:23:38.807886 130845699483456 train.py:227] Step #43337: rate 0.000003, accuracy 84.38%, cross entropy 0.866540
I0305 02:23:41.858296 130845699483456 train.py:227] Step #43338: rate 0.000003, accuracy 76.17%, cross entropy 1.044448
I0305 02:23:44.930665 130845699483456 train.py:227] Step #43339: rate 0.000003, accuracy 92.97%, cross entropy 0.692737
I0305 02:23:47.899300 130845699483456 train.py:227] Step #43340: rate 0.000003, accuracy 90.23%, cross entropy 0.740469
I0305 02:23:50.847127 130845699483456 train.py:227] Step #43341: rate 0.000003, accuracy 97.27%, cross entropy 0.570058
I0305 02:23:53.874737 130845699483456 train.py:227] Step #43342: rate 0.000003, accuracy 90.23%, cross entropy 0.773531
I0305 02:23:57.178651 130845699483456 train.py:227] Step #43343: rate 0.000003, accuracy 89.45%, cross entropy 0.765549
I0305 02:24:00.107946 130845699483456 train.py:227] Step #43344: rate 0.000003, accuracy 96.88%, cross entropy 0.602043
I0305 02:24:25.539252 130845699483456 train.py:280] Step 43344: Validation accuracy = 97.27% (N=4352)
I0305 02:24:26.492161 130845699483456 train.py:289] Saved best checkpoint to /home/yandex/APDL2526a/rashkovits/keyword-transformer/models_data_v2_12_labels/kwt1_baseline/best_weights.ckpt
I0305 02:24:26.492556 130845699483456 train.py:290] So far the best validation accuracy is 97.27%
I0305 02:24:29.685647 130845699483456 train.py:227] Step #43345: rate 0.000003, accuracy 96.09%, cross entropy 0.612253
I0305 02:24:32.890579 130845699483456 train.py:227] Step #43346: rate 0.000003, accuracy 92.58%, cross entropy 0.668519
I0305 02:24:36.009477 130845699483456 train.py:227] Step #43347: rate 0.000003, accuracy 60.55%, cross entropy 1.390780
I0305 02:24:39.168701 130845699483456 train.py:227] Step #43348: rate 0.000003, accuracy 85.16%, cross entropy 0.893820
I0305 02:24:42.483984 130845699483456 train.py:227] Step #43349: rate 0.000003, accuracy 71.88%, cross entropy 1.107601
I0305 02:24:45.545885 130845699483456 train.py:227] Step #43350: rate 0.000003, accuracy 77.73%, cross entropy 1.023152
I0305 02:24:48.499692 130845699483456 train.py:227] Step #43351: rate 0.000003, accuracy 78.12%, cross entropy 0.997658
I0305 02:24:51.466670 130845699483456 train.py:227] Step #43352: rate 0.000003, accuracy 96.48%, cross entropy 0.618302
I0305 02:24:54.615962 130845699483456 train.py:227] Step #43353: rate 0.000003, accuracy 96.09%, cross entropy 0.604459
I0305 02:24:57.584047 130845699483456 train.py:227] Step #43354: rate 0.000003, accuracy 89.45%, cross entropy 0.720919
I0305 02:25:00.630022 130845699483456 train.py:227] Step #43355: rate 0.000003, accuracy 79.30%, cross entropy 0.979553
I0305 02:25:03.622356 130845699483456 train.py:227] Step #43356: rate 0.000003, accuracy 96.88%, cross entropy 0.605538
I0305 02:25:06.678144 130845699483456 train.py:227] Step #43357: rate 0.000003, accuracy 82.81%, cross entropy 0.944087
I0305 02:25:09.678314 130845699483456 train.py:227] Step #43358: rate 0.000003, accuracy 97.27%, cross entropy 0.598857
I0305 02:25:12.722312 130845699483456 train.py:227] Step #43359: rate 0.000003, accuracy 83.20%, cross entropy 0.918768
I0305 02:25:15.740575 130845699483456 train.py:227] Step #43360: rate 0.000003, accuracy 93.36%, cross entropy 0.667572
I0305 02:25:18.650277 130845699483456 train.py:227] Step #43361: rate 0.000003, accuracy 75.39%, cross entropy 1.040770
I0305 02:25:21.504697 130845699483456 train.py:227] Step #43362: rate 0.000003, accuracy 89.45%, cross entropy 0.729350
I0305 02:25:24.430250 130845699483456 train.py:227] Step #43363: rate 0.000003, accuracy 90.23%, cross entropy 0.747242
I0305 02:25:27.532605 130845699483456 train.py:227] Step #43364: rate 0.000003, accuracy 83.59%, cross entropy 0.843261
I0305 02:25:30.587443 130845699483456 train.py:227] Step #43365: rate 0.000003, accuracy 93.36%, cross entropy 0.651120
I0305 02:25:33.560240 130845699483456 train.py:227] Step #43366: rate 0.000003, accuracy 92.19%, cross entropy 0.712973
I0305 02:25:36.349845 130845699483456 train.py:227] Step #43367: rate 0.000003, accuracy 92.19%, cross entropy 0.671602
I0305 02:25:39.382135 130845699483456 train.py:227] Step #43368: rate 0.000003, accuracy 92.58%, cross entropy 0.737219
I0305 02:25:42.411895 130845699483456 train.py:227] Step #43369: rate 0.000003, accuracy 92.19%, cross entropy 0.706885
I0305 02:25:45.378813 130845699483456 train.py:227] Step #43370: rate 0.000003, accuracy 92.97%, cross entropy 0.702670
I0305 02:25:48.338066 130845699483456 train.py:227] Step #43371: rate 0.000003, accuracy 89.84%, cross entropy 0.745317
I0305 02:25:51.250141 130845699483456 train.py:227] Step #43372: rate 0.000003, accuracy 93.75%, cross entropy 0.680018
I0305 02:25:54.466626 130845699483456 train.py:227] Step #43373: rate 0.000003, accuracy 86.72%, cross entropy 0.838632
I0305 02:25:57.384511 130845699483456 train.py:227] Step #43374: rate 0.000003, accuracy 80.47%, cross entropy 0.947408
I0305 02:26:00.495578 130845699483456 train.py:227] Step #43375: rate 0.000003, accuracy 86.72%, cross entropy 0.772988
I0305 02:26:03.672073 130845699483456 train.py:227] Step #43376: rate 0.000003, accuracy 90.23%, cross entropy 0.721713
I0305 02:26:06.692637 130845699483456 train.py:227] Step #43377: rate 0.000003, accuracy 97.66%, cross entropy 0.582986
I0305 02:26:09.809647 130845699483456 train.py:227] Step #43378: rate 0.000003, accuracy 80.86%, cross entropy 0.951627
I0305 02:26:12.802304 130845699483456 train.py:227] Step #43379: rate 0.000003, accuracy 88.28%, cross entropy 0.768854
I0305 02:26:15.831166 130845699483456 train.py:227] Step #43380: rate 0.000003, accuracy 94.53%, cross entropy 0.640361
I0305 02:26:18.706370 130845699483456 train.py:227] Step #43381: rate 0.000003, accuracy 92.97%, cross entropy 0.682129
I0305 02:26:21.623129 130845699483456 train.py:227] Step #43382: rate 0.000003, accuracy 86.72%, cross entropy 0.878522
I0305 02:26:24.682824 130845699483456 train.py:227] Step #43383: rate 0.000003, accuracy 78.12%, cross entropy 1.021598
I0305 02:26:27.766202 130845699483456 train.py:227] Step #43384: rate 0.000003, accuracy 76.17%, cross entropy 1.001034
I0305 02:26:30.856477 130845699483456 train.py:227] Step #43385: rate 0.000003, accuracy 81.25%, cross entropy 0.983457
I0305 02:26:33.789466 130845699483456 train.py:227] Step #43386: rate 0.000003, accuracy 92.97%, cross entropy 0.678503
I0305 02:26:36.948884 130845699483456 train.py:227] Step #43387: rate 0.000003, accuracy 96.09%, cross entropy 0.625893
I0305 02:26:40.169333 130845699483456 train.py:227] Step #43388: rate 0.000003, accuracy 92.19%, cross entropy 0.665958
I0305 02:26:43.203329 130845699483456 train.py:227] Step #43389: rate 0.000003, accuracy 86.72%, cross entropy 0.800732
I0305 02:26:46.249809 130845699483456 train.py:227] Step #43390: rate 0.000003, accuracy 92.19%, cross entropy 0.706252
I0305 02:26:49.185821 130845699483456 train.py:227] Step #43391: rate 0.000003, accuracy 94.53%, cross entropy 0.641168
I0305 02:26:52.382591 130845699483456 train.py:227] Step #43392: rate 0.000003, accuracy 94.92%, cross entropy 0.631858
I0305 02:26:55.455370 130845699483456 train.py:227] Step #43393: rate 0.000003, accuracy 88.67%, cross entropy 0.760490
I0305 02:26:58.484256 130845699483456 train.py:227] Step #43394: rate 0.000003, accuracy 82.81%, cross entropy 0.908260
I0305 02:27:01.482815 130845699483456 train.py:227] Step #43395: rate 0.000003, accuracy 96.09%, cross entropy 0.630738
I0305 02:27:04.635305 130845699483456 train.py:227] Step #43396: rate 0.000003, accuracy 82.81%, cross entropy 0.869873
I0305 02:27:07.552972 130845699483456 train.py:227] Step #43397: rate 0.000003, accuracy 91.80%, cross entropy 0.717097
I0305 02:27:10.618216 130845699483456 train.py:227] Step #43398: rate 0.000003, accuracy 85.94%, cross entropy 0.876734
I0305 02:27:13.596260 130845699483456 train.py:227] Step #43399: rate 0.000003, accuracy 96.48%, cross entropy 0.612103
I0305 02:27:16.595005 130845699483456 train.py:227] Step #43400: rate 0.000003, accuracy 91.02%, cross entropy 0.722015
I0305 02:27:19.623705 130845699483456 train.py:227] Step #43401: rate 0.000003, accuracy 73.44%, cross entropy 1.228065
I0305 02:27:22.557235 130845699483456 train.py:227] Step #43402: rate 0.000003, accuracy 95.70%, cross entropy 0.620025
I0305 02:27:25.756919 130845699483456 train.py:227] Step #43403: rate 0.000003, accuracy 90.62%, cross entropy 0.711406
I0305 02:27:28.863442 130845699483456 train.py:227] Step #43404: rate 0.000003, accuracy 96.88%, cross entropy 0.599843
I0305 02:27:31.957554 130845699483456 train.py:227] Step #43405: rate 0.000003, accuracy 94.14%, cross entropy 0.690275
I0305 02:27:34.783400 130845699483456 train.py:227] Step #43406: rate 0.000003, accuracy 92.97%, cross entropy 0.666156
I0305 02:27:37.722921 130845699483456 train.py:227] Step #43407: rate 0.000003, accuracy 94.53%, cross entropy 0.661255
I0305 02:27:40.661621 130845699483456 train.py:227] Step #43408: rate 0.000003, accuracy 96.48%, cross entropy 0.621023
I0305 02:27:43.646784 130845699483456 train.py:227] Step #43409: rate 0.000003, accuracy 87.11%, cross entropy 0.800931
I0305 02:27:46.640811 130845699483456 train.py:227] Step #43410: rate 0.000003, accuracy 87.89%, cross entropy 0.752671
I0305 02:27:49.478234 130845699483456 train.py:227] Step #43411: rate 0.000003, accuracy 91.41%, cross entropy 0.718302
I0305 02:27:52.746995 130845699483456 train.py:227] Step #43412: rate 0.000003, accuracy 95.31%, cross entropy 0.630597
I0305 02:27:55.642564 130845699483456 train.py:227] Step #43413: rate 0.000003, accuracy 96.48%, cross entropy 0.615163
I0305 02:27:58.506708 130845699483456 train.py:227] Step #43414: rate 0.000003, accuracy 76.17%, cross entropy 1.108590
I0305 02:28:01.399513 130845699483456 train.py:227] Step #43415: rate 0.000003, accuracy 98.05%, cross entropy 0.585400
I0305 02:28:04.383520 130845699483456 train.py:227] Step #43416: rate 0.000003, accuracy 93.75%, cross entropy 0.666880
I0305 02:28:07.393037 130845699483456 train.py:227] Step #43417: rate 0.000003, accuracy 95.31%, cross entropy 0.631315
I0305 02:28:10.246586 130845699483456 train.py:227] Step #43418: rate 0.000003, accuracy 92.58%, cross entropy 0.697047
I0305 02:28:13.349539 130845699483456 train.py:227] Step #43419: rate 0.000003, accuracy 94.92%, cross entropy 0.642236
I0305 02:28:16.341988 130845699483456 train.py:227] Step #43420: rate 0.000003, accuracy 92.58%, cross entropy 0.725169
I0305 02:28:19.282930 130845699483456 train.py:227] Step #43421: rate 0.000003, accuracy 87.11%, cross entropy 0.814697
I0305 02:28:22.362144 130845699483456 train.py:227] Step #43422: rate 0.000003, accuracy 90.62%, cross entropy 0.743118
I0305 02:28:25.348662 130845699483456 train.py:227] Step #43423: rate 0.000003, accuracy 89.06%, cross entropy 0.795212
I0305 02:28:28.337518 130845699483456 train.py:227] Step #43424: rate 0.000003, accuracy 96.09%, cross entropy 0.622880
I0305 02:28:31.274946 130845699483456 train.py:227] Step #43425: rate 0.000003, accuracy 89.06%, cross entropy 0.740691
I0305 02:28:34.196011 130845699483456 train.py:227] Step #43426: rate 0.000003, accuracy 86.33%, cross entropy 0.804461
I0305 02:28:37.153995 130845699483456 train.py:227] Step #43427: rate 0.000003, accuracy 85.16%, cross entropy 0.843841
I0305 02:28:40.127215 130845699483456 train.py:227] Step #43428: rate 0.000003, accuracy 90.23%, cross entropy 0.731284
I0305 02:28:42.994866 130845699483456 train.py:227] Step #43429: rate 0.000003, accuracy 94.14%, cross entropy 0.638830
I0305 02:28:45.887392 130845699483456 train.py:227] Step #43430: rate 0.000003, accuracy 86.72%, cross entropy 0.809631
I0305 02:28:48.814855 130845699483456 train.py:227] Step #43431: rate 0.000003, accuracy 90.23%, cross entropy 0.727577
I0305 02:28:51.912799 130845699483456 train.py:227] Step #43432: rate 0.000003, accuracy 91.02%, cross entropy 0.728932
I0305 02:28:54.836353 130845699483456 train.py:227] Step #43433: rate 0.000003, accuracy 89.06%, cross entropy 0.752337
I0305 02:28:57.834110 130845699483456 train.py:227] Step #43434: rate 0.000003, accuracy 75.39%, cross entropy 1.077044
I0305 02:29:00.895843 130845699483456 train.py:227] Step #43435: rate 0.000003, accuracy 94.92%, cross entropy 0.656439
I0305 02:29:04.104928 130845699483456 train.py:227] Step #43436: rate 0.000003, accuracy 90.62%, cross entropy 0.734612
I0305 02:29:07.079630 130845699483456 train.py:227] Step #43437: rate 0.000003, accuracy 82.42%, cross entropy 0.911612
I0305 02:29:10.175553 130845699483456 train.py:227] Step #43438: rate 0.000003, accuracy 94.53%, cross entropy 0.679039
I0305 02:29:13.320384 130845699483456 train.py:227] Step #43439: rate 0.000003, accuracy 94.92%, cross entropy 0.646145
I0305 02:29:16.288690 130845699483456 train.py:227] Step #43440: rate 0.000003, accuracy 86.72%, cross entropy 0.798546
I0305 02:29:19.363299 130845699483456 train.py:227] Step #43441: rate 0.000003, accuracy 78.12%, cross entropy 0.999747
I0305 02:29:22.454449 130845699483456 train.py:227] Step #43442: rate 0.000003, accuracy 87.89%, cross entropy 0.803680
I0305 02:29:25.639280 130845699483456 train.py:227] Step #43443: rate 0.000003, accuracy 87.50%, cross entropy 0.829601
I0305 02:29:28.554520 130845699483456 train.py:227] Step #43444: rate 0.000003, accuracy 94.53%, cross entropy 0.660057
I0305 02:29:31.633181 130845699483456 train.py:227] Step #43445: rate 0.000003, accuracy 96.09%, cross entropy 0.635853
I0305 02:29:34.586793 130845699483456 train.py:227] Step #43446: rate 0.000003, accuracy 92.19%, cross entropy 0.763157
I0305 02:29:37.540959 130845699483456 train.py:227] Step #43447: rate 0.000003, accuracy 95.70%, cross entropy 0.628190
I0305 02:29:40.612589 130845699483456 train.py:227] Step #43448: rate 0.000003, accuracy 96.88%, cross entropy 0.613947
I0305 02:29:43.681767 130845699483456 train.py:227] Step #43449: rate 0.000003, accuracy 89.45%, cross entropy 0.769788
I0305 02:29:46.634478 130845699483456 train.py:227] Step #43450: rate 0.000003, accuracy 93.36%, cross entropy 0.673100
I0305 02:29:49.589595 130845699483456 train.py:227] Step #43451: rate 0.000003, accuracy 83.98%, cross entropy 0.856917
I0305 02:29:52.459429 130845699483456 train.py:227] Step #43452: rate 0.000003, accuracy 90.23%, cross entropy 0.730651
I0305 02:29:55.517881 130845699483456 train.py:227] Step #43453: rate 0.000003, accuracy 95.70%, cross entropy 0.651601
I0305 02:29:58.527906 130845699483456 train.py:227] Step #43454: rate 0.000003, accuracy 95.70%, cross entropy 0.637341
I0305 02:30:01.701705 130845699483456 train.py:227] Step #43455: rate 0.000003, accuracy 93.36%, cross entropy 0.657559
I0305 02:30:04.707888 130845699483456 train.py:227] Step #43456: rate 0.000003, accuracy 92.58%, cross entropy 0.675724
I0305 02:30:07.590149 130845699483456 train.py:227] Step #43457: rate 0.000003, accuracy 92.97%, cross entropy 0.687053
I0305 02:30:10.591462 130845699483456 train.py:227] Step #43458: rate 0.000003, accuracy 82.03%, cross entropy 0.912220
I0305 02:30:13.495059 130845699483456 train.py:227] Step #43459: rate 0.000003, accuracy 94.53%, cross entropy 0.654861
I0305 02:30:16.548280 130845699483456 train.py:227] Step #43460: rate 0.000003, accuracy 94.14%, cross entropy 0.692070
I0305 02:30:19.537587 130845699483456 train.py:227] Step #43461: rate 0.000003, accuracy 91.80%, cross entropy 0.707587
I0305 02:30:22.525662 130845699483456 train.py:227] Step #43462: rate 0.000003, accuracy 86.33%, cross entropy 0.823780
I0305 02:30:25.681833 130845699483456 train.py:227] Step #43463: rate 0.000003, accuracy 84.77%, cross entropy 0.875050
I0305 02:30:28.740935 130845699483456 train.py:227] Step #43464: rate 0.000003, accuracy 95.31%, cross entropy 0.614511
I0305 02:30:31.557795 130845699483456 train.py:227] Step #43465: rate 0.000003, accuracy 92.19%, cross entropy 0.697168
I0305 02:30:34.541654 130845699483456 train.py:227] Step #43466: rate 0.000003, accuracy 82.42%, cross entropy 0.929991
I0305 02:30:37.613952 130845699483456 train.py:227] Step #43467: rate 0.000003, accuracy 85.94%, cross entropy 0.899417
I0305 02:30:40.616138 130845699483456 train.py:227] Step #43468: rate 0.000003, accuracy 95.70%, cross entropy 0.619285
I0305 02:30:43.625986 130845699483456 train.py:227] Step #43469: rate 0.000003, accuracy 90.62%, cross entropy 0.741853
I0305 02:30:46.739218 130845699483456 train.py:227] Step #43470: rate 0.000003, accuracy 92.97%, cross entropy 0.672947
I0305 02:30:49.595355 130845699483456 train.py:227] Step #43471: rate 0.000003, accuracy 83.59%, cross entropy 0.905578
I0305 02:30:52.657893 130845699483456 train.py:227] Step #43472: rate 0.000003, accuracy 78.12%, cross entropy 1.054673
I0305 02:30:55.734748 130845699483456 train.py:227] Step #43473: rate 0.000003, accuracy 93.75%, cross entropy 0.698003
I0305 02:30:58.841562 130845699483456 train.py:227] Step #43474: rate 0.000003, accuracy 96.88%, cross entropy 0.616321
I0305 02:31:01.936245 130845699483456 train.py:227] Step #43475: rate 0.000003, accuracy 92.19%, cross entropy 0.699917
I0305 02:31:05.027640 130845699483456 train.py:227] Step #43476: rate 0.000003, accuracy 78.91%, cross entropy 0.976898
I0305 02:31:07.927519 130845699483456 train.py:227] Step #43477: rate 0.000003, accuracy 91.02%, cross entropy 0.739316
I0305 02:31:10.999620 130845699483456 train.py:227] Step #43478: rate 0.000003, accuracy 80.86%, cross entropy 0.934105
I0305 02:31:13.916227 130845699483456 train.py:227] Step #43479: rate 0.000003, accuracy 91.02%, cross entropy 0.751655
I0305 02:31:16.809354 130845699483456 train.py:227] Step #43480: rate 0.000003, accuracy 86.72%, cross entropy 0.853057
I0305 02:31:19.814171 130845699483456 train.py:227] Step #43481: rate 0.000003, accuracy 87.50%, cross entropy 0.840045
I0305 02:31:22.808741 130845699483456 train.py:227] Step #43482: rate 0.000003, accuracy 95.70%, cross entropy 0.590148
I0305 02:31:25.818291 130845699483456 train.py:227] Step #43483: rate 0.000003, accuracy 87.89%, cross entropy 0.804604
I0305 02:31:28.840185 130845699483456 train.py:227] Step #43484: rate 0.000003, accuracy 89.06%, cross entropy 0.738900
I0305 02:31:31.853505 130845699483456 train.py:227] Step #43485: rate 0.000003, accuracy 93.36%, cross entropy 0.635172
I0305 02:31:34.849217 130845699483456 train.py:227] Step #43486: rate 0.000003, accuracy 94.53%, cross entropy 0.664828
I0305 02:31:37.820539 130845699483456 train.py:227] Step #43487: rate 0.000003, accuracy 88.67%, cross entropy 0.829508
I0305 02:31:40.861694 130845699483456 train.py:227] Step #43488: rate 0.000003, accuracy 93.75%, cross entropy 0.655046
I0305 02:32:06.424424 130845699483456 train.py:280] Step 43488: Validation accuracy = 97.29% (N=4352)
I0305 02:32:07.381833 130845699483456 train.py:289] Saved best checkpoint to /home/yandex/APDL2526a/rashkovits/keyword-transformer/models_data_v2_12_labels/kwt1_baseline/best_weights.ckpt
I0305 02:32:07.382375 130845699483456 train.py:290] So far the best validation accuracy is 97.29%
I0305 02:32:10.597802 130845699483456 train.py:227] Step #43489: rate 0.000003, accuracy 95.70%, cross entropy 0.635621
I0305 02:32:13.748904 130845699483456 train.py:227] Step #43490: rate 0.000003, accuracy 87.50%, cross entropy 0.799016
I0305 02:32:16.911592 130845699483456 train.py:227] Step #43491: rate 0.000003, accuracy 96.48%, cross entropy 0.603292
I0305 02:32:20.087888 130845699483456 train.py:227] Step #43492: rate 0.000003, accuracy 94.14%, cross entropy 0.655312
I0305 02:32:23.313605 130845699483456 train.py:227] Step #43493: rate 0.000003, accuracy 87.11%, cross entropy 0.851953
I0305 02:32:26.438601 130845699483456 train.py:227] Step #43494: rate 0.000003, accuracy 91.41%, cross entropy 0.707441
I0305 02:32:29.599098 130845699483456 train.py:227] Step #43495: rate 0.000003, accuracy 83.98%, cross entropy 0.891682
I0305 02:32:32.700886 130845699483456 train.py:227] Step #43496: rate 0.000003, accuracy 94.92%, cross entropy 0.649032
I0305 02:32:35.699358 130845699483456 train.py:227] Step #43497: rate 0.000003, accuracy 93.36%, cross entropy 0.697398
I0305 02:32:38.632504 130845699483456 train.py:227] Step #43498: rate 0.000003, accuracy 84.77%, cross entropy 0.865306
I0305 02:32:41.601576 130845699483456 train.py:227] Step #43499: rate 0.000003, accuracy 95.70%, cross entropy 0.647760
I0305 02:32:44.585449 130845699483456 train.py:227] Step #43500: rate 0.000003, accuracy 92.58%, cross entropy 0.674856
I0305 02:32:47.619264 130845699483456 train.py:227] Step #43501: rate 0.000003, accuracy 96.88%, cross entropy 0.628050
I0305 02:32:50.629987 130845699483456 train.py:227] Step #43502: rate 0.000003, accuracy 96.09%, cross entropy 0.617589
I0305 02:32:53.545156 130845699483456 train.py:227] Step #43503: rate 0.000003, accuracy 95.70%, cross entropy 0.624390
I0305 02:32:56.522726 130845699483456 train.py:227] Step #43504: rate 0.000003, accuracy 75.00%, cross entropy 1.077232
I0305 02:32:59.517729 130845699483456 train.py:227] Step #43505: rate 0.000003, accuracy 92.58%, cross entropy 0.731628
I0305 02:33:02.595787 130845699483456 train.py:227] Step #43506: rate 0.000003, accuracy 98.83%, cross entropy 0.565281
I0305 02:33:05.506005 130845699483456 train.py:227] Step #43507: rate 0.000003, accuracy 83.98%, cross entropy 0.881161
I0305 02:33:08.640472 130845699483456 train.py:227] Step #43508: rate 0.000003, accuracy 92.19%, cross entropy 0.709159
I0305 02:33:11.473495 130845699483456 train.py:227] Step #43509: rate 0.000003, accuracy 91.02%, cross entropy 0.741485
I0305 02:33:14.274219 130845699483456 train.py:227] Step #43510: rate 0.000003, accuracy 91.02%, cross entropy 0.705304
I0305 02:33:17.101824 130845699483456 train.py:227] Step #43511: rate 0.000003, accuracy 88.67%, cross entropy 0.804403
I0305 02:33:20.081284 130845699483456 train.py:227] Step #43512: rate 0.000003, accuracy 79.69%, cross entropy 0.986374
I0305 02:33:23.168052 130845699483456 train.py:227] Step #43513: rate 0.000003, accuracy 81.64%, cross entropy 0.919569
I0305 02:33:26.121181 130845699483456 train.py:227] Step #43514: rate 0.000003, accuracy 78.91%, cross entropy 1.037291
I0305 02:33:29.116080 130845699483456 train.py:227] Step #43515: rate 0.000003, accuracy 92.97%, cross entropy 0.695851
I0305 02:33:32.178035 130845699483456 train.py:227] Step #43516: rate 0.000003, accuracy 96.09%, cross entropy 0.609947
I0305 02:33:35.089019 130845699483456 train.py:227] Step #43517: rate 0.000003, accuracy 91.02%, cross entropy 0.737517
I0305 02:33:38.083750 130845699483456 train.py:227] Step #43518: rate 0.000003, accuracy 94.92%, cross entropy 0.642067
I0305 02:33:41.192974 130845699483456 train.py:227] Step #43519: rate 0.000003, accuracy 95.70%, cross entropy 0.624584
I0305 02:33:44.211230 130845699483456 train.py:227] Step #43520: rate 0.000003, accuracy 92.97%, cross entropy 0.700085
I0305 02:33:47.174992 130845699483456 train.py:227] Step #43521: rate 0.000003, accuracy 94.53%, cross entropy 0.664808
I0305 02:33:50.051729 130845699483456 train.py:227] Step #43522: rate 0.000003, accuracy 94.53%, cross entropy 0.652349
I0305 02:33:53.132367 130845699483456 train.py:227] Step #43523: rate 0.000003, accuracy 87.50%, cross entropy 0.824228
I0305 02:33:56.109280 130845699483456 train.py:227] Step #43524: rate 0.000003, accuracy 92.58%, cross entropy 0.696498
I0305 02:33:59.014396 130845699483456 train.py:227] Step #43525: rate 0.000003, accuracy 92.97%, cross entropy 0.679323
I0305 02:34:02.026027 130845699483456 train.py:227] Step #43526: rate 0.000003, accuracy 89.06%, cross entropy 0.747758
I0305 02:34:05.076174 130845699483456 train.py:227] Step #43527: rate 0.000003, accuracy 86.33%, cross entropy 0.856883
I0305 02:34:07.888994 130845699483456 train.py:227] Step #43528: rate 0.000003, accuracy 85.94%, cross entropy 0.844706
I0305 02:34:10.779998 130845699483456 train.py:227] Step #43529: rate 0.000003, accuracy 98.05%, cross entropy 0.593463
I0305 02:34:13.586737 130845699483456 train.py:227] Step #43530: rate 0.000003, accuracy 91.02%, cross entropy 0.691338
I0305 02:34:16.574172 130845699483456 train.py:227] Step #43531: rate 0.000003, accuracy 90.62%, cross entropy 0.712661
I0305 02:34:19.758354 130845699483456 train.py:227] Step #43532: rate 0.000003, accuracy 91.80%, cross entropy 0.704201
I0305 02:34:22.510496 130845699483456 train.py:227] Step #43533: rate 0.000003, accuracy 96.48%, cross entropy 0.609162
I0305 02:34:25.504592 130845699483456 train.py:227] Step #43534: rate 0.000003, accuracy 82.03%, cross entropy 0.872242
I0305 02:34:28.481923 130845699483456 train.py:227] Step #43535: rate 0.000003, accuracy 77.34%, cross entropy 0.981180
I0305 02:34:31.492702 130845699483456 train.py:227] Step #43536: rate 0.000003, accuracy 96.88%, cross entropy 0.622333
I0305 02:34:34.451768 130845699483456 train.py:227] Step #43537: rate 0.000003, accuracy 96.88%, cross entropy 0.618802
I0305 02:34:37.474513 130845699483456 train.py:227] Step #43538: rate 0.000003, accuracy 95.70%, cross entropy 0.642565
I0305 02:34:40.542133 130845699483456 train.py:227] Step #43539: rate 0.000003, accuracy 93.75%, cross entropy 0.674766
I0305 02:34:43.504595 130845699483456 train.py:227] Step #43540: rate 0.000003, accuracy 89.06%, cross entropy 0.777983
I0305 02:34:46.637676 130845699483456 train.py:227] Step #43541: rate 0.000003, accuracy 89.45%, cross entropy 0.762174
I0305 02:34:49.721814 130845699483456 train.py:227] Step #43542: rate 0.000003, accuracy 92.97%, cross entropy 0.677497
I0305 02:34:52.656146 130845699483456 train.py:227] Step #43543: rate 0.000003, accuracy 95.70%, cross entropy 0.629892
I0305 02:34:55.801712 130845699483456 train.py:227] Step #43544: rate 0.000003, accuracy 79.30%, cross entropy 1.047072
I0305 02:34:58.811380 130845699483456 train.py:227] Step #43545: rate 0.000003, accuracy 92.19%, cross entropy 0.698994
I0305 02:35:01.827398 130845699483456 train.py:227] Step #43546: rate 0.000003, accuracy 96.09%, cross entropy 0.611403
I0305 02:35:04.682031 130845699483456 train.py:227] Step #43547: rate 0.000003, accuracy 94.53%, cross entropy 0.637188
I0305 02:35:07.656048 130845699483456 train.py:227] Step #43548: rate 0.000003, accuracy 85.55%, cross entropy 0.869770
I0305 02:35:10.584521 130845699483456 train.py:227] Step #43549: rate 0.000003, accuracy 77.34%, cross entropy 1.033818
I0305 02:35:13.390749 130845699483456 train.py:227] Step #43550: rate 0.000003, accuracy 96.09%, cross entropy 0.627031
I0305 02:35:16.321211 130845699483456 train.py:227] Step #43551: rate 0.000003, accuracy 91.80%, cross entropy 0.690419
I0305 02:35:19.221860 130845699483456 train.py:227] Step #43552: rate 0.000003, accuracy 92.19%, cross entropy 0.697799
I0305 02:35:22.319347 130845699483456 train.py:227] Step #43553: rate 0.000003, accuracy 96.48%, cross entropy 0.608099
I0305 02:35:25.389430 130845699483456 train.py:227] Step #43554: rate 0.000003, accuracy 91.80%, cross entropy 0.703404
I0305 02:35:28.281812 130845699483456 train.py:227] Step #43555: rate 0.000003, accuracy 89.45%, cross entropy 0.776552
I0305 02:35:31.239912 130845699483456 train.py:227] Step #43556: rate 0.000003, accuracy 89.06%, cross entropy 0.761802
I0305 02:35:34.210959 130845699483456 train.py:227] Step #43557: rate 0.000003, accuracy 93.36%, cross entropy 0.694600
I0305 02:35:37.257572 130845699483456 train.py:227] Step #43558: rate 0.000003, accuracy 95.31%, cross entropy 0.632828
I0305 02:35:40.201900 130845699483456 train.py:227] Step #43559: rate 0.000003, accuracy 88.67%, cross entropy 0.770515
I0305 02:35:43.308522 130845699483456 train.py:227] Step #43560: rate 0.000003, accuracy 94.53%, cross entropy 0.663377
I0305 02:35:46.326324 130845699483456 train.py:227] Step #43561: rate 0.000003, accuracy 87.11%, cross entropy 0.814943
I0305 02:35:49.437038 130845699483456 train.py:227] Step #43562: rate 0.000003, accuracy 95.70%, cross entropy 0.654781
I0305 02:35:52.457003 130845699483456 train.py:227] Step #43563: rate 0.000003, accuracy 93.75%, cross entropy 0.679281
I0305 02:35:55.488478 130845699483456 train.py:227] Step #43564: rate 0.000003, accuracy 90.23%, cross entropy 0.748488
I0305 02:35:58.407217 130845699483456 train.py:227] Step #43565: rate 0.000003, accuracy 84.38%, cross entropy 0.957074
I0305 02:36:01.425639 130845699483456 train.py:227] Step #43566: rate 0.000003, accuracy 91.02%, cross entropy 0.717274
I0305 02:36:04.274264 130845699483456 train.py:227] Step #43567: rate 0.000003, accuracy 89.84%, cross entropy 0.762148
I0305 02:36:07.164621 130845699483456 train.py:227] Step #43568: rate 0.000003, accuracy 85.16%, cross entropy 0.846383
I0305 02:36:10.023824 130845699483456 train.py:227] Step #43569: rate 0.000003, accuracy 96.88%, cross entropy 0.596411
I0305 02:36:13.048097 130845699483456 train.py:227] Step #43570: rate 0.000003, accuracy 95.31%, cross entropy 0.631235
I0305 02:36:15.980534 130845699483456 train.py:227] Step #43571: rate 0.000003, accuracy 95.70%, cross entropy 0.649128
I0305 02:36:18.934776 130845699483456 train.py:227] Step #43572: rate 0.000003, accuracy 94.14%, cross entropy 0.657776
I0305 02:36:21.884726 130845699483456 train.py:227] Step #43573: rate 0.000003, accuracy 94.92%, cross entropy 0.684853
I0305 02:36:24.708554 130845699483456 train.py:227] Step #43574: rate 0.000003, accuracy 91.80%, cross entropy 0.709806
I0305 02:36:27.713234 130845699483456 train.py:227] Step #43575: rate 0.000003, accuracy 95.31%, cross entropy 0.624550
I0305 02:36:30.599350 130845699483456 train.py:227] Step #43576: rate 0.000003, accuracy 92.97%, cross entropy 0.674005
I0305 02:36:33.594484 130845699483456 train.py:227] Step #43577: rate 0.000003, accuracy 88.67%, cross entropy 0.790407
I0305 02:36:36.449297 130845699483456 train.py:227] Step #43578: rate 0.000003, accuracy 87.89%, cross entropy 0.801496
I0305 02:36:39.475594 130845699483456 train.py:227] Step #43579: rate 0.000003, accuracy 94.53%, cross entropy 0.666121
I0305 02:36:42.555006 130845699483456 train.py:227] Step #43580: rate 0.000003, accuracy 86.33%, cross entropy 0.850082
I0305 02:36:45.630217 130845699483456 train.py:227] Step #43581: rate 0.000003, accuracy 88.67%, cross entropy 0.764509
I0305 02:36:48.626384 130845699483456 train.py:227] Step #43582: rate 0.000003, accuracy 95.70%, cross entropy 0.619160
I0305 02:36:51.534995 130845699483456 train.py:227] Step #43583: rate 0.000003, accuracy 92.19%, cross entropy 0.713198
I0305 02:36:54.494318 130845699483456 train.py:227] Step #43584: rate 0.000003, accuracy 98.44%, cross entropy 0.579633
I0305 02:36:57.376055 130845699483456 train.py:227] Step #43585: rate 0.000003, accuracy 87.50%, cross entropy 0.780554
I0305 02:37:00.327791 130845699483456 train.py:227] Step #43586: rate 0.000003, accuracy 94.92%, cross entropy 0.643878
I0305 02:37:03.228317 130845699483456 train.py:227] Step #43587: rate 0.000003, accuracy 98.44%, cross entropy 0.579730
I0305 02:37:06.266377 130845699483456 train.py:227] Step #43588: rate 0.000003, accuracy 94.14%, cross entropy 0.662568
I0305 02:37:09.105396 130845699483456 train.py:227] Step #43589: rate 0.000003, accuracy 92.97%, cross entropy 0.690346
I0305 02:37:12.121856 130845699483456 train.py:227] Step #43590: rate 0.000003, accuracy 56.64%, cross entropy 1.552515
I0305 02:37:15.067385 130845699483456 train.py:227] Step #43591: rate 0.000003, accuracy 75.39%, cross entropy 1.085748
I0305 02:37:17.957371 130845699483456 train.py:227] Step #43592: rate 0.000003, accuracy 93.36%, cross entropy 0.656472
I0305 02:37:20.764094 130845699483456 train.py:227] Step #43593: rate 0.000003, accuracy 89.45%, cross entropy 0.790213
I0305 02:37:23.861262 130845699483456 train.py:227] Step #43594: rate 0.000003, accuracy 93.36%, cross entropy 0.675708
I0305 02:37:26.700683 130845699483456 train.py:227] Step #43595: rate 0.000003, accuracy 91.80%, cross entropy 0.714325
I0305 02:37:29.527290 130845699483456 train.py:227] Step #43596: rate 0.000003, accuracy 95.31%, cross entropy 0.618273
I0305 02:37:32.404760 130845699483456 train.py:227] Step #43597: rate 0.000003, accuracy 94.14%, cross entropy 0.662840
I0305 02:37:35.394598 130845699483456 train.py:227] Step #43598: rate 0.000003, accuracy 81.25%, cross entropy 0.907650
I0305 02:37:38.505653 130845699483456 train.py:227] Step #43599: rate 0.000003, accuracy 86.72%, cross entropy 0.849270
I0305 02:37:41.621939 130845699483456 train.py:227] Step #43600: rate 0.000003, accuracy 80.08%, cross entropy 0.928980
I0305 02:37:44.653328 130845699483456 train.py:227] Step #43601: rate 0.000003, accuracy 89.45%, cross entropy 0.761982
I0305 02:37:47.676982 130845699483456 train.py:227] Step #43602: rate 0.000003, accuracy 92.97%, cross entropy 0.695764
I0305 02:37:50.734593 130845699483456 train.py:227] Step #43603: rate 0.000003, accuracy 92.58%, cross entropy 0.698021
I0305 02:37:53.683557 130845699483456 train.py:227] Step #43604: rate 0.000003, accuracy 89.06%, cross entropy 0.796725
I0305 02:37:56.703554 130845699483456 train.py:227] Step #43605: rate 0.000003, accuracy 83.98%, cross entropy 0.894679
I0305 02:37:59.671143 130845699483456 train.py:227] Step #43606: rate 0.000003, accuracy 94.14%, cross entropy 0.682733
I0305 02:38:02.614564 130845699483456 train.py:227] Step #43607: rate 0.000003, accuracy 86.72%, cross entropy 0.813326
I0305 02:38:05.409646 130845699483456 train.py:227] Step #43608: rate 0.000003, accuracy 87.11%, cross entropy 0.806408
I0305 02:38:08.479434 130845699483456 train.py:227] Step #43609: rate 0.000003, accuracy 92.19%, cross entropy 0.736137
I0305 02:38:11.520043 130845699483456 train.py:227] Step #43610: rate 0.000003, accuracy 88.28%, cross entropy 0.837185
I0305 02:38:14.413269 130845699483456 train.py:227] Step #43611: rate 0.000003, accuracy 90.23%, cross entropy 0.766430
I0305 02:38:17.540266 130845699483456 train.py:227] Step #43612: rate 0.000003, accuracy 83.98%, cross entropy 0.889939
I0305 02:38:20.488939 130845699483456 train.py:227] Step #43613: rate 0.000003, accuracy 96.88%, cross entropy 0.638475
I0305 02:38:23.431308 130845699483456 train.py:227] Step #43614: rate 0.000003, accuracy 91.41%, cross entropy 0.714781
I0305 02:38:26.340125 130845699483456 train.py:227] Step #43615: rate 0.000003, accuracy 82.81%, cross entropy 0.913113
I0305 02:38:29.356389 130845699483456 train.py:227] Step #43616: rate 0.000003, accuracy 87.89%, cross entropy 0.788368
I0305 02:38:32.423394 130845699483456 train.py:227] Step #43617: rate 0.000003, accuracy 94.14%, cross entropy 0.673908
I0305 02:38:35.180824 130845699483456 train.py:227] Step #43618: rate 0.000003, accuracy 85.94%, cross entropy 0.856924
I0305 02:38:38.197625 130845699483456 train.py:227] Step #43619: rate 0.000003, accuracy 92.19%, cross entropy 0.718445
I0305 02:38:41.209983 130845699483456 train.py:227] Step #43620: rate 0.000003, accuracy 88.67%, cross entropy 0.781531
I0305 02:38:44.334241 130845699483456 train.py:227] Step #43621: rate 0.000003, accuracy 94.53%, cross entropy 0.655417
I0305 02:38:47.379970 130845699483456 train.py:227] Step #43622: rate 0.000003, accuracy 83.98%, cross entropy 0.875987
I0305 02:38:50.444981 130845699483456 train.py:227] Step #43623: rate 0.000003, accuracy 94.92%, cross entropy 0.660314
I0305 02:38:53.517966 130845699483456 train.py:227] Step #43624: rate 0.000003, accuracy 98.44%, cross entropy 0.572041
I0305 02:38:56.346543 130845699483456 train.py:227] Step #43625: rate 0.000003, accuracy 94.53%, cross entropy 0.661121
I0305 02:38:59.343717 130845699483456 train.py:227] Step #43626: rate 0.000003, accuracy 90.23%, cross entropy 0.752938
I0305 02:39:02.273420 130845699483456 train.py:227] Step #43627: rate 0.000003, accuracy 89.45%, cross entropy 0.746257
I0305 02:39:05.176030 130845699483456 train.py:227] Step #43628: rate 0.000003, accuracy 95.70%, cross entropy 0.608625
I0305 02:39:08.327991 130845699483456 train.py:227] Step #43629: rate 0.000003, accuracy 90.62%, cross entropy 0.734437
I0305 02:39:11.475776 130845699483456 train.py:227] Step #43630: rate 0.000003, accuracy 94.92%, cross entropy 0.649062
I0305 02:39:14.410898 130845699483456 train.py:227] Step #43631: rate 0.000003, accuracy 94.53%, cross entropy 0.673523
I0305 02:39:17.405538 130845699483456 train.py:227] Step #43632: rate 0.000003, accuracy 92.58%, cross entropy 0.695969
I0305 02:39:43.190292 130845699483456 train.py:280] Step 43632: Validation accuracy = 97.31% (N=4352)
I0305 02:39:44.154817 130845699483456 train.py:289] Saved best checkpoint to /home/yandex/APDL2526a/rashkovits/keyword-transformer/models_data_v2_12_labels/kwt1_baseline/best_weights.ckpt
I0305 02:39:44.154979 130845699483456 train.py:290] So far the best validation accuracy is 97.31%
I0305 02:39:47.341615 130845699483456 train.py:227] Step #43633: rate 0.000003, accuracy 93.75%, cross entropy 0.681350
I0305 02:39:50.589794 130845699483456 train.py:227] Step #43634: rate 0.000003, accuracy 90.23%, cross entropy 0.734151
I0305 02:39:53.671932 130845699483456 train.py:227] Step #43635: rate 0.000003, accuracy 87.50%, cross entropy 0.808891
I0305 02:39:56.760515 130845699483456 train.py:227] Step #43636: rate 0.000003, accuracy 90.62%, cross entropy 0.708138
I0305 02:39:59.750369 130845699483456 train.py:227] Step #43637: rate 0.000003, accuracy 89.06%, cross entropy 0.791565
I0305 02:40:02.760844 130845699483456 train.py:227] Step #43638: rate 0.000003, accuracy 92.19%, cross entropy 0.701870
I0305 02:40:05.938512 130845699483456 train.py:227] Step #43639: rate 0.000003, accuracy 89.84%, cross entropy 0.773426
I0305 02:40:08.853077 130845699483456 train.py:227] Step #43640: rate 0.000003, accuracy 89.84%, cross entropy 0.745674
I0305 02:40:11.922228 130845699483456 train.py:227] Step #43641: rate 0.000003, accuracy 89.06%, cross entropy 0.782428
I0305 02:40:14.996381 130845699483456 train.py:227] Step #43642: rate 0.000003, accuracy 96.88%, cross entropy 0.597136
I0305 02:40:17.940466 130845699483456 train.py:227] Step #43643: rate 0.000003, accuracy 80.47%, cross entropy 1.003407
I0305 02:40:20.889303 130845699483456 train.py:227] Step #43644: rate 0.000003, accuracy 82.42%, cross entropy 0.893696
I0305 02:40:23.793152 130845699483456 train.py:227] Step #43645: rate 0.000003, accuracy 78.91%, cross entropy 0.973747
I0305 02:40:27.058652 130845699483456 train.py:227] Step #43646: rate 0.000003, accuracy 87.89%, cross entropy 0.803882
I0305 02:40:30.101993 130845699483456 train.py:227] Step #43647: rate 0.000003, accuracy 96.09%, cross entropy 0.627582
I0305 02:40:33.109711 130845699483456 train.py:227] Step #43648: rate 0.000003, accuracy 75.39%, cross entropy 1.088439
I0305 02:40:35.926040 130845699483456 train.py:227] Step #43649: rate 0.000003, accuracy 83.20%, cross entropy 0.882897
I0305 02:40:38.862827 130845699483456 train.py:227] Step #43650: rate 0.000003, accuracy 96.48%, cross entropy 0.593734
I0305 02:40:41.708819 130845699483456 train.py:227] Step #43651: rate 0.000003, accuracy 75.00%, cross entropy 1.095676
I0305 02:40:44.746251 130845699483456 train.py:227] Step #43652: rate 0.000003, accuracy 91.02%, cross entropy 0.740166
I0305 02:40:47.831040 130845699483456 train.py:227] Step #43653: rate 0.000003, accuracy 89.84%, cross entropy 0.770733
I0305 02:40:50.657118 130845699483456 train.py:227] Step #43654: rate 0.000003, accuracy 89.45%, cross entropy 0.755354
I0305 02:40:53.459521 130845699483456 train.py:227] Step #43655: rate 0.000003, accuracy 89.45%, cross entropy 0.782958
I0305 02:40:56.517315 130845699483456 train.py:227] Step #43656: rate 0.000003, accuracy 92.19%, cross entropy 0.683073
I0305 02:40:59.346864 130845699483456 train.py:227] Step #43657: rate 0.000003, accuracy 95.70%, cross entropy 0.626693
I0305 02:41:02.547330 130845699483456 train.py:227] Step #43658: rate 0.000003, accuracy 79.30%, cross entropy 0.995479
I0305 02:41:05.407653 130845699483456 train.py:227] Step #43659: rate 0.000003, accuracy 80.08%, cross entropy 0.977336
I0305 02:41:08.430781 130845699483456 train.py:227] Step #43660: rate 0.000003, accuracy 96.88%, cross entropy 0.616827
I0305 02:41:11.410461 130845699483456 train.py:227] Step #43661: rate 0.000003, accuracy 91.80%, cross entropy 0.734852
I0305 02:41:14.245445 130845699483456 train.py:227] Step #43662: rate 0.000003, accuracy 91.80%, cross entropy 0.727864
I0305 02:41:17.225718 130845699483456 train.py:227] Step #43663: rate 0.000003, accuracy 78.12%, cross entropy 1.033071
I0305 02:41:20.189130 130845699483456 train.py:227] Step #43664: rate 0.000003, accuracy 95.70%, cross entropy 0.625797
I0305 02:41:22.970875 130845699483456 train.py:227] Step #43665: rate 0.000003, accuracy 89.84%, cross entropy 0.775375
I0305 02:41:26.059829 130845699483456 train.py:227] Step #43666: rate 0.000003, accuracy 92.58%, cross entropy 0.710445
I0305 02:41:28.856517 130845699483456 train.py:227] Step #43667: rate 0.000003, accuracy 89.06%, cross entropy 0.768166
I0305 02:41:31.906386 130845699483456 train.py:227] Step #43668: rate 0.000003, accuracy 86.33%, cross entropy 0.838723
I0305 02:41:34.962157 130845699483456 train.py:227] Step #43669: rate 0.000003, accuracy 96.09%, cross entropy 0.632529
I0305 02:41:38.034115 130845699483456 train.py:227] Step #43670: rate 0.000003, accuracy 90.23%, cross entropy 0.713068
I0305 02:41:41.106193 130845699483456 train.py:227] Step #43671: rate 0.000003, accuracy 95.31%, cross entropy 0.647603
I0305 02:41:44.059360 130845699483456 train.py:227] Step #43672: rate 0.000003, accuracy 68.36%, cross entropy 1.244176
I0305 02:41:47.080259 130845699483456 train.py:227] Step #43673: rate 0.000003, accuracy 84.38%, cross entropy 0.885876
I0305 02:41:50.049832 130845699483456 train.py:227] Step #43674: rate 0.000003, accuracy 93.75%, cross entropy 0.694989
I0305 02:41:52.975315 130845699483456 train.py:227] Step #43675: rate 0.000003, accuracy 87.50%, cross entropy 0.830333
I0305 02:41:56.072932 130845699483456 train.py:227] Step #43676: rate 0.000003, accuracy 90.62%, cross entropy 0.735107
I0305 02:41:59.159794 130845699483456 train.py:227] Step #43677: rate 0.000003, accuracy 94.92%, cross entropy 0.610683
I0305 02:42:02.024542 130845699483456 train.py:227] Step #43678: rate 0.000003, accuracy 90.23%, cross entropy 0.724202
I0305 02:42:04.938210 130845699483456 train.py:227] Step #43679: rate 0.000003, accuracy 88.67%, cross entropy 0.751114
I0305 02:42:07.783003 130845699483456 train.py:227] Step #43680: rate 0.000003, accuracy 74.22%, cross entropy 1.038301
I0305 02:42:10.725177 130845699483456 train.py:227] Step #43681: rate 0.000003, accuracy 91.02%, cross entropy 0.720156
I0305 02:42:13.705698 130845699483456 train.py:227] Step #43682: rate 0.000003, accuracy 86.33%, cross entropy 0.821377
I0305 02:42:16.525743 130845699483456 train.py:227] Step #43683: rate 0.000003, accuracy 89.06%, cross entropy 0.750094
I0305 02:42:19.677797 130845699483456 train.py:227] Step #43684: rate 0.000003, accuracy 96.88%, cross entropy 0.605002
I0305 02:42:22.523451 130845699483456 train.py:227] Step #43685: rate 0.000003, accuracy 93.36%, cross entropy 0.665558
I0305 02:42:25.326125 130845699483456 train.py:227] Step #43686: rate 0.000003, accuracy 90.23%, cross entropy 0.718561
I0305 02:42:28.085551 130845699483456 train.py:227] Step #43687: rate 0.000003, accuracy 92.19%, cross entropy 0.730017
I0305 02:42:31.124246 130845699483456 train.py:227] Step #43688: rate 0.000003, accuracy 88.28%, cross entropy 0.799221
I0305 02:42:34.130612 130845699483456 train.py:227] Step #43689: rate 0.000003, accuracy 90.23%, cross entropy 0.759422
I0305 02:42:36.973132 130845699483456 train.py:227] Step #43690: rate 0.000003, accuracy 82.42%, cross entropy 0.888808
I0305 02:42:39.936184 130845699483456 train.py:227] Step #43691: rate 0.000003, accuracy 98.05%, cross entropy 0.573814
I0305 02:42:42.824992 130845699483456 train.py:227] Step #43692: rate 0.000003, accuracy 89.45%, cross entropy 0.771162
I0305 02:42:45.786880 130845699483456 train.py:227] Step #43693: rate 0.000003, accuracy 82.42%, cross entropy 0.924928
I0305 02:42:48.701217 130845699483456 train.py:227] Step #43694: rate 0.000003, accuracy 91.41%, cross entropy 0.726104
I0305 02:42:51.757736 130845699483456 train.py:227] Step #43695: rate 0.000003, accuracy 84.77%, cross entropy 0.853605
I0305 02:42:54.656746 130845699483456 train.py:227] Step #43696: rate 0.000003, accuracy 92.58%, cross entropy 0.707027
I0305 02:42:57.682306 130845699483456 train.py:227] Step #43697: rate 0.000003, accuracy 87.50%, cross entropy 0.795196
I0305 02:43:00.561356 130845699483456 train.py:227] Step #43698: rate 0.000003, accuracy 92.97%, cross entropy 0.669627
I0305 02:43:03.374724 130845699483456 train.py:227] Step #43699: rate 0.000003, accuracy 92.97%, cross entropy 0.712278
I0305 02:43:06.181295 130845699483456 train.py:227] Step #43700: rate 0.000003, accuracy 95.70%, cross entropy 0.642378
I0305 02:43:09.201731 130845699483456 train.py:227] Step #43701: rate 0.000003, accuracy 96.48%, cross entropy 0.615348
I0305 02:43:12.241869 130845699483456 train.py:227] Step #43702: rate 0.000003, accuracy 71.88%, cross entropy 1.153255
I0305 02:43:15.215899 130845699483456 train.py:227] Step #43703: rate 0.000003, accuracy 79.30%, cross entropy 1.023510
I0305 02:43:18.224789 130845699483456 train.py:227] Step #43704: rate 0.000003, accuracy 97.66%, cross entropy 0.586130
I0305 02:43:21.031814 130845699483456 train.py:227] Step #43705: rate 0.000003, accuracy 98.05%, cross entropy 0.596502
I0305 02:43:23.921141 130845699483456 train.py:227] Step #43706: rate 0.000003, accuracy 88.67%, cross entropy 0.804143
I0305 02:43:26.979857 130845699483456 train.py:227] Step #43707: rate 0.000003, accuracy 89.84%, cross entropy 0.796719
I0305 02:43:30.299715 130845699483456 train.py:227] Step #43708: rate 0.000003, accuracy 91.41%, cross entropy 0.687053
I0305 02:43:33.366261 130845699483456 train.py:227] Step #43709: rate 0.000003, accuracy 93.75%, cross entropy 0.705754
I0305 02:43:36.379673 130845699483456 train.py:227] Step #43710: rate 0.000003, accuracy 90.23%, cross entropy 0.741843
I0305 02:43:39.286738 130845699483456 train.py:227] Step #43711: rate 0.000003, accuracy 94.92%, cross entropy 0.635428
I0305 02:43:42.336054 130845699483456 train.py:227] Step #43712: rate 0.000003, accuracy 94.14%, cross entropy 0.685374
I0305 02:43:45.234989 130845699483456 train.py:227] Step #43713: rate 0.000003, accuracy 92.97%, cross entropy 0.680379
I0305 02:43:48.100265 130845699483456 train.py:227] Step #43714: rate 0.000003, accuracy 91.41%, cross entropy 0.723146
I0305 02:43:50.974536 130845699483456 train.py:227] Step #43715: rate 0.000003, accuracy 96.09%, cross entropy 0.614043
I0305 02:43:53.951352 130845699483456 train.py:227] Step #43716: rate 0.000003, accuracy 90.23%, cross entropy 0.743142
I0305 02:43:57.023151 130845699483456 train.py:227] Step #43717: rate 0.000003, accuracy 96.09%, cross entropy 0.658992
I0305 02:43:59.778336 130845699483456 train.py:227] Step #43718: rate 0.000003, accuracy 93.36%, cross entropy 0.674217
I0305 02:44:02.747169 130845699483456 train.py:227] Step #43719: rate 0.000003, accuracy 89.06%, cross entropy 0.785416
I0305 02:44:05.765647 130845699483456 train.py:227] Step #43720: rate 0.000003, accuracy 92.58%, cross entropy 0.703130
I0305 02:44:08.759133 130845699483456 train.py:227] Step #43721: rate 0.000003, accuracy 72.27%, cross entropy 1.103017
I0305 02:44:11.846121 130845699483456 train.py:227] Step #43722: rate 0.000003, accuracy 93.75%, cross entropy 0.689656
I0305 02:44:14.897371 130845699483456 train.py:227] Step #43723: rate 0.000003, accuracy 79.69%, cross entropy 0.945339
I0305 02:44:17.732103 130845699483456 train.py:227] Step #43724: rate 0.000003, accuracy 84.77%, cross entropy 0.897398
I0305 02:44:20.801185 130845699483456 train.py:227] Step #43725: rate 0.000003, accuracy 90.62%, cross entropy 0.755260
I0305 02:44:23.772290 130845699483456 train.py:227] Step #43726: rate 0.000003, accuracy 92.97%, cross entropy 0.699279
I0305 02:44:26.812307 130845699483456 train.py:227] Step #43727: rate 0.000003, accuracy 95.31%, cross entropy 0.636044
I0305 02:44:29.832448 130845699483456 train.py:227] Step #43728: rate 0.000003, accuracy 92.58%, cross entropy 0.688003
I0305 02:44:32.855945 130845699483456 train.py:227] Step #43729: rate 0.000003, accuracy 92.58%, cross entropy 0.702902
I0305 02:44:35.885582 130845699483456 train.py:227] Step #43730: rate 0.000003, accuracy 94.92%, cross entropy 0.630178
I0305 02:44:38.911295 130845699483456 train.py:227] Step #43731: rate 0.000003, accuracy 98.05%, cross entropy 0.580850
I0305 02:44:41.973186 130845699483456 train.py:227] Step #43732: rate 0.000003, accuracy 95.70%, cross entropy 0.618592
I0305 02:44:45.019318 130845699483456 train.py:227] Step #43733: rate 0.000003, accuracy 93.75%, cross entropy 0.711870
I0305 02:44:48.054657 130845699483456 train.py:227] Step #43734: rate 0.000003, accuracy 94.92%, cross entropy 0.650012
I0305 02:44:51.044138 130845699483456 train.py:227] Step #43735: rate 0.000003, accuracy 89.06%, cross entropy 0.777069
I0305 02:44:54.066347 130845699483456 train.py:227] Step #43736: rate 0.000003, accuracy 92.19%, cross entropy 0.683374
I0305 02:44:57.075675 130845699483456 train.py:227] Step #43737: rate 0.000003, accuracy 94.53%, cross entropy 0.651905
I0305 02:45:00.210440 130845699483456 train.py:227] Step #43738: rate 0.000003, accuracy 95.70%, cross entropy 0.628274
I0305 02:45:03.368806 130845699483456 train.py:227] Step #43739: rate 0.000003, accuracy 94.53%, cross entropy 0.650910
I0305 02:45:06.336884 130845699483456 train.py:227] Step #43740: rate 0.000003, accuracy 86.33%, cross entropy 0.803197
I0305 02:45:09.392455 130845699483456 train.py:227] Step #43741: rate 0.000003, accuracy 95.70%, cross entropy 0.660084
I0305 02:45:12.257870 130845699483456 train.py:227] Step #43742: rate 0.000003, accuracy 96.48%, cross entropy 0.624164
I0305 02:45:15.457524 130845699483456 train.py:227] Step #43743: rate 0.000003, accuracy 89.45%, cross entropy 0.786127
I0305 02:45:18.501864 130845699483456 train.py:227] Step #43744: rate 0.000003, accuracy 82.42%, cross entropy 0.902684
I0305 02:45:21.407119 130845699483456 train.py:227] Step #43745: rate 0.000003, accuracy 96.09%, cross entropy 0.628699
I0305 02:45:24.424045 130845699483456 train.py:227] Step #43746: rate 0.000003, accuracy 90.23%, cross entropy 0.753615
I0305 02:45:27.427606 130845699483456 train.py:227] Step #43747: rate 0.000003, accuracy 92.58%, cross entropy 0.696346
I0305 02:45:30.373472 130845699483456 train.py:227] Step #43748: rate 0.000003, accuracy 88.67%, cross entropy 0.794516
I0305 02:45:33.289469 130845699483456 train.py:227] Step #43749: rate 0.000003, accuracy 96.09%, cross entropy 0.627708
I0305 02:45:36.287533 130845699483456 train.py:227] Step #43750: rate 0.000003, accuracy 89.06%, cross entropy 0.741828
I0305 02:45:39.366066 130845699483456 train.py:227] Step #43751: rate 0.000003, accuracy 87.89%, cross entropy 0.793708
I0305 02:45:42.327590 130845699483456 train.py:227] Step #43752: rate 0.000003, accuracy 93.75%, cross entropy 0.699015
I0305 02:45:45.484073 130845699483456 train.py:227] Step #43753: rate 0.000003, accuracy 91.80%, cross entropy 0.699790
I0305 02:45:48.499126 130845699483456 train.py:227] Step #43754: rate 0.000003, accuracy 89.45%, cross entropy 0.772887
I0305 02:45:51.445100 130845699483456 train.py:227] Step #43755: rate 0.000003, accuracy 82.81%, cross entropy 0.904514
I0305 02:45:54.268913 130845699483456 train.py:227] Step #43756: rate 0.000003, accuracy 90.23%, cross entropy 0.753941
I0305 02:45:57.216226 130845699483456 train.py:227] Step #43757: rate 0.000003, accuracy 90.62%, cross entropy 0.754236
I0305 02:46:00.416812 130845699483456 train.py:227] Step #43758: rate 0.000003, accuracy 95.70%, cross entropy 0.624362
I0305 02:46:03.492354 130845699483456 train.py:227] Step #43759: rate 0.000003, accuracy 78.91%, cross entropy 1.040897
I0305 02:46:06.445504 130845699483456 train.py:227] Step #43760: rate 0.000003, accuracy 96.09%, cross entropy 0.634178
I0305 02:46:09.370394 130845699483456 train.py:227] Step #43761: rate 0.000003, accuracy 89.84%, cross entropy 0.796548
I0305 02:46:12.412343 130845699483456 train.py:227] Step #43762: rate 0.000003, accuracy 93.36%, cross entropy 0.699315
I0305 02:46:15.343814 130845699483456 train.py:227] Step #43763: rate 0.000003, accuracy 97.66%, cross entropy 0.597777
I0305 02:46:18.354997 130845699483456 train.py:227] Step #43764: rate 0.000003, accuracy 90.62%, cross entropy 0.691294
I0305 02:46:21.338365 130845699483456 train.py:227] Step #43765: rate 0.000003, accuracy 93.36%, cross entropy 0.661217
I0305 02:46:24.320230 130845699483456 train.py:227] Step #43766: rate 0.000003, accuracy 94.92%, cross entropy 0.632434
I0305 02:46:27.245283 130845699483456 train.py:227] Step #43767: rate 0.000003, accuracy 94.92%, cross entropy 0.635197
I0305 02:46:30.114154 130845699483456 train.py:227] Step #43768: rate 0.000003, accuracy 88.67%, cross entropy 0.769069
I0305 02:46:33.167678 130845699483456 train.py:227] Step #43769: rate 0.000003, accuracy 94.53%, cross entropy 0.646968
I0305 02:46:36.242553 130845699483456 train.py:227] Step #43770: rate 0.000003, accuracy 92.97%, cross entropy 0.705431
I0305 02:46:39.022826 130845699483456 train.py:227] Step #43771: rate 0.000003, accuracy 88.67%, cross entropy 0.767818
I0305 02:46:41.957389 130845699483456 train.py:227] Step #43772: rate 0.000003, accuracy 86.72%, cross entropy 0.835893
I0305 02:46:44.972345 130845699483456 train.py:227] Step #43773: rate 0.000003, accuracy 91.41%, cross entropy 0.746467
I0305 02:46:47.913168 130845699483456 train.py:227] Step #43774: rate 0.000003, accuracy 98.44%, cross entropy 0.557999
I0305 02:46:50.885100 130845699483456 train.py:227] Step #43775: rate 0.000003, accuracy 96.48%, cross entropy 0.617287
I0305 02:46:53.934643 130845699483456 train.py:227] Step #43776: rate 0.000003, accuracy 92.58%, cross entropy 0.667414
I0305 02:47:20.047874 130845699483456 train.py:280] Step 43776: Validation accuracy = 97.27% (N=4352)
I0305 02:47:20.048585 130845699483456 train.py:290] So far the best validation accuracy is 97.31%
I0305 02:47:23.142993 130845699483456 train.py:227] Step #43777: rate 0.000003, accuracy 94.92%, cross entropy 0.647464
I0305 02:47:26.241103 130845699483456 train.py:227] Step #43778: rate 0.000003, accuracy 85.55%, cross entropy 0.841611
I0305 02:47:29.256708 130845699483456 train.py:227] Step #43779: rate 0.000003, accuracy 91.02%, cross entropy 0.702621
I0305 02:47:32.330088 130845699483456 train.py:227] Step #43780: rate 0.000003, accuracy 84.38%, cross entropy 0.839620
I0305 02:47:35.448807 130845699483456 train.py:227] Step #43781: rate 0.000003, accuracy 97.66%, cross entropy 0.619056
I0305 02:47:38.551329 130845699483456 train.py:227] Step #43782: rate 0.000003, accuracy 83.20%, cross entropy 0.904234
I0305 02:47:41.486432 130845699483456 train.py:227] Step #43783: rate 0.000003, accuracy 87.11%, cross entropy 0.841678
I0305 02:47:44.310000 130845699483456 train.py:227] Step #43784: rate 0.000003, accuracy 90.62%, cross entropy 0.729130
I0305 02:47:47.268555 130845699483456 train.py:227] Step #43785: rate 0.000003, accuracy 98.05%, cross entropy 0.574352
I0305 02:47:50.373210 130845699483456 train.py:227] Step #43786: rate 0.000003, accuracy 94.53%, cross entropy 0.663042
I0305 02:47:53.409693 130845699483456 train.py:227] Step #43787: rate 0.000003, accuracy 91.41%, cross entropy 0.738404
I0305 02:47:56.474095 130845699483456 train.py:227] Step #43788: rate 0.000003, accuracy 97.66%, cross entropy 0.597153
I0305 02:47:59.438066 130845699483456 train.py:227] Step #43789: rate 0.000003, accuracy 89.06%, cross entropy 0.780282
I0305 02:48:02.531626 130845699483456 train.py:227] Step #43790: rate 0.000003, accuracy 84.38%, cross entropy 0.901057
I0305 02:48:05.462507 130845699483456 train.py:227] Step #43791: rate 0.000003, accuracy 87.11%, cross entropy 0.819927
I0305 02:48:08.404405 130845699483456 train.py:227] Step #43792: rate 0.000003, accuracy 91.80%, cross entropy 0.723166
I0305 02:48:11.401762 130845699483456 train.py:227] Step #43793: rate 0.000003, accuracy 95.31%, cross entropy 0.648194
I0305 02:48:14.540480 130845699483456 train.py:227] Step #43794: rate 0.000003, accuracy 93.36%, cross entropy 0.691078
I0305 02:48:17.533869 130845699483456 train.py:227] Step #43795: rate 0.000003, accuracy 93.36%, cross entropy 0.695761
I0305 02:48:20.591460 130845699483456 train.py:227] Step #43796: rate 0.000003, accuracy 90.23%, cross entropy 0.807130
I0305 02:48:23.415304 130845699483456 train.py:227] Step #43797: rate 0.000003, accuracy 96.48%, cross entropy 0.606069
I0305 02:48:26.455563 130845699483456 train.py:227] Step #43798: rate 0.000003, accuracy 81.64%, cross entropy 0.980427
I0305 02:48:29.481790 130845699483456 train.py:227] Step #43799: rate 0.000003, accuracy 92.19%, cross entropy 0.718834
I0305 02:48:32.249883 130845699483456 train.py:227] Step #43800: rate 0.000003, accuracy 92.19%, cross entropy 0.712694
I0305 02:48:35.235383 130845699483456 train.py:227] Step #43801: rate 0.000003, accuracy 89.84%, cross entropy 0.750949
I0305 02:48:38.377668 130845699483456 train.py:227] Step #43802: rate 0.000003, accuracy 94.53%, cross entropy 0.672314
I0305 02:48:41.530720 130845699483456 train.py:227] Step #43803: rate 0.000003, accuracy 93.36%, cross entropy 0.677944
I0305 02:48:44.617362 130845699483456 train.py:227] Step #43804: rate 0.000003, accuracy 84.77%, cross entropy 0.861496
I0305 02:48:47.751022 130845699483456 train.py:227] Step #43805: rate 0.000003, accuracy 97.66%, cross entropy 0.584694
I0305 02:48:50.714507 130845699483456 train.py:227] Step #43806: rate 0.000003, accuracy 91.80%, cross entropy 0.736679
I0305 02:48:53.707157 130845699483456 train.py:227] Step #43807: rate 0.000003, accuracy 94.53%, cross entropy 0.660178
I0305 02:48:56.691331 130845699483456 train.py:227] Step #43808: rate 0.000003, accuracy 90.23%, cross entropy 0.761126
I0305 02:48:59.600149 130845699483456 train.py:227] Step #43809: rate 0.000003, accuracy 84.77%, cross entropy 0.847594
I0305 02:49:02.662482 130845699483456 train.py:227] Step #43810: rate 0.000003, accuracy 96.09%, cross entropy 0.647769
I0305 02:49:05.744519 130845699483456 train.py:227] Step #43811: rate 0.000003, accuracy 87.50%, cross entropy 0.810744
I0305 02:49:08.794630 130845699483456 train.py:227] Step #43812: rate 0.000003, accuracy 92.97%, cross entropy 0.693815
I0305 02:49:11.804345 130845699483456 train.py:227] Step #43813: rate 0.000003, accuracy 94.53%, cross entropy 0.641971
I0305 02:49:14.693353 130845699483456 train.py:227] Step #43814: rate 0.000003, accuracy 92.58%, cross entropy 0.686016
I0305 02:49:17.651880 130845699483456 train.py:227] Step #43815: rate 0.000003, accuracy 92.97%, cross entropy 0.690548
I0305 02:49:20.668645 130845699483456 train.py:227] Step #43816: rate 0.000003, accuracy 94.14%, cross entropy 0.656634
I0305 02:49:23.731120 130845699483456 train.py:227] Step #43817: rate 0.000003, accuracy 91.02%, cross entropy 0.729463
I0305 02:49:26.704830 130845699483456 train.py:227] Step #43818: rate 0.000003, accuracy 95.70%, cross entropy 0.637673
I0305 02:49:29.695923 130845699483456 train.py:227] Step #43819: rate 0.000003, accuracy 89.84%, cross entropy 0.778739
I0305 02:49:32.503974 130845699483456 train.py:227] Step #43820: rate 0.000003, accuracy 96.09%, cross entropy 0.618086
I0305 02:49:35.485891 130845699483456 train.py:227] Step #43821: rate 0.000003, accuracy 88.67%, cross entropy 0.795998
I0305 02:49:38.338302 130845699483456 train.py:227] Step #43822: rate 0.000003, accuracy 89.84%, cross entropy 0.753337
I0305 02:49:41.287349 130845699483456 train.py:227] Step #43823: rate 0.000003, accuracy 92.58%, cross entropy 0.666846
I0305 02:49:44.283855 130845699483456 train.py:227] Step #43824: rate 0.000003, accuracy 94.14%, cross entropy 0.660548
I0305 02:49:47.255802 130845699483456 train.py:227] Step #43825: rate 0.000003, accuracy 86.33%, cross entropy 0.864319
I0305 02:49:50.353420 130845699483456 train.py:227] Step #43826: rate 0.000003, accuracy 91.02%, cross entropy 0.709371
I0305 02:49:53.304006 130845699483456 train.py:227] Step #43827: rate 0.000003, accuracy 91.02%, cross entropy 0.713954
I0305 02:49:56.149927 130845699483456 train.py:227] Step #43828: rate 0.000003, accuracy 92.97%, cross entropy 0.690782
I0305 02:49:59.161952 130845699483456 train.py:227] Step #43829: rate 0.000003, accuracy 90.62%, cross entropy 0.737084
I0305 02:50:02.208384 130845699483456 train.py:227] Step #43830: rate 0.000003, accuracy 83.59%, cross entropy 0.840355
I0305 02:50:05.214722 130845699483456 train.py:227] Step #43831: rate 0.000003, accuracy 96.48%, cross entropy 0.591422
I0305 02:50:08.205739 130845699483456 train.py:227] Step #43832: rate 0.000003, accuracy 96.88%, cross entropy 0.607557
I0305 02:50:11.154729 130845699483456 train.py:227] Step #43833: rate 0.000003, accuracy 92.58%, cross entropy 0.667720
I0305 02:50:14.120886 130845699483456 train.py:227] Step #43834: rate 0.000003, accuracy 96.88%, cross entropy 0.603955
I0305 02:50:17.011291 130845699483456 train.py:227] Step #43835: rate 0.000003, accuracy 92.97%, cross entropy 0.695210
I0305 02:50:20.004198 130845699483456 train.py:227] Step #43836: rate 0.000003, accuracy 97.66%, cross entropy 0.579831
I0305 02:50:23.131004 130845699483456 train.py:227] Step #43837: rate 0.000003, accuracy 87.89%, cross entropy 0.767680
I0305 02:50:25.994661 130845699483456 train.py:227] Step #43838: rate 0.000003, accuracy 87.89%, cross entropy 0.813960
I0305 02:50:29.074557 130845699483456 train.py:227] Step #43839: rate 0.000003, accuracy 96.48%, cross entropy 0.628889
I0305 02:50:32.060682 130845699483456 train.py:227] Step #43840: rate 0.000003, accuracy 82.42%, cross entropy 0.913015
I0305 02:50:35.047742 130845699483456 train.py:227] Step #43841: rate 0.000003, accuracy 93.36%, cross entropy 0.654528
I0305 02:50:38.071477 130845699483456 train.py:227] Step #43842: rate 0.000003, accuracy 88.67%, cross entropy 0.761604
I0305 02:50:41.008795 130845699483456 train.py:227] Step #43843: rate 0.000003, accuracy 91.80%, cross entropy 0.728725
I0305 02:50:43.937884 130845699483456 train.py:227] Step #43844: rate 0.000003, accuracy 68.36%, cross entropy 1.226850
I0305 02:50:47.101308 130845699483456 train.py:227] Step #43845: rate 0.000003, accuracy 99.22%, cross entropy 0.563510
I0305 02:50:50.113269 130845699483456 train.py:227] Step #43846: rate 0.000003, accuracy 80.47%, cross entropy 0.971816
I0305 02:50:53.184523 130845699483456 train.py:227] Step #43847: rate 0.000003, accuracy 89.06%, cross entropy 0.778193
I0305 02:50:56.099490 130845699483456 train.py:227] Step #43848: rate 0.000003, accuracy 82.42%, cross entropy 0.922270
I0305 02:50:59.029500 130845699483456 train.py:227] Step #43849: rate 0.000003, accuracy 90.62%, cross entropy 0.737544
I0305 02:51:01.993551 130845699483456 train.py:227] Step #43850: rate 0.000003, accuracy 86.72%, cross entropy 0.815811
I0305 02:51:05.117794 130845699483456 train.py:227] Step #43851: rate 0.000003, accuracy 85.16%, cross entropy 0.888435
I0305 02:51:08.108245 130845699483456 train.py:227] Step #43852: rate 0.000003, accuracy 91.80%, cross entropy 0.710283
I0305 02:51:10.905785 130845699483456 train.py:227] Step #43853: rate 0.000003, accuracy 90.62%, cross entropy 0.741054
I0305 02:51:13.740152 130845699483456 train.py:227] Step #43854: rate 0.000003, accuracy 94.53%, cross entropy 0.670311
I0305 02:51:16.667524 130845699483456 train.py:227] Step #43855: rate 0.000003, accuracy 85.16%, cross entropy 0.836880
I0305 02:51:19.744370 130845699483456 train.py:227] Step #43856: rate 0.000003, accuracy 93.36%, cross entropy 0.715661
I0305 02:51:22.794132 130845699483456 train.py:227] Step #43857: rate 0.000003, accuracy 95.31%, cross entropy 0.631021
I0305 02:51:25.813236 130845699483456 train.py:227] Step #43858: rate 0.000003, accuracy 96.88%, cross entropy 0.612060
I0305 02:51:28.920320 130845699483456 train.py:227] Step #43859: rate 0.000003, accuracy 83.98%, cross entropy 0.889968
I0305 02:51:31.898662 130845699483456 train.py:227] Step #43860: rate 0.000003, accuracy 94.92%, cross entropy 0.644813
I0305 02:51:34.943348 130845699483456 train.py:227] Step #43861: rate 0.000003, accuracy 92.97%, cross entropy 0.675219
I0305 02:51:37.859556 130845699483456 train.py:227] Step #43862: rate 0.000003, accuracy 92.97%, cross entropy 0.716314
I0305 02:51:40.787619 130845699483456 train.py:227] Step #43863: rate 0.000003, accuracy 96.09%, cross entropy 0.604468
I0305 02:51:43.756330 130845699483456 train.py:227] Step #43864: rate 0.000003, accuracy 94.92%, cross entropy 0.627071
I0305 02:51:46.721724 130845699483456 train.py:227] Step #43865: rate 0.000003, accuracy 84.38%, cross entropy 0.796435
I0305 02:51:49.869566 130845699483456 train.py:227] Step #43866: rate 0.000003, accuracy 92.19%, cross entropy 0.729676
I0305 02:51:52.980774 130845699483456 train.py:227] Step #43867: rate 0.000003, accuracy 89.45%, cross entropy 0.816176
I0305 02:51:55.860891 130845699483456 train.py:227] Step #43868: rate 0.000003, accuracy 90.23%, cross entropy 0.730336
I0305 02:51:58.890958 130845699483456 train.py:227] Step #43869: rate 0.000003, accuracy 94.53%, cross entropy 0.682969
I0305 02:52:01.977662 130845699483456 train.py:227] Step #43870: rate 0.000003, accuracy 88.67%, cross entropy 0.771384
I0305 02:52:04.863281 130845699483456 train.py:227] Step #43871: rate 0.000003, accuracy 94.92%, cross entropy 0.651808
I0305 02:52:07.956719 130845699483456 train.py:227] Step #43872: rate 0.000003, accuracy 95.70%, cross entropy 0.623129
I0305 02:52:11.016806 130845699483456 train.py:227] Step #43873: rate 0.000003, accuracy 90.23%, cross entropy 0.762270
I0305 02:52:14.069092 130845699483456 train.py:227] Step #43874: rate 0.000003, accuracy 85.55%, cross entropy 0.895623
I0305 02:52:17.199477 130845699483456 train.py:227] Step #43875: rate 0.000003, accuracy 89.84%, cross entropy 0.779005
I0305 02:52:20.336048 130845699483456 train.py:227] Step #43876: rate 0.000003, accuracy 98.05%, cross entropy 0.591502
I0305 02:52:23.376679 130845699483456 train.py:227] Step #43877: rate 0.000003, accuracy 84.77%, cross entropy 0.874469
I0305 02:52:26.333915 130845699483456 train.py:227] Step #43878: rate 0.000003, accuracy 89.45%, cross entropy 0.775403
I0305 02:52:29.244926 130845699483456 train.py:227] Step #43879: rate 0.000003, accuracy 89.84%, cross entropy 0.743085
I0305 02:52:32.432999 130845699483456 train.py:227] Step #43880: rate 0.000003, accuracy 90.62%, cross entropy 0.696355
I0305 02:52:35.436032 130845699483456 train.py:227] Step #43881: rate 0.000003, accuracy 96.09%, cross entropy 0.643727
I0305 02:52:38.243296 130845699483456 train.py:227] Step #43882: rate 0.000003, accuracy 89.45%, cross entropy 0.782147
I0305 02:52:41.212230 130845699483456 train.py:227] Step #43883: rate 0.000003, accuracy 90.23%, cross entropy 0.755767
I0305 02:52:44.317459 130845699483456 train.py:227] Step #43884: rate 0.000003, accuracy 90.23%, cross entropy 0.730632
I0305 02:52:47.341619 130845699483456 train.py:227] Step #43885: rate 0.000003, accuracy 94.53%, cross entropy 0.677070
I0305 02:52:50.384341 130845699483456 train.py:227] Step #43886: rate 0.000003, accuracy 92.19%, cross entropy 0.721703
I0305 02:52:53.410234 130845699483456 train.py:227] Step #43887: rate 0.000002, accuracy 94.14%, cross entropy 0.672841
I0305 02:52:56.486715 130845699483456 train.py:227] Step #43888: rate 0.000002, accuracy 84.38%, cross entropy 0.876593
I0305 02:52:59.596812 130845699483456 train.py:227] Step #43889: rate 0.000002, accuracy 84.77%, cross entropy 0.836776
I0305 02:53:02.366897 130845699483456 train.py:227] Step #43890: rate 0.000002, accuracy 89.45%, cross entropy 0.780436
I0305 02:53:05.345916 130845699483456 train.py:227] Step #43891: rate 0.000002, accuracy 92.58%, cross entropy 0.705826
I0305 02:53:08.359266 130845699483456 train.py:227] Step #43892: rate 0.000002, accuracy 89.84%, cross entropy 0.753941
I0305 02:53:11.253712 130845699483456 train.py:227] Step #43893: rate 0.000002, accuracy 94.14%, cross entropy 0.650690
I0305 02:53:14.191828 130845699483456 train.py:227] Step #43894: rate 0.000002, accuracy 91.02%, cross entropy 0.723366
I0305 02:53:17.219797 130845699483456 train.py:227] Step #43895: rate 0.000002, accuracy 95.31%, cross entropy 0.631193
I0305 02:53:20.180692 130845699483456 train.py:227] Step #43896: rate 0.000002, accuracy 95.31%, cross entropy 0.639215
I0305 02:53:23.045556 130845699483456 train.py:227] Step #43897: rate 0.000002, accuracy 87.50%, cross entropy 0.843588
I0305 02:53:25.916678 130845699483456 train.py:227] Step #43898: rate 0.000002, accuracy 92.58%, cross entropy 0.712961
I0305 02:53:28.830785 130845699483456 train.py:227] Step #43899: rate 0.000002, accuracy 84.77%, cross entropy 0.836887
I0305 02:53:31.844114 130845699483456 train.py:227] Step #43900: rate 0.000002, accuracy 87.11%, cross entropy 0.816587
I0305 02:53:34.786195 130845699483456 train.py:227] Step #43901: rate 0.000002, accuracy 90.62%, cross entropy 0.714866
I0305 02:53:37.821299 130845699483456 train.py:227] Step #43902: rate 0.000002, accuracy 94.14%, cross entropy 0.680557
I0305 02:53:40.913246 130845699483456 train.py:227] Step #43903: rate 0.000002, accuracy 92.19%, cross entropy 0.680090
I0305 02:53:43.978858 130845699483456 train.py:227] Step #43904: rate 0.000002, accuracy 93.75%, cross entropy 0.663821
I0305 02:53:47.097876 130845699483456 train.py:227] Step #43905: rate 0.000002, accuracy 76.95%, cross entropy 1.032458
I0305 02:53:50.019522 130845699483456 train.py:227] Step #43906: rate 0.000002, accuracy 95.31%, cross entropy 0.677028
I0305 02:53:53.076721 130845699483456 train.py:227] Step #43907: rate 0.000002, accuracy 92.58%, cross entropy 0.689179
I0305 02:53:55.970884 130845699483456 train.py:227] Step #43908: rate 0.000002, accuracy 95.31%, cross entropy 0.643683
I0305 02:53:58.676160 130845699483456 train.py:227] Step #43909: rate 0.000002, accuracy 93.75%, cross entropy 0.683727
I0305 02:54:01.480488 130845699483456 train.py:227] Step #43910: rate 0.000002, accuracy 93.36%, cross entropy 0.691351
I0305 02:54:04.415858 130845699483456 train.py:227] Step #43911: rate 0.000002, accuracy 94.92%, cross entropy 0.678806
I0305 02:54:07.224128 130845699483456 train.py:227] Step #43912: rate 0.000002, accuracy 78.91%, cross entropy 1.027756
I0305 02:54:10.296551 130845699483456 train.py:227] Step #43913: rate 0.000002, accuracy 94.14%, cross entropy 0.661655
I0305 02:54:13.367566 130845699483456 train.py:227] Step #43914: rate 0.000002, accuracy 91.41%, cross entropy 0.750628
I0305 02:54:16.205982 130845699483456 train.py:227] Step #43915: rate 0.000002, accuracy 89.84%, cross entropy 0.752463
I0305 02:54:19.050369 130845699483456 train.py:227] Step #43916: rate 0.000002, accuracy 94.53%, cross entropy 0.674645
I0305 02:54:22.058134 130845699483456 train.py:227] Step #43917: rate 0.000002, accuracy 91.80%, cross entropy 0.706179
I0305 02:54:25.135082 130845699483456 train.py:227] Step #43918: rate 0.000002, accuracy 93.36%, cross entropy 0.681721
I0305 02:54:28.359370 130845699483456 train.py:227] Step #43919: rate 0.000002, accuracy 96.48%, cross entropy 0.602599
I0305 02:54:31.451917 130845699483456 train.py:227] Step #43920: rate 0.000002, accuracy 96.09%, cross entropy 0.619588
I0305 02:54:57.546646 130845699483456 train.py:280] Step 43920: Validation accuracy = 97.31% (N=4352)
I0305 02:54:58.518907 130845699483456 train.py:289] Saved best checkpoint to /home/yandex/APDL2526a/rashkovits/keyword-transformer/models_data_v2_12_labels/kwt1_baseline/best_weights.ckpt
I0305 02:54:58.519118 130845699483456 train.py:290] So far the best validation accuracy is 97.31%
I0305 02:55:01.800659 130845699483456 train.py:227] Step #43921: rate 0.000002, accuracy 92.58%, cross entropy 0.686334
I0305 02:55:04.965046 130845699483456 train.py:227] Step #43922: rate 0.000002, accuracy 93.75%, cross entropy 0.691342
I0305 02:55:08.204469 130845699483456 train.py:227] Step #43923: rate 0.000002, accuracy 90.62%, cross entropy 0.738271
I0305 02:55:11.475059 130845699483456 train.py:227] Step #43924: rate 0.000002, accuracy 92.58%, cross entropy 0.678194
I0305 02:55:14.422398 130845699483456 train.py:227] Step #43925: rate 0.000002, accuracy 82.03%, cross entropy 0.921042
I0305 02:55:17.370815 130845699483456 train.py:227] Step #43926: rate 0.000002, accuracy 94.92%, cross entropy 0.667957
I0305 02:55:20.456079 130845699483456 train.py:227] Step #43927: rate 0.000002, accuracy 94.92%, cross entropy 0.647189
I0305 02:55:23.401513 130845699483456 train.py:227] Step #43928: rate 0.000002, accuracy 76.56%, cross entropy 1.044720
I0305 02:55:26.472031 130845699483456 train.py:227] Step #43929: rate 0.000002, accuracy 77.34%, cross entropy 1.076940
I0305 02:55:29.562436 130845699483456 train.py:227] Step #43930: rate 0.000002, accuracy 95.70%, cross entropy 0.623911
I0305 02:55:32.663493 130845699483456 train.py:227] Step #43931: rate 0.000002, accuracy 92.97%, cross entropy 0.689069
I0305 02:55:35.651317 130845699483456 train.py:227] Step #43932: rate 0.000002, accuracy 85.94%, cross entropy 0.874711
I0305 02:55:38.822969 130845699483456 train.py:227] Step #43933: rate 0.000002, accuracy 86.72%, cross entropy 0.827207
I0305 02:55:41.796435 130845699483456 train.py:227] Step #43934: rate 0.000002, accuracy 89.06%, cross entropy 0.798162
I0305 02:55:44.801899 130845699483456 train.py:227] Step #43935: rate 0.000002, accuracy 89.84%, cross entropy 0.746415
I0305 02:55:47.884469 130845699483456 train.py:227] Step #43936: rate 0.000002, accuracy 92.19%, cross entropy 0.741138
I0305 02:55:50.868045 130845699483456 train.py:227] Step #43937: rate 0.000002, accuracy 96.09%, cross entropy 0.625010
I0305 02:55:54.016291 130845699483456 train.py:227] Step #43938: rate 0.000002, accuracy 89.45%, cross entropy 0.805333
I0305 02:55:56.940200 130845699483456 train.py:227] Step #43939: rate 0.000002, accuracy 91.80%, cross entropy 0.701010
I0305 02:55:59.941105 130845699483456 train.py:227] Step #43940: rate 0.000002, accuracy 91.80%, cross entropy 0.690312
I0305 02:56:02.827100 130845699483456 train.py:227] Step #43941: rate 0.000002, accuracy 94.14%, cross entropy 0.643932
I0305 02:56:05.853739 130845699483456 train.py:227] Step #43942: rate 0.000002, accuracy 96.09%, cross entropy 0.631777
I0305 02:56:08.801963 130845699483456 train.py:227] Step #43943: rate 0.000002, accuracy 84.38%, cross entropy 0.862822
I0305 02:56:11.783198 130845699483456 train.py:227] Step #43944: rate 0.000002, accuracy 92.58%, cross entropy 0.713114
I0305 02:56:14.624641 130845699483456 train.py:227] Step #43945: rate 0.000002, accuracy 77.73%, cross entropy 0.944412
I0305 02:56:17.854073 130845699483456 train.py:227] Step #43946: rate 0.000002, accuracy 73.44%, cross entropy 1.069487
I0305 02:56:20.698352 130845699483456 train.py:227] Step #43947: rate 0.000002, accuracy 94.14%, cross entropy 0.663471
I0305 02:56:23.971191 130845699483456 train.py:227] Step #43948: rate 0.000002, accuracy 91.41%, cross entropy 0.715745
I0305 02:56:27.094007 130845699483456 train.py:227] Step #43949: rate 0.000002, accuracy 83.59%, cross entropy 0.882037
I0305 02:56:29.869836 130845699483456 train.py:227] Step #43950: rate 0.000002, accuracy 93.75%, cross entropy 0.657639
I0305 02:56:32.933015 130845699483456 train.py:227] Step #43951: rate 0.000002, accuracy 96.88%, cross entropy 0.597671
I0305 02:56:36.034351 130845699483456 train.py:227] Step #43952: rate 0.000002, accuracy 86.72%, cross entropy 0.828823
I0305 02:56:39.054899 130845699483456 train.py:227] Step #43953: rate 0.000002, accuracy 95.70%, cross entropy 0.639194
I0305 02:56:42.171180 130845699483456 train.py:227] Step #43954: rate 0.000002, accuracy 92.58%, cross entropy 0.730781
I0305 02:56:45.243305 130845699483456 train.py:227] Step #43955: rate 0.000002, accuracy 90.62%, cross entropy 0.735226
I0305 02:56:48.390902 130845699483456 train.py:227] Step #43956: rate 0.000002, accuracy 85.55%, cross entropy 0.886225
I0305 02:56:51.392840 130845699483456 train.py:227] Step #43957: rate 0.000002, accuracy 91.80%, cross entropy 0.703159
I0305 02:56:54.455179 130845699483456 train.py:227] Step #43958: rate 0.000002, accuracy 73.44%, cross entropy 1.148365
I0305 02:56:57.368240 130845699483456 train.py:227] Step #43959: rate 0.000002, accuracy 89.84%, cross entropy 0.761788
I0305 02:57:00.412733 130845699483456 train.py:227] Step #43960: rate 0.000002, accuracy 90.62%, cross entropy 0.763386
I0305 02:57:03.244246 130845699483456 train.py:227] Step #43961: rate 0.000002, accuracy 82.81%, cross entropy 0.897813
I0305 02:57:06.328052 130845699483456 train.py:227] Step #43962: rate 0.000002, accuracy 88.67%, cross entropy 0.758378
I0305 02:57:09.419689 130845699483456 train.py:227] Step #43963: rate 0.000002, accuracy 93.36%, cross entropy 0.685539
I0305 02:57:12.535284 130845699483456 train.py:227] Step #43964: rate 0.000002, accuracy 93.75%, cross entropy 0.647660
I0305 02:57:15.645634 130845699483456 train.py:227] Step #43965: rate 0.000002, accuracy 92.97%, cross entropy 0.670059
I0305 02:57:18.645671 130845699483456 train.py:227] Step #43966: rate 0.000002, accuracy 87.11%, cross entropy 0.816244
I0305 02:57:21.791202 130845699483456 train.py:227] Step #43967: rate 0.000002, accuracy 66.80%, cross entropy 1.233154
I0305 02:57:24.913709 130845699483456 train.py:227] Step #43968: rate 0.000002, accuracy 95.70%, cross entropy 0.629839
I0305 02:57:27.732851 130845699483456 train.py:227] Step #43969: rate 0.000002, accuracy 85.16%, cross entropy 0.849787
I0305 02:57:30.710297 130845699483456 train.py:227] Step #43970: rate 0.000002, accuracy 88.28%, cross entropy 0.768915
I0305 02:57:33.751182 130845699483456 train.py:227] Step #43971: rate 0.000002, accuracy 89.06%, cross entropy 0.802472
I0305 02:57:36.808400 130845699483456 train.py:227] Step #43972: rate 0.000002, accuracy 92.97%, cross entropy 0.658435
I0305 02:57:40.027492 130845699483456 train.py:227] Step #43973: rate 0.000002, accuracy 87.89%, cross entropy 0.796619
I0305 02:57:43.073834 130845699483456 train.py:227] Step #43974: rate 0.000002, accuracy 96.88%, cross entropy 0.596016
I0305 02:57:46.100386 130845699483456 train.py:227] Step #43975: rate 0.000002, accuracy 96.88%, cross entropy 0.617991
I0305 02:57:48.879951 130845699483456 train.py:227] Step #43976: rate 0.000002, accuracy 95.70%, cross entropy 0.633199
I0305 02:57:51.903759 130845699483456 train.py:227] Step #43977: rate 0.000002, accuracy 93.36%, cross entropy 0.671019
I0305 02:57:54.918499 130845699483456 train.py:227] Step #43978: rate 0.000002, accuracy 90.23%, cross entropy 0.766176
I0305 02:57:57.882276 130845699483456 train.py:227] Step #43979: rate 0.000002, accuracy 90.62%, cross entropy 0.744752
I0305 02:58:00.969738 130845699483456 train.py:227] Step #43980: rate 0.000002, accuracy 95.31%, cross entropy 0.640242
I0305 02:58:04.036045 130845699483456 train.py:227] Step #43981: rate 0.000002, accuracy 93.75%, cross entropy 0.671945
I0305 02:58:07.032746 130845699483456 train.py:227] Step #43982: rate 0.000002, accuracy 87.89%, cross entropy 0.798692
I0305 02:58:10.020042 130845699483456 train.py:227] Step #43983: rate 0.000002, accuracy 94.92%, cross entropy 0.626288
I0305 02:58:13.105138 130845699483456 train.py:227] Step #43984: rate 0.000002, accuracy 83.98%, cross entropy 0.939707
I0305 02:58:16.215362 130845699483456 train.py:227] Step #43985: rate 0.000002, accuracy 96.48%, cross entropy 0.618585
I0305 02:58:19.382265 130845699483456 train.py:227] Step #43986: rate 0.000002, accuracy 94.92%, cross entropy 0.626599
I0305 02:58:22.310159 130845699483456 train.py:227] Step #43987: rate 0.000002, accuracy 89.06%, cross entropy 0.791405
I0305 02:58:25.387176 130845699483456 train.py:227] Step #43988: rate 0.000002, accuracy 90.62%, cross entropy 0.758489
I0305 02:58:28.418444 130845699483456 train.py:227] Step #43989: rate 0.000002, accuracy 95.70%, cross entropy 0.605540
I0305 02:58:31.293523 130845699483456 train.py:227] Step #43990: rate 0.000002, accuracy 92.97%, cross entropy 0.681875
I0305 02:58:34.403010 130845699483456 train.py:227] Step #43991: rate 0.000002, accuracy 79.30%, cross entropy 0.990234
I0305 02:58:37.589615 130845699483456 train.py:227] Step #43992: rate 0.000002, accuracy 91.80%, cross entropy 0.724390
I0305 02:58:40.624228 130845699483456 train.py:227] Step #43993: rate 0.000002, accuracy 96.48%, cross entropy 0.616331
I0305 02:58:43.403213 130845699483456 train.py:227] Step #43994: rate 0.000002, accuracy 90.23%, cross entropy 0.721158
I0305 02:58:46.469076 130845699483456 train.py:227] Step #43995: rate 0.000002, accuracy 89.45%, cross entropy 0.760865
I0305 02:58:49.411364 130845699483456 train.py:227] Step #43996: rate 0.000002, accuracy 73.05%, cross entropy 1.155932
I0305 02:58:52.459618 130845699483456 train.py:227] Step #43997: rate 0.000002, accuracy 91.80%, cross entropy 0.721788
I0305 02:58:55.448798 130845699483456 train.py:227] Step #43998: rate 0.000002, accuracy 91.80%, cross entropy 0.736847
I0305 02:58:58.499388 130845699483456 train.py:227] Step #43999: rate 0.000002, accuracy 97.27%, cross entropy 0.588187
I0305 02:59:01.613836 130845699483456 train.py:227] Step #44000: rate 0.000002, accuracy 89.84%, cross entropy 0.774900
I0305 02:59:04.520758 130845699483456 train.py:227] Step #44001: rate 0.000002, accuracy 94.92%, cross entropy 0.680761
I0305 02:59:07.579308 130845699483456 train.py:227] Step #44002: rate 0.000002, accuracy 86.33%, cross entropy 0.842975
I0305 02:59:10.487034 130845699483456 train.py:227] Step #44003: rate 0.000002, accuracy 94.14%, cross entropy 0.671492
I0305 02:59:13.528248 130845699483456 train.py:227] Step #44004: rate 0.000002, accuracy 81.64%, cross entropy 0.884796
I0305 02:59:16.516965 130845699483456 train.py:227] Step #44005: rate 0.000002, accuracy 94.92%, cross entropy 0.652928
I0305 02:59:19.495537 130845699483456 train.py:227] Step #44006: rate 0.000002, accuracy 91.41%, cross entropy 0.708361
I0305 02:59:22.452096 130845699483456 train.py:227] Step #44007: rate 0.000002, accuracy 94.92%, cross entropy 0.646981
I0305 02:59:25.263373 130845699483456 train.py:227] Step #44008: rate 0.000002, accuracy 89.45%, cross entropy 0.746645
I0305 02:59:28.315361 130845699483456 train.py:227] Step #44009: rate 0.000002, accuracy 80.08%, cross entropy 0.977540
I0305 02:59:31.282563 130845699483456 train.py:227] Step #44010: rate 0.000002, accuracy 90.23%, cross entropy 0.723109
I0305 02:59:34.281916 130845699483456 train.py:227] Step #44011: rate 0.000002, accuracy 96.48%, cross entropy 0.589869
I0305 02:59:37.195678 130845699483456 train.py:227] Step #44012: rate 0.000002, accuracy 94.53%, cross entropy 0.656879
I0305 02:59:40.156861 130845699483456 train.py:227] Step #44013: rate 0.000002, accuracy 95.31%, cross entropy 0.618169
I0305 02:59:43.124264 130845699483456 train.py:227] Step #44014: rate 0.000002, accuracy 94.53%, cross entropy 0.657448
I0305 02:59:46.008680 130845699483456 train.py:227] Step #44015: rate 0.000002, accuracy 93.36%, cross entropy 0.686772
I0305 02:59:48.967885 130845699483456 train.py:227] Step #44016: rate 0.000002, accuracy 95.31%, cross entropy 0.645496
I0305 02:59:51.853619 130845699483456 train.py:227] Step #44017: rate 0.000002, accuracy 94.14%, cross entropy 0.698082
I0305 02:59:54.813125 130845699483456 train.py:227] Step #44018: rate 0.000002, accuracy 93.36%, cross entropy 0.684852
I0305 02:59:57.717805 130845699483456 train.py:227] Step #44019: rate 0.000002, accuracy 87.11%, cross entropy 0.783198
I0305 03:00:00.672586 130845699483456 train.py:227] Step #44020: rate 0.000002, accuracy 62.50%, cross entropy 1.386757
I0305 03:00:03.653978 130845699483456 train.py:227] Step #44021: rate 0.000002, accuracy 94.92%, cross entropy 0.655237
I0305 03:00:06.626228 130845699483456 train.py:227] Step #44022: rate 0.000002, accuracy 86.72%, cross entropy 0.818011
I0305 03:00:09.693639 130845699483456 train.py:227] Step #44023: rate 0.000002, accuracy 96.88%, cross entropy 0.613636
I0305 03:00:12.751113 130845699483456 train.py:227] Step #44024: rate 0.000002, accuracy 90.62%, cross entropy 0.726271
I0305 03:00:15.711049 130845699483456 train.py:227] Step #44025: rate 0.000002, accuracy 80.08%, cross entropy 0.995625
I0305 03:00:18.645583 130845699483456 train.py:227] Step #44026: rate 0.000002, accuracy 96.09%, cross entropy 0.621845
I0305 03:00:21.469460 130845699483456 train.py:227] Step #44027: rate 0.000002, accuracy 95.70%, cross entropy 0.633772
I0305 03:00:24.407433 130845699483456 train.py:227] Step #44028: rate 0.000002, accuracy 95.70%, cross entropy 0.627844
I0305 03:00:27.505047 130845699483456 train.py:227] Step #44029: rate 0.000002, accuracy 87.11%, cross entropy 0.831675
I0305 03:00:30.397286 130845699483456 train.py:227] Step #44030: rate 0.000002, accuracy 94.53%, cross entropy 0.702098
I0305 03:00:33.432898 130845699483456 train.py:227] Step #44031: rate 0.000002, accuracy 97.66%, cross entropy 0.585770
I0305 03:00:36.733976 130845699483456 train.py:227] Step #44032: rate 0.000002, accuracy 94.53%, cross entropy 0.650841
I0305 03:00:39.924221 130845699483456 train.py:227] Step #44033: rate 0.000002, accuracy 77.34%, cross entropy 1.052653
I0305 03:00:43.083709 130845699483456 train.py:227] Step #44034: rate 0.000002, accuracy 91.41%, cross entropy 0.757525
I0305 03:00:46.139289 130845699483456 train.py:227] Step #44035: rate 0.000002, accuracy 95.31%, cross entropy 0.633480
I0305 03:00:49.157331 130845699483456 train.py:227] Step #44036: rate 0.000002, accuracy 85.16%, cross entropy 0.912257
I0305 03:00:52.079044 130845699483456 train.py:227] Step #44037: rate 0.000002, accuracy 97.66%, cross entropy 0.596395
I0305 03:00:55.227226 130845699483456 train.py:227] Step #44038: rate 0.000002, accuracy 88.67%, cross entropy 0.783967
I0305 03:00:58.069259 130845699483456 train.py:227] Step #44039: rate 0.000002, accuracy 92.19%, cross entropy 0.722964
I0305 03:01:01.207895 130845699483456 train.py:227] Step #44040: rate 0.000002, accuracy 81.64%, cross entropy 0.897489
I0305 03:01:04.274471 130845699483456 train.py:227] Step #44041: rate 0.000002, accuracy 85.94%, cross entropy 0.808251
I0305 03:01:07.344276 130845699483456 train.py:227] Step #44042: rate 0.000002, accuracy 89.06%, cross entropy 0.804482
I0305 03:01:10.232745 130845699483456 train.py:227] Step #44043: rate 0.000002, accuracy 82.81%, cross entropy 0.903349
I0305 03:01:13.163813 130845699483456 train.py:227] Step #44044: rate 0.000002, accuracy 98.05%, cross entropy 0.594304
I0305 03:01:16.199887 130845699483456 train.py:227] Step #44045: rate 0.000002, accuracy 94.14%, cross entropy 0.666095
I0305 03:01:19.269837 130845699483456 train.py:227] Step #44046: rate 0.000002, accuracy 92.19%, cross entropy 0.682841
I0305 03:01:22.167890 130845699483456 train.py:227] Step #44047: rate 0.000002, accuracy 96.48%, cross entropy 0.595010
I0305 03:01:25.250735 130845699483456 train.py:227] Step #44048: rate 0.000002, accuracy 91.80%, cross entropy 0.744065
I0305 03:01:28.183567 130845699483456 train.py:227] Step #44049: rate 0.000002, accuracy 89.84%, cross entropy 0.731905
I0305 03:01:31.256839 130845699483456 train.py:227] Step #44050: rate 0.000002, accuracy 97.27%, cross entropy 0.625648
I0305 03:01:34.360974 130845699483456 train.py:227] Step #44051: rate 0.000002, accuracy 91.80%, cross entropy 0.726213
I0305 03:01:37.380020 130845699483456 train.py:227] Step #44052: rate 0.000002, accuracy 95.70%, cross entropy 0.617931
I0305 03:01:40.392121 130845699483456 train.py:227] Step #44053: rate 0.000002, accuracy 89.06%, cross entropy 0.767709
I0305 03:01:43.485062 130845699483456 train.py:227] Step #44054: rate 0.000002, accuracy 94.14%, cross entropy 0.648782
I0305 03:01:46.623939 130845699483456 train.py:227] Step #44055: rate 0.000002, accuracy 74.61%, cross entropy 1.105596
I0305 03:01:49.792192 130845699483456 train.py:227] Step #44056: rate 0.000002, accuracy 89.84%, cross entropy 0.757796
I0305 03:01:52.813133 130845699483456 train.py:227] Step #44057: rate 0.000002, accuracy 96.09%, cross entropy 0.635569
I0305 03:01:55.734137 130845699483456 train.py:227] Step #44058: rate 0.000002, accuracy 92.19%, cross entropy 0.699024
I0305 03:01:58.726067 130845699483456 train.py:227] Step #44059: rate 0.000002, accuracy 92.58%, cross entropy 0.699971
I0305 03:02:01.735570 130845699483456 train.py:227] Step #44060: rate 0.000002, accuracy 92.58%, cross entropy 0.709839
I0305 03:02:04.890417 130845699483456 train.py:227] Step #44061: rate 0.000002, accuracy 95.70%, cross entropy 0.658404
I0305 03:02:08.113467 130845699483456 train.py:227] Step #44062: rate 0.000002, accuracy 88.67%, cross entropy 0.757319
I0305 03:02:11.124180 130845699483456 train.py:227] Step #44063: rate 0.000002, accuracy 87.11%, cross entropy 0.771316
I0305 03:02:14.331442 130845699483456 train.py:227] Step #44064: rate 0.000002, accuracy 86.33%, cross entropy 0.828325
I0305 03:02:40.384244 130845699483456 train.py:280] Step 44064: Validation accuracy = 97.33% (N=4352)
I0305 03:02:41.496053 130845699483456 train.py:289] Saved best checkpoint to /home/yandex/APDL2526a/rashkovits/keyword-transformer/models_data_v2_12_labels/kwt1_baseline/best_weights.ckpt
I0305 03:02:41.496365 130845699483456 train.py:290] So far the best validation accuracy is 97.33%
I0305 03:02:44.770757 130845699483456 train.py:227] Step #44065: rate 0.000002, accuracy 94.14%, cross entropy 0.644488
I0305 03:02:47.962376 130845699483456 train.py:227] Step #44066: rate 0.000002, accuracy 87.89%, cross entropy 0.799218
I0305 03:02:51.136533 130845699483456 train.py:227] Step #44067: rate 0.000002, accuracy 89.06%, cross entropy 0.776821
I0305 03:02:54.214843 130845699483456 train.py:227] Step #44068: rate 0.000002, accuracy 94.53%, cross entropy 0.641854
I0305 03:02:57.294638 130845699483456 train.py:227] Step #44069: rate 0.000002, accuracy 94.53%, cross entropy 0.647660
I0305 03:03:00.236472 130845699483456 train.py:227] Step #44070: rate 0.000002, accuracy 73.44%, cross entropy 1.083611
I0305 03:03:03.353584 130845699483456 train.py:227] Step #44071: rate 0.000002, accuracy 81.25%, cross entropy 0.964339
I0305 03:03:06.349095 130845699483456 train.py:227] Step #44072: rate 0.000002, accuracy 95.31%, cross entropy 0.626141
I0305 03:03:09.422452 130845699483456 train.py:227] Step #44073: rate 0.000002, accuracy 94.14%, cross entropy 0.664602
I0305 03:03:12.432705 130845699483456 train.py:227] Step #44074: rate 0.000002, accuracy 85.16%, cross entropy 0.856833
I0305 03:03:15.390561 130845699483456 train.py:227] Step #44075: rate 0.000002, accuracy 96.48%, cross entropy 0.593740
I0305 03:03:18.574488 130845699483456 train.py:227] Step #44076: rate 0.000002, accuracy 56.25%, cross entropy 1.484808
I0305 03:03:21.591398 130845699483456 train.py:227] Step #44077: rate 0.000002, accuracy 90.23%, cross entropy 0.747335
I0305 03:03:24.610341 130845699483456 train.py:227] Step #44078: rate 0.000002, accuracy 93.75%, cross entropy 0.669009
I0305 03:03:27.768872 130845699483456 train.py:227] Step #44079: rate 0.000002, accuracy 87.50%, cross entropy 0.852262
I0305 03:03:30.854981 130845699483456 train.py:227] Step #44080: rate 0.000002, accuracy 97.27%, cross entropy 0.620921
I0305 03:03:33.991251 130845699483456 train.py:227] Step #44081: rate 0.000002, accuracy 96.48%, cross entropy 0.615460
I0305 03:03:36.987196 130845699483456 train.py:227] Step #44082: rate 0.000002, accuracy 92.97%, cross entropy 0.689740
I0305 03:03:40.104758 130845699483456 train.py:227] Step #44083: rate 0.000002, accuracy 96.09%, cross entropy 0.606424
I0305 03:03:43.090193 130845699483456 train.py:227] Step #44084: rate 0.000002, accuracy 89.84%, cross entropy 0.756849
I0305 03:03:46.013195 130845699483456 train.py:227] Step #44085: rate 0.000002, accuracy 64.84%, cross entropy 1.329734
I0305 03:03:49.151929 130845699483456 train.py:227] Step #44086: rate 0.000002, accuracy 84.38%, cross entropy 0.866727
I0305 03:03:52.115251 130845699483456 train.py:227] Step #44087: rate 0.000002, accuracy 85.55%, cross entropy 0.828818
I0305 03:03:55.193201 130845699483456 train.py:227] Step #44088: rate 0.000002, accuracy 87.50%, cross entropy 0.818572
I0305 03:03:58.228294 130845699483456 train.py:227] Step #44089: rate 0.000002, accuracy 93.75%, cross entropy 0.677088
I0305 03:04:01.085666 130845699483456 train.py:227] Step #44090: rate 0.000002, accuracy 87.89%, cross entropy 0.789568
I0305 03:04:03.891431 130845699483456 train.py:227] Step #44091: rate 0.000002, accuracy 91.80%, cross entropy 0.720511
I0305 03:04:07.025460 130845699483456 train.py:227] Step #44092: rate 0.000002, accuracy 94.92%, cross entropy 0.624422
I0305 03:04:10.105693 130845699483456 train.py:227] Step #44093: rate 0.000002, accuracy 96.09%, cross entropy 0.661763
I0305 03:04:13.133353 130845699483456 train.py:227] Step #44094: rate 0.000002, accuracy 97.27%, cross entropy 0.601302
I0305 03:04:15.867250 130845699483456 train.py:227] Step #44095: rate 0.000002, accuracy 94.92%, cross entropy 0.651498
I0305 03:04:18.789898 130845699483456 train.py:227] Step #44096: rate 0.000002, accuracy 78.91%, cross entropy 1.010502
I0305 03:04:21.906332 130845699483456 train.py:227] Step #44097: rate 0.000002, accuracy 87.89%, cross entropy 0.781734
I0305 03:04:25.031831 130845699483456 train.py:227] Step #44098: rate 0.000002, accuracy 88.67%, cross entropy 0.757711
I0305 03:04:28.031182 130845699483456 train.py:227] Step #44099: rate 0.000002, accuracy 80.86%, cross entropy 0.958923
I0305 03:04:30.981776 130845699483456 train.py:227] Step #44100: rate 0.000002, accuracy 87.11%, cross entropy 0.837076
I0305 03:04:33.899388 130845699483456 train.py:227] Step #44101: rate 0.000002, accuracy 94.92%, cross entropy 0.655768
I0305 03:04:36.780717 130845699483456 train.py:227] Step #44102: rate 0.000002, accuracy 96.09%, cross entropy 0.609161
I0305 03:04:39.895821 130845699483456 train.py:227] Step #44103: rate 0.000002, accuracy 87.50%, cross entropy 0.839183
I0305 03:04:42.882661 130845699483456 train.py:227] Step #44104: rate 0.000002, accuracy 92.19%, cross entropy 0.711472
I0305 03:04:45.817888 130845699483456 train.py:227] Step #44105: rate 0.000002, accuracy 96.09%, cross entropy 0.625525
I0305 03:04:48.698715 130845699483456 train.py:227] Step #44106: rate 0.000002, accuracy 85.94%, cross entropy 0.792766
I0305 03:04:51.641960 130845699483456 train.py:227] Step #44107: rate 0.000002, accuracy 92.19%, cross entropy 0.697601
I0305 03:04:54.536473 130845699483456 train.py:227] Step #44108: rate 0.000002, accuracy 94.14%, cross entropy 0.682539
I0305 03:04:57.469068 130845699483456 train.py:227] Step #44109: rate 0.000002, accuracy 88.28%, cross entropy 0.758698
I0305 03:05:00.425726 130845699483456 train.py:227] Step #44110: rate 0.000002, accuracy 97.27%, cross entropy 0.608645
I0305 03:05:03.424251 130845699483456 train.py:227] Step #44111: rate 0.000002, accuracy 92.97%, cross entropy 0.667250
I0305 03:05:06.616493 130845699483456 train.py:227] Step #44112: rate 0.000002, accuracy 81.64%, cross entropy 0.938504
I0305 03:05:09.677854 130845699483456 train.py:227] Step #44113: rate 0.000002, accuracy 87.89%, cross entropy 0.853418
I0305 03:05:12.755284 130845699483456 train.py:227] Step #44114: rate 0.000002, accuracy 96.48%, cross entropy 0.612076
I0305 03:05:15.737813 130845699483456 train.py:227] Step #44115: rate 0.000002, accuracy 94.53%, cross entropy 0.660848
I0305 03:05:18.796357 130845699483456 train.py:227] Step #44116: rate 0.000002, accuracy 86.33%, cross entropy 0.795047
I0305 03:05:21.649684 130845699483456 train.py:227] Step #44117: rate 0.000002, accuracy 90.62%, cross entropy 0.722381
I0305 03:05:24.536144 130845699483456 train.py:227] Step #44118: rate 0.000002, accuracy 94.14%, cross entropy 0.631866
I0305 03:05:27.578224 130845699483456 train.py:227] Step #44119: rate 0.000002, accuracy 94.92%, cross entropy 0.609585
I0305 03:05:30.776750 130845699483456 train.py:227] Step #44120: rate 0.000002, accuracy 91.41%, cross entropy 0.768104
I0305 03:05:33.858064 130845699483456 train.py:227] Step #44121: rate 0.000002, accuracy 93.75%, cross entropy 0.664578
I0305 03:05:37.037264 130845699483456 train.py:227] Step #44122: rate 0.000002, accuracy 84.38%, cross entropy 0.845618
I0305 03:05:40.033054 130845699483456 train.py:227] Step #44123: rate 0.000002, accuracy 91.41%, cross entropy 0.700720
I0305 03:05:42.972984 130845699483456 train.py:227] Step #44124: rate 0.000002, accuracy 87.50%, cross entropy 0.778837
I0305 03:05:45.959975 130845699483456 train.py:227] Step #44125: rate 0.000002, accuracy 94.92%, cross entropy 0.650062
I0305 03:05:49.108072 130845699483456 train.py:227] Step #44126: rate 0.000002, accuracy 90.23%, cross entropy 0.754482
I0305 03:05:52.080980 130845699483456 train.py:227] Step #44127: rate 0.000002, accuracy 93.36%, cross entropy 0.671602
I0305 03:05:54.919980 130845699483456 train.py:227] Step #44128: rate 0.000002, accuracy 88.28%, cross entropy 0.773553
I0305 03:05:57.952242 130845699483456 train.py:227] Step #44129: rate 0.000002, accuracy 82.42%, cross entropy 0.918184
I0305 03:06:01.021753 130845699483456 train.py:227] Step #44130: rate 0.000002, accuracy 95.31%, cross entropy 0.636385
I0305 03:06:04.048977 130845699483456 train.py:227] Step #44131: rate 0.000002, accuracy 88.28%, cross entropy 0.786066
I0305 03:06:07.023807 130845699483456 train.py:227] Step #44132: rate 0.000002, accuracy 93.75%, cross entropy 0.678139
I0305 03:06:10.064969 130845699483456 train.py:227] Step #44133: rate 0.000002, accuracy 96.09%, cross entropy 0.621342
I0305 03:06:12.960451 130845699483456 train.py:227] Step #44134: rate 0.000002, accuracy 94.92%, cross entropy 0.632978
I0305 03:06:15.735376 130845699483456 train.py:227] Step #44135: rate 0.000002, accuracy 94.92%, cross entropy 0.652469
I0305 03:06:18.481359 130845699483456 train.py:227] Step #44136: rate 0.000002, accuracy 92.97%, cross entropy 0.676398
I0305 03:06:21.467427 130845699483456 train.py:227] Step #44137: rate 0.000002, accuracy 85.16%, cross entropy 0.865674
I0305 03:06:24.619066 130845699483456 train.py:227] Step #44138: rate 0.000002, accuracy 89.06%, cross entropy 0.793694
I0305 03:06:27.428239 130845699483456 train.py:227] Step #44139: rate 0.000002, accuracy 81.25%, cross entropy 0.961292
I0305 03:06:30.290107 130845699483456 train.py:227] Step #44140: rate 0.000002, accuracy 92.19%, cross entropy 0.732406
I0305 03:06:33.013290 130845699483456 train.py:227] Step #44141: rate 0.000002, accuracy 89.84%, cross entropy 0.768126
I0305 03:06:36.037479 130845699483456 train.py:227] Step #44142: rate 0.000002, accuracy 80.47%, cross entropy 0.975857
I0305 03:06:38.975104 130845699483456 train.py:227] Step #44143: rate 0.000002, accuracy 95.70%, cross entropy 0.614788
I0305 03:06:41.813576 130845699483456 train.py:227] Step #44144: rate 0.000002, accuracy 90.23%, cross entropy 0.726724
I0305 03:06:44.842354 130845699483456 train.py:227] Step #44145: rate 0.000002, accuracy 89.45%, cross entropy 0.753610
I0305 03:06:47.733801 130845699483456 train.py:227] Step #44146: rate 0.000002, accuracy 92.19%, cross entropy 0.718426
I0305 03:06:50.548936 130845699483456 train.py:227] Step #44147: rate 0.000002, accuracy 91.02%, cross entropy 0.727024
I0305 03:06:53.461534 130845699483456 train.py:227] Step #44148: rate 0.000002, accuracy 94.14%, cross entropy 0.660794
I0305 03:06:56.537533 130845699483456 train.py:227] Step #44149: rate 0.000002, accuracy 87.11%, cross entropy 0.843662
I0305 03:06:59.671400 130845699483456 train.py:227] Step #44150: rate 0.000002, accuracy 96.09%, cross entropy 0.615760
I0305 03:07:02.643324 130845699483456 train.py:227] Step #44151: rate 0.000002, accuracy 93.36%, cross entropy 0.702879
I0305 03:07:05.652226 130845699483456 train.py:227] Step #44152: rate 0.000002, accuracy 85.55%, cross entropy 0.848595
I0305 03:07:08.602938 130845699483456 train.py:227] Step #44153: rate 0.000002, accuracy 90.62%, cross entropy 0.750240
I0305 03:07:11.462313 130845699483456 train.py:227] Step #44154: rate 0.000002, accuracy 92.97%, cross entropy 0.669458
I0305 03:07:14.344703 130845699483456 train.py:227] Step #44155: rate 0.000002, accuracy 94.92%, cross entropy 0.645986
I0305 03:07:17.179257 130845699483456 train.py:227] Step #44156: rate 0.000002, accuracy 93.75%, cross entropy 0.673734
I0305 03:07:20.159955 130845699483456 train.py:227] Step #44157: rate 0.000002, accuracy 88.28%, cross entropy 0.788195
I0305 03:07:22.978691 130845699483456 train.py:227] Step #44158: rate 0.000002, accuracy 85.55%, cross entropy 0.815964
I0305 03:07:26.104469 130845699483456 train.py:227] Step #44159: rate 0.000002, accuracy 96.88%, cross entropy 0.619669
I0305 03:07:29.053809 130845699483456 train.py:227] Step #44160: rate 0.000002, accuracy 89.45%, cross entropy 0.744543
I0305 03:07:31.916719 130845699483456 train.py:227] Step #44161: rate 0.000002, accuracy 94.53%, cross entropy 0.661314
I0305 03:07:34.809743 130845699483456 train.py:227] Step #44162: rate 0.000002, accuracy 80.47%, cross entropy 0.981521
I0305 03:07:37.814958 130845699483456 train.py:227] Step #44163: rate 0.000002, accuracy 89.84%, cross entropy 0.731423
I0305 03:07:40.714911 130845699483456 train.py:227] Step #44164: rate 0.000002, accuracy 89.06%, cross entropy 0.788011
I0305 03:07:43.663699 130845699483456 train.py:227] Step #44165: rate 0.000002, accuracy 79.69%, cross entropy 0.954675
I0305 03:07:46.651601 130845699483456 train.py:227] Step #44166: rate 0.000002, accuracy 85.55%, cross entropy 0.871988
I0305 03:07:49.790212 130845699483456 train.py:227] Step #44167: rate 0.000002, accuracy 94.14%, cross entropy 0.643487
I0305 03:07:52.635613 130845699483456 train.py:227] Step #44168: rate 0.000002, accuracy 89.06%, cross entropy 0.767591
I0305 03:07:55.568435 130845699483456 train.py:227] Step #44169: rate 0.000002, accuracy 85.94%, cross entropy 0.870019
I0305 03:07:58.386743 130845699483456 train.py:227] Step #44170: rate 0.000002, accuracy 89.84%, cross entropy 0.756722
I0305 03:08:01.399402 130845699483456 train.py:227] Step #44171: rate 0.000002, accuracy 96.09%, cross entropy 0.631353
I0305 03:08:04.469374 130845699483456 train.py:227] Step #44172: rate 0.000002, accuracy 82.42%, cross entropy 0.953420
I0305 03:08:07.472951 130845699483456 train.py:227] Step #44173: rate 0.000002, accuracy 95.31%, cross entropy 0.608264
I0305 03:08:10.495355 130845699483456 train.py:227] Step #44174: rate 0.000002, accuracy 73.83%, cross entropy 1.085181
I0305 03:08:13.446880 130845699483456 train.py:227] Step #44175: rate 0.000002, accuracy 85.16%, cross entropy 0.856777
I0305 03:08:16.434276 130845699483456 train.py:227] Step #44176: rate 0.000002, accuracy 89.06%, cross entropy 0.816228
I0305 03:08:19.555943 130845699483456 train.py:227] Step #44177: rate 0.000002, accuracy 82.81%, cross entropy 0.901213
I0305 03:08:22.388317 130845699483456 train.py:227] Step #44178: rate 0.000002, accuracy 88.28%, cross entropy 0.858226
I0305 03:08:25.367323 130845699483456 train.py:227] Step #44179: rate 0.000002, accuracy 80.86%, cross entropy 0.962059
I0305 03:08:28.319362 130845699483456 train.py:227] Step #44180: rate 0.000002, accuracy 90.62%, cross entropy 0.749035
I0305 03:08:31.307903 130845699483456 train.py:227] Step #44181: rate 0.000002, accuracy 96.88%, cross entropy 0.615583
I0305 03:08:34.172772 130845699483456 train.py:227] Step #44182: rate 0.000002, accuracy 96.09%, cross entropy 0.627170
I0305 03:08:37.086405 130845699483456 train.py:227] Step #44183: rate 0.000002, accuracy 95.70%, cross entropy 0.631860
I0305 03:08:39.857480 130845699483456 train.py:227] Step #44184: rate 0.000002, accuracy 81.64%, cross entropy 0.970935
I0305 03:08:42.858827 130845699483456 train.py:227] Step #44185: rate 0.000002, accuracy 89.45%, cross entropy 0.774809
I0305 03:08:45.671011 130845699483456 train.py:227] Step #44186: rate 0.000002, accuracy 88.28%, cross entropy 0.800025
I0305 03:08:48.621111 130845699483456 train.py:227] Step #44187: rate 0.000002, accuracy 75.00%, cross entropy 1.059335
I0305 03:08:51.790868 130845699483456 train.py:227] Step #44188: rate 0.000002, accuracy 85.94%, cross entropy 0.826186
I0305 03:08:54.905561 130845699483456 train.py:227] Step #44189: rate 0.000002, accuracy 91.41%, cross entropy 0.783725
I0305 03:08:57.883059 130845699483456 train.py:227] Step #44190: rate 0.000002, accuracy 96.48%, cross entropy 0.607144
I0305 03:09:00.927982 130845699483456 train.py:227] Step #44191: rate 0.000002, accuracy 92.58%, cross entropy 0.718701
I0305 03:09:04.125775 130845699483456 train.py:227] Step #44192: rate 0.000002, accuracy 95.70%, cross entropy 0.630917
I0305 03:09:07.209330 130845699483456 train.py:227] Step #44193: rate 0.000002, accuracy 89.84%, cross entropy 0.752135
I0305 03:09:10.000327 130845699483456 train.py:227] Step #44194: rate 0.000002, accuracy 96.88%, cross entropy 0.609808
I0305 03:09:12.932086 130845699483456 train.py:227] Step #44195: rate 0.000002, accuracy 92.19%, cross entropy 0.698465
I0305 03:09:15.666379 130845699483456 train.py:227] Step #44196: rate 0.000002, accuracy 94.53%, cross entropy 0.655484
I0305 03:09:18.724673 130845699483456 train.py:227] Step #44197: rate 0.000002, accuracy 96.48%, cross entropy 0.607767
I0305 03:09:21.459661 130845699483456 train.py:227] Step #44198: rate 0.000002, accuracy 88.67%, cross entropy 0.766908
I0305 03:09:24.347450 130845699483456 train.py:227] Step #44199: rate 0.000002, accuracy 73.05%, cross entropy 1.065988
I0305 03:09:27.352839 130845699483456 train.py:227] Step #44200: rate 0.000002, accuracy 92.97%, cross entropy 0.668814
I0305 03:09:30.333241 130845699483456 train.py:227] Step #44201: rate 0.000002, accuracy 94.53%, cross entropy 0.638905
I0305 03:09:33.025724 130845699483456 train.py:227] Step #44202: rate 0.000002, accuracy 93.36%, cross entropy 0.681043
I0305 03:09:35.858342 130845699483456 train.py:227] Step #44203: rate 0.000002, accuracy 96.48%, cross entropy 0.612913
I0305 03:09:38.778229 130845699483456 train.py:227] Step #44204: rate 0.000002, accuracy 91.02%, cross entropy 0.712614
I0305 03:09:41.745301 130845699483456 train.py:227] Step #44205: rate 0.000002, accuracy 96.48%, cross entropy 0.599589
I0305 03:09:44.665723 130845699483456 train.py:227] Step #44206: rate 0.000002, accuracy 95.70%, cross entropy 0.608143
I0305 03:09:47.693373 130845699483456 train.py:227] Step #44207: rate 0.000002, accuracy 95.31%, cross entropy 0.642496
I0305 03:09:50.574336 130845699483456 train.py:227] Step #44208: rate 0.000002, accuracy 96.88%, cross entropy 0.581486
I0305 03:10:16.786643 130845699483456 train.py:280] Step 44208: Validation accuracy = 97.29% (N=4352)
I0305 03:10:16.787453 130845699483456 train.py:290] So far the best validation accuracy is 97.33%
I0305 03:10:19.756555 130845699483456 train.py:227] Step #44209: rate 0.000002, accuracy 87.89%, cross entropy 0.781995
I0305 03:10:22.758027 130845699483456 train.py:227] Step #44210: rate 0.000002, accuracy 96.48%, cross entropy 0.650205
I0305 03:10:25.845408 130845699483456 train.py:227] Step #44211: rate 0.000002, accuracy 87.11%, cross entropy 0.841939
I0305 03:10:28.944339 130845699483456 train.py:227] Step #44212: rate 0.000002, accuracy 97.27%, cross entropy 0.589998
I0305 03:10:31.960640 130845699483456 train.py:227] Step #44213: rate 0.000002, accuracy 89.45%, cross entropy 0.732827
I0305 03:10:35.152308 130845699483456 train.py:227] Step #44214: rate 0.000002, accuracy 96.09%, cross entropy 0.623624
I0305 03:10:38.171099 130845699483456 train.py:227] Step #44215: rate 0.000002, accuracy 88.28%, cross entropy 0.815126
I0305 03:10:41.155574 130845699483456 train.py:227] Step #44216: rate 0.000002, accuracy 84.77%, cross entropy 0.840779
I0305 03:10:44.231840 130845699483456 train.py:227] Step #44217: rate 0.000002, accuracy 86.33%, cross entropy 0.828558
I0305 03:10:47.278585 130845699483456 train.py:227] Step #44218: rate 0.000002, accuracy 90.62%, cross entropy 0.705597
I0305 03:10:50.044944 130845699483456 train.py:227] Step #44219: rate 0.000002, accuracy 85.16%, cross entropy 0.865771
I0305 03:10:52.954195 130845699483456 train.py:227] Step #44220: rate 0.000002, accuracy 92.58%, cross entropy 0.690918
I0305 03:10:55.824770 130845699483456 train.py:227] Step #44221: rate 0.000002, accuracy 90.62%, cross entropy 0.763010
I0305 03:10:58.894054 130845699483456 train.py:227] Step #44222: rate 0.000002, accuracy 87.11%, cross entropy 0.808312
I0305 03:11:01.937788 130845699483456 train.py:227] Step #44223: rate 0.000002, accuracy 92.58%, cross entropy 0.708978
I0305 03:11:04.979360 130845699483456 train.py:227] Step #44224: rate 0.000002, accuracy 89.84%, cross entropy 0.779565
I0305 03:11:07.809612 130845699483456 train.py:227] Step #44225: rate 0.000002, accuracy 93.75%, cross entropy 0.676109
I0305 03:11:10.720672 130845699483456 train.py:227] Step #44226: rate 0.000002, accuracy 87.50%, cross entropy 0.823881
I0305 03:11:13.618285 130845699483456 train.py:227] Step #44227: rate 0.000002, accuracy 98.05%, cross entropy 0.580325
I0305 03:11:16.475398 130845699483456 train.py:227] Step #44228: rate 0.000002, accuracy 87.50%, cross entropy 0.827675
I0305 03:11:19.486012 130845699483456 train.py:227] Step #44229: rate 0.000002, accuracy 87.11%, cross entropy 0.804651
I0305 03:11:22.490636 130845699483456 train.py:227] Step #44230: rate 0.000002, accuracy 93.75%, cross entropy 0.675930
I0305 03:11:25.573688 130845699483456 train.py:227] Step #44231: rate 0.000002, accuracy 94.53%, cross entropy 0.663966
I0305 03:11:28.482390 130845699483456 train.py:227] Step #44232: rate 0.000002, accuracy 85.94%, cross entropy 0.804649
I0305 03:11:31.555666 130845699483456 train.py:227] Step #44233: rate 0.000002, accuracy 85.16%, cross entropy 0.845520
I0305 03:11:34.532036 130845699483456 train.py:227] Step #44234: rate 0.000002, accuracy 74.61%, cross entropy 1.102952
I0305 03:11:37.435671 130845699483456 train.py:227] Step #44235: rate 0.000002, accuracy 87.11%, cross entropy 0.770854
I0305 03:11:40.584353 130845699483456 train.py:227] Step #44236: rate 0.000002, accuracy 81.64%, cross entropy 0.914881
I0305 03:11:43.594852 130845699483456 train.py:227] Step #44237: rate 0.000002, accuracy 92.97%, cross entropy 0.681745
I0305 03:11:46.355894 130845699483456 train.py:227] Step #44238: rate 0.000002, accuracy 75.78%, cross entropy 1.054291
I0305 03:11:49.075351 130845699483456 train.py:227] Step #44239: rate 0.000002, accuracy 82.42%, cross entropy 0.874687
I0305 03:11:51.865859 130845699483456 train.py:227] Step #44240: rate 0.000002, accuracy 87.11%, cross entropy 0.810153
I0305 03:11:54.907819 130845699483456 train.py:227] Step #44241: rate 0.000002, accuracy 95.31%, cross entropy 0.635993
I0305 03:11:57.818698 130845699483456 train.py:227] Step #44242: rate 0.000002, accuracy 97.66%, cross entropy 0.592345
I0305 03:12:00.726293 130845699483456 train.py:227] Step #44243: rate 0.000002, accuracy 92.97%, cross entropy 0.685379
I0305 03:12:03.589049 130845699483456 train.py:227] Step #44244: rate 0.000002, accuracy 92.19%, cross entropy 0.699264
I0305 03:12:06.370847 130845699483456 train.py:227] Step #44245: rate 0.000002, accuracy 92.97%, cross entropy 0.699778
I0305 03:12:09.261442 130845699483456 train.py:227] Step #44246: rate 0.000002, accuracy 95.70%, cross entropy 0.646704
I0305 03:12:12.140331 130845699483456 train.py:227] Step #44247: rate 0.000002, accuracy 92.58%, cross entropy 0.726957
I0305 03:12:15.168632 130845699483456 train.py:227] Step #44248: rate 0.000002, accuracy 90.23%, cross entropy 0.797355
I0305 03:12:18.030725 130845699483456 train.py:227] Step #44249: rate 0.000002, accuracy 94.53%, cross entropy 0.651101
I0305 03:12:20.836334 130845699483456 train.py:227] Step #44250: rate 0.000002, accuracy 88.67%, cross entropy 0.811132
I0305 03:12:23.765996 130845699483456 train.py:227] Step #44251: rate 0.000002, accuracy 97.66%, cross entropy 0.602759
I0305 03:12:26.717381 130845699483456 train.py:227] Step #44252: rate 0.000002, accuracy 96.48%, cross entropy 0.631150
I0305 03:12:29.622196 130845699483456 train.py:227] Step #44253: rate 0.000002, accuracy 76.95%, cross entropy 1.026218
I0305 03:12:32.483148 130845699483456 train.py:227] Step #44254: rate 0.000002, accuracy 96.88%, cross entropy 0.599336
I0305 03:12:35.364819 130845699483456 train.py:227] Step #44255: rate 0.000002, accuracy 98.05%, cross entropy 0.588100
I0305 03:12:38.364039 130845699483456 train.py:227] Step #44256: rate 0.000002, accuracy 84.38%, cross entropy 0.862065
I0305 03:12:41.353810 130845699483456 train.py:227] Step #44257: rate 0.000002, accuracy 78.91%, cross entropy 0.960384
I0305 03:12:44.390328 130845699483456 train.py:227] Step #44258: rate 0.000002, accuracy 90.62%, cross entropy 0.730217
I0305 03:12:47.421625 130845699483456 train.py:227] Step #44259: rate 0.000002, accuracy 91.41%, cross entropy 0.769475
I0305 03:12:50.289009 130845699483456 train.py:227] Step #44260: rate 0.000002, accuracy 95.31%, cross entropy 0.645465
I0305 03:12:53.374610 130845699483456 train.py:227] Step #44261: rate 0.000002, accuracy 95.31%, cross entropy 0.632303
I0305 03:12:56.422043 130845699483456 train.py:227] Step #44262: rate 0.000002, accuracy 96.09%, cross entropy 0.617806
I0305 03:12:59.484483 130845699483456 train.py:227] Step #44263: rate 0.000002, accuracy 85.16%, cross entropy 0.830226
I0305 03:13:02.484134 130845699483456 train.py:227] Step #44264: rate 0.000002, accuracy 96.48%, cross entropy 0.643696
I0305 03:13:05.532647 130845699483456 train.py:227] Step #44265: rate 0.000002, accuracy 93.75%, cross entropy 0.643608
I0305 03:13:08.505955 130845699483456 train.py:227] Step #44266: rate 0.000002, accuracy 93.75%, cross entropy 0.651821
I0305 03:13:11.553278 130845699483456 train.py:227] Step #44267: rate 0.000002, accuracy 96.88%, cross entropy 0.595175
I0305 03:13:14.575245 130845699483456 train.py:227] Step #44268: rate 0.000002, accuracy 94.53%, cross entropy 0.654152
I0305 03:13:17.559081 130845699483456 train.py:227] Step #44269: rate 0.000002, accuracy 91.41%, cross entropy 0.737619
I0305 03:13:20.457468 130845699483456 train.py:227] Step #44270: rate 0.000002, accuracy 87.11%, cross entropy 0.821572
I0305 03:13:23.291140 130845699483456 train.py:227] Step #44271: rate 0.000002, accuracy 95.70%, cross entropy 0.617164
I0305 03:13:26.288038 130845699483456 train.py:227] Step #44272: rate 0.000002, accuracy 96.09%, cross entropy 0.615341
I0305 03:13:29.211341 130845699483456 train.py:227] Step #44273: rate 0.000002, accuracy 82.42%, cross entropy 0.920079
I0305 03:13:32.193436 130845699483456 train.py:227] Step #44274: rate 0.000002, accuracy 90.62%, cross entropy 0.774142
I0305 03:13:35.382316 130845699483456 train.py:227] Step #44275: rate 0.000002, accuracy 89.84%, cross entropy 0.760878
I0305 03:13:38.427002 130845699483456 train.py:227] Step #44276: rate 0.000002, accuracy 88.28%, cross entropy 0.796373
I0305 03:13:41.416445 130845699483456 train.py:227] Step #44277: rate 0.000002, accuracy 84.38%, cross entropy 0.884114
I0305 03:13:44.300065 130845699483456 train.py:227] Step #44278: rate 0.000002, accuracy 96.88%, cross entropy 0.582000
I0305 03:13:47.101261 130845699483456 train.py:227] Step #44279: rate 0.000002, accuracy 94.53%, cross entropy 0.648097
I0305 03:13:50.031952 130845699483456 train.py:227] Step #44280: rate 0.000002, accuracy 95.31%, cross entropy 0.633508
I0305 03:13:52.995468 130845699483456 train.py:227] Step #44281: rate 0.000002, accuracy 92.58%, cross entropy 0.713655
I0305 03:13:55.914804 130845699483456 train.py:227] Step #44282: rate 0.000002, accuracy 95.31%, cross entropy 0.625652
I0305 03:13:58.832336 130845699483456 train.py:227] Step #44283: rate 0.000002, accuracy 88.28%, cross entropy 0.778513
I0305 03:14:01.682499 130845699483456 train.py:227] Step #44284: rate 0.000002, accuracy 94.14%, cross entropy 0.662182
I0305 03:14:04.658478 130845699483456 train.py:227] Step #44285: rate 0.000002, accuracy 91.80%, cross entropy 0.728304
I0305 03:14:07.862025 130845699483456 train.py:227] Step #44286: rate 0.000002, accuracy 95.70%, cross entropy 0.620954
I0305 03:14:10.801769 130845699483456 train.py:227] Step #44287: rate 0.000002, accuracy 96.48%, cross entropy 0.630495
I0305 03:14:13.930394 130845699483456 train.py:227] Step #44288: rate 0.000002, accuracy 93.75%, cross entropy 0.682455
I0305 03:14:16.942114 130845699483456 train.py:227] Step #44289: rate 0.000002, accuracy 91.41%, cross entropy 0.749095
I0305 03:14:19.951828 130845699483456 train.py:227] Step #44290: rate 0.000002, accuracy 90.62%, cross entropy 0.696656
I0305 03:14:22.979663 130845699483456 train.py:227] Step #44291: rate 0.000002, accuracy 92.97%, cross entropy 0.702531
I0305 03:14:25.962614 130845699483456 train.py:227] Step #44292: rate 0.000002, accuracy 93.75%, cross entropy 0.669533
I0305 03:14:28.888453 130845699483456 train.py:227] Step #44293: rate 0.000002, accuracy 83.20%, cross entropy 0.939235
I0305 03:14:31.775187 130845699483456 train.py:227] Step #44294: rate 0.000002, accuracy 86.33%, cross entropy 0.809075
I0305 03:14:34.708314 130845699483456 train.py:227] Step #44295: rate 0.000002, accuracy 90.62%, cross entropy 0.736586
I0305 03:14:37.730898 130845699483456 train.py:227] Step #44296: rate 0.000002, accuracy 94.92%, cross entropy 0.652207
I0305 03:14:40.771656 130845699483456 train.py:227] Step #44297: rate 0.000002, accuracy 90.62%, cross entropy 0.763479
I0305 03:14:43.729589 130845699483456 train.py:227] Step #44298: rate 0.000002, accuracy 87.89%, cross entropy 0.779321
I0305 03:14:46.643817 130845699483456 train.py:227] Step #44299: rate 0.000002, accuracy 90.23%, cross entropy 0.745736
I0305 03:14:49.636730 130845699483456 train.py:227] Step #44300: rate 0.000002, accuracy 92.97%, cross entropy 0.708893
I0305 03:14:52.453596 130845699483456 train.py:227] Step #44301: rate 0.000002, accuracy 95.70%, cross entropy 0.640178
I0305 03:14:55.286852 130845699483456 train.py:227] Step #44302: rate 0.000002, accuracy 92.19%, cross entropy 0.685445
I0305 03:14:58.349088 130845699483456 train.py:227] Step #44303: rate 0.000002, accuracy 80.08%, cross entropy 0.961185
I0305 03:15:01.312635 130845699483456 train.py:227] Step #44304: rate 0.000002, accuracy 87.89%, cross entropy 0.822718
I0305 03:15:04.407633 130845699483456 train.py:227] Step #44305: rate 0.000002, accuracy 96.09%, cross entropy 0.625376
I0305 03:15:07.469433 130845699483456 train.py:227] Step #44306: rate 0.000002, accuracy 92.97%, cross entropy 0.670086
I0305 03:15:10.409395 130845699483456 train.py:227] Step #44307: rate 0.000002, accuracy 96.48%, cross entropy 0.602287
I0305 03:15:13.613018 130845699483456 train.py:227] Step #44308: rate 0.000002, accuracy 95.70%, cross entropy 0.607245
I0305 03:15:16.586879 130845699483456 train.py:227] Step #44309: rate 0.000002, accuracy 92.19%, cross entropy 0.684595
I0305 03:15:19.565246 130845699483456 train.py:227] Step #44310: rate 0.000002, accuracy 89.84%, cross entropy 0.751421
I0305 03:15:22.573450 130845699483456 train.py:227] Step #44311: rate 0.000002, accuracy 93.36%, cross entropy 0.674094
I0305 03:15:25.640901 130845699483456 train.py:227] Step #44312: rate 0.000002, accuracy 80.86%, cross entropy 0.924902
I0305 03:15:28.551791 130845699483456 train.py:227] Step #44313: rate 0.000002, accuracy 87.11%, cross entropy 0.826483
I0305 03:15:31.655292 130845699483456 train.py:227] Step #44314: rate 0.000002, accuracy 85.94%, cross entropy 0.831389
I0305 03:15:34.838108 130845699483456 train.py:227] Step #44315: rate 0.000002, accuracy 92.97%, cross entropy 0.705260
I0305 03:15:37.681913 130845699483456 train.py:227] Step #44316: rate 0.000002, accuracy 87.50%, cross entropy 0.794528
I0305 03:15:40.765065 130845699483456 train.py:227] Step #44317: rate 0.000002, accuracy 90.62%, cross entropy 0.734893
I0305 03:15:43.697881 130845699483456 train.py:227] Step #44318: rate 0.000002, accuracy 89.06%, cross entropy 0.756701
I0305 03:15:46.771191 130845699483456 train.py:227] Step #44319: rate 0.000002, accuracy 91.80%, cross entropy 0.723677
I0305 03:15:49.758825 130845699483456 train.py:227] Step #44320: rate 0.000002, accuracy 89.84%, cross entropy 0.739151
I0305 03:15:52.711494 130845699483456 train.py:227] Step #44321: rate 0.000002, accuracy 87.50%, cross entropy 0.786423
I0305 03:15:55.632198 130845699483456 train.py:227] Step #44322: rate 0.000002, accuracy 85.16%, cross entropy 0.838892
I0305 03:15:58.587055 130845699483456 train.py:227] Step #44323: rate 0.000002, accuracy 89.06%, cross entropy 0.766716
I0305 03:16:01.511637 130845699483456 train.py:227] Step #44324: rate 0.000002, accuracy 88.67%, cross entropy 0.784166
I0305 03:16:04.460631 130845699483456 train.py:227] Step #44325: rate 0.000002, accuracy 91.80%, cross entropy 0.710335
I0305 03:16:07.364633 130845699483456 train.py:227] Step #44326: rate 0.000002, accuracy 95.31%, cross entropy 0.646303
I0305 03:16:10.186678 130845699483456 train.py:227] Step #44327: rate 0.000002, accuracy 92.97%, cross entropy 0.688566
I0305 03:16:13.025575 130845699483456 train.py:227] Step #44328: rate 0.000002, accuracy 92.19%, cross entropy 0.701508
I0305 03:16:16.064049 130845699483456 train.py:227] Step #44329: rate 0.000002, accuracy 92.19%, cross entropy 0.712525
I0305 03:16:18.898532 130845699483456 train.py:227] Step #44330: rate 0.000002, accuracy 85.55%, cross entropy 0.836193
I0305 03:16:21.942729 130845699483456 train.py:227] Step #44331: rate 0.000002, accuracy 92.58%, cross entropy 0.696585
I0305 03:16:24.822459 130845699483456 train.py:227] Step #44332: rate 0.000002, accuracy 86.33%, cross entropy 0.833170
I0305 03:16:27.732949 130845699483456 train.py:227] Step #44333: rate 0.000002, accuracy 94.92%, cross entropy 0.657782
I0305 03:16:30.691495 130845699483456 train.py:227] Step #44334: rate 0.000002, accuracy 87.50%, cross entropy 0.851777
I0305 03:16:33.559736 130845699483456 train.py:227] Step #44335: rate 0.000002, accuracy 83.59%, cross entropy 0.862097
I0305 03:16:36.472272 130845699483456 train.py:227] Step #44336: rate 0.000002, accuracy 97.27%, cross entropy 0.602359
I0305 03:16:39.529924 130845699483456 train.py:227] Step #44337: rate 0.000002, accuracy 90.62%, cross entropy 0.733083
I0305 03:16:42.437785 130845699483456 train.py:227] Step #44338: rate 0.000002, accuracy 93.36%, cross entropy 0.679418
I0305 03:16:45.413756 130845699483456 train.py:227] Step #44339: rate 0.000002, accuracy 86.33%, cross entropy 0.821762
I0305 03:16:48.212140 130845699483456 train.py:227] Step #44340: rate 0.000002, accuracy 93.36%, cross entropy 0.668293
I0305 03:16:51.056560 130845699483456 train.py:227] Step #44341: rate 0.000002, accuracy 91.02%, cross entropy 0.735922
I0305 03:16:53.999721 130845699483456 train.py:227] Step #44342: rate 0.000002, accuracy 85.55%, cross entropy 0.841785
I0305 03:16:56.942771 130845699483456 train.py:227] Step #44343: rate 0.000002, accuracy 95.70%, cross entropy 0.631973
I0305 03:16:59.613861 130845699483456 train.py:227] Step #44344: rate 0.000002, accuracy 94.53%, cross entropy 0.654132
I0305 03:17:02.539361 130845699483456 train.py:227] Step #44345: rate 0.000002, accuracy 91.80%, cross entropy 0.706719
I0305 03:17:05.299497 130845699483456 train.py:227] Step #44346: rate 0.000002, accuracy 89.84%, cross entropy 0.768609
I0305 03:17:08.211032 130845699483456 train.py:227] Step #44347: rate 0.000002, accuracy 92.97%, cross entropy 0.713541
I0305 03:17:11.068731 130845699483456 train.py:227] Step #44348: rate 0.000002, accuracy 95.70%, cross entropy 0.624774
I0305 03:17:14.103169 130845699483456 train.py:227] Step #44349: rate 0.000002, accuracy 95.31%, cross entropy 0.625602
I0305 03:17:16.954732 130845699483456 train.py:227] Step #44350: rate 0.000002, accuracy 91.80%, cross entropy 0.725505
I0305 03:17:19.935301 130845699483456 train.py:227] Step #44351: rate 0.000002, accuracy 93.75%, cross entropy 0.652530
I0305 03:17:23.091803 130845699483456 train.py:227] Step #44352: rate 0.000002, accuracy 94.92%, cross entropy 0.654888
I0305 03:17:48.942008 130845699483456 train.py:280] Step 44352: Validation accuracy = 97.33% (N=4352)
I0305 03:17:50.092266 130845699483456 train.py:289] Saved best checkpoint to /home/yandex/APDL2526a/rashkovits/keyword-transformer/models_data_v2_12_labels/kwt1_baseline/best_weights.ckpt
I0305 03:17:50.092972 130845699483456 train.py:290] So far the best validation accuracy is 97.33%
I0305 03:17:53.201656 130845699483456 train.py:227] Step #44353: rate 0.000002, accuracy 90.23%, cross entropy 0.735409
I0305 03:17:56.333926 130845699483456 train.py:227] Step #44354: rate 0.000002, accuracy 96.88%, cross entropy 0.604700
I0305 03:17:59.588283 130845699483456 train.py:227] Step #44355: rate 0.000002, accuracy 94.92%, cross entropy 0.623836
I0305 03:18:02.639748 130845699483456 train.py:227] Step #44356: rate 0.000002, accuracy 88.67%, cross entropy 0.808159
I0305 03:18:05.682337 130845699483456 train.py:227] Step #44357: rate 0.000002, accuracy 94.14%, cross entropy 0.671720
I0305 03:18:08.703638 130845699483456 train.py:227] Step #44358: rate 0.000002, accuracy 93.75%, cross entropy 0.693780
I0305 03:18:11.730024 130845699483456 train.py:227] Step #44359: rate 0.000002, accuracy 91.02%, cross entropy 0.690532
I0305 03:18:14.603655 130845699483456 train.py:227] Step #44360: rate 0.000002, accuracy 87.89%, cross entropy 0.807778
I0305 03:18:17.499653 130845699483456 train.py:227] Step #44361: rate 0.000002, accuracy 97.66%, cross entropy 0.586647
I0305 03:18:20.331766 130845699483456 train.py:227] Step #44362: rate 0.000002, accuracy 94.53%, cross entropy 0.642699
I0305 03:18:23.290233 130845699483456 train.py:227] Step #44363: rate 0.000002, accuracy 96.09%, cross entropy 0.601380
I0305 03:18:26.179940 130845699483456 train.py:227] Step #44364: rate 0.000002, accuracy 91.02%, cross entropy 0.751933
I0305 03:18:29.070357 130845699483456 train.py:227] Step #44365: rate 0.000002, accuracy 96.48%, cross entropy 0.633168
I0305 03:18:31.979771 130845699483456 train.py:227] Step #44366: rate 0.000002, accuracy 84.77%, cross entropy 0.904176
I0305 03:18:35.060831 130845699483456 train.py:227] Step #44367: rate 0.000002, accuracy 92.97%, cross entropy 0.686498
I0305 03:18:37.851043 130845699483456 train.py:227] Step #44368: rate 0.000002, accuracy 94.92%, cross entropy 0.643976
I0305 03:18:40.881592 130845699483456 train.py:227] Step #44369: rate 0.000002, accuracy 94.14%, cross entropy 0.664521
I0305 03:18:43.927097 130845699483456 train.py:227] Step #44370: rate 0.000002, accuracy 90.62%, cross entropy 0.729881
I0305 03:18:47.068261 130845699483456 train.py:227] Step #44371: rate 0.000002, accuracy 96.48%, cross entropy 0.602227
I0305 03:18:50.058257 130845699483456 train.py:227] Step #44372: rate 0.000002, accuracy 82.81%, cross entropy 0.917238
I0305 03:18:53.053240 130845699483456 train.py:227] Step #44373: rate 0.000002, accuracy 94.53%, cross entropy 0.632360
I0305 03:18:56.188852 130845699483456 train.py:227] Step #44374: rate 0.000002, accuracy 94.14%, cross entropy 0.668839
I0305 03:18:59.131843 130845699483456 train.py:227] Step #44375: rate 0.000002, accuracy 73.44%, cross entropy 1.153362
I0305 03:19:02.191979 130845699483456 train.py:227] Step #44376: rate 0.000002, accuracy 90.62%, cross entropy 0.708338
I0305 03:19:05.307217 130845699483456 train.py:227] Step #44377: rate 0.000002, accuracy 91.80%, cross entropy 0.718228
I0305 03:19:08.185133 130845699483456 train.py:227] Step #44378: rate 0.000002, accuracy 88.28%, cross entropy 0.841577
I0305 03:19:11.114563 130845699483456 train.py:227] Step #44379: rate 0.000002, accuracy 91.41%, cross entropy 0.682789
I0305 03:19:14.124727 130845699483456 train.py:227] Step #44380: rate 0.000002, accuracy 82.81%, cross entropy 0.946403
I0305 03:19:17.237818 130845699483456 train.py:227] Step #44381: rate 0.000002, accuracy 83.20%, cross entropy 0.864110
I0305 03:19:20.375009 130845699483456 train.py:227] Step #44382: rate 0.000002, accuracy 85.55%, cross entropy 0.860969
I0305 03:19:23.200446 130845699483456 train.py:227] Step #44383: rate 0.000002, accuracy 90.23%, cross entropy 0.780234
I0305 03:19:26.174380 130845699483456 train.py:227] Step #44384: rate 0.000002, accuracy 93.36%, cross entropy 0.683825
I0305 03:19:29.107005 130845699483456 train.py:227] Step #44385: rate 0.000002, accuracy 90.62%, cross entropy 0.749204
I0305 03:19:32.028192 130845699483456 train.py:227] Step #44386: rate 0.000002, accuracy 90.62%, cross entropy 0.764181
I0305 03:19:35.063828 130845699483456 train.py:227] Step #44387: rate 0.000002, accuracy 88.67%, cross entropy 0.790500
I0305 03:19:38.043936 130845699483456 train.py:227] Step #44388: rate 0.000002, accuracy 96.09%, cross entropy 0.625518
I0305 03:19:41.010493 130845699483456 train.py:227] Step #44389: rate 0.000002, accuracy 90.62%, cross entropy 0.718911
I0305 03:19:44.120684 130845699483456 train.py:227] Step #44390: rate 0.000002, accuracy 95.31%, cross entropy 0.653942
I0305 03:19:47.201085 130845699483456 train.py:227] Step #44391: rate 0.000002, accuracy 93.36%, cross entropy 0.687117
I0305 03:19:50.196139 130845699483456 train.py:227] Step #44392: rate 0.000002, accuracy 94.14%, cross entropy 0.632916
I0305 03:19:53.221381 130845699483456 train.py:227] Step #44393: rate 0.000002, accuracy 94.14%, cross entropy 0.662049
I0305 03:19:55.986767 130845699483456 train.py:227] Step #44394: rate 0.000002, accuracy 92.19%, cross entropy 0.713504
I0305 03:19:58.939364 130845699483456 train.py:227] Step #44395: rate 0.000002, accuracy 96.09%, cross entropy 0.610856
I0305 03:20:01.844044 130845699483456 train.py:227] Step #44396: rate 0.000002, accuracy 95.31%, cross entropy 0.642141
I0305 03:20:04.696495 130845699483456 train.py:227] Step #44397: rate 0.000002, accuracy 89.45%, cross entropy 0.755099
I0305 03:20:07.831007 130845699483456 train.py:227] Step #44398: rate 0.000002, accuracy 94.53%, cross entropy 0.646271
I0305 03:20:10.857789 130845699483456 train.py:227] Step #44399: rate 0.000002, accuracy 96.88%, cross entropy 0.637309
I0305 03:20:13.708289 130845699483456 train.py:227] Step #44400: rate 0.000002, accuracy 94.92%, cross entropy 0.637231
I0305 03:20:16.705387 130845699483456 train.py:227] Step #44401: rate 0.000002, accuracy 94.14%, cross entropy 0.662923
I0305 03:20:19.666825 130845699483456 train.py:227] Step #44402: rate 0.000002, accuracy 94.53%, cross entropy 0.650929
I0305 03:20:22.489257 130845699483456 train.py:227] Step #44403: rate 0.000002, accuracy 96.48%, cross entropy 0.628664
I0305 03:20:25.490185 130845699483456 train.py:227] Step #44404: rate 0.000002, accuracy 93.36%, cross entropy 0.657981
I0305 03:20:28.620187 130845699483456 train.py:227] Step #44405: rate 0.000002, accuracy 96.48%, cross entropy 0.600982
I0305 03:20:31.730800 130845699483456 train.py:227] Step #44406: rate 0.000002, accuracy 73.83%, cross entropy 1.077857
I0305 03:20:34.673500 130845699483456 train.py:227] Step #44407: rate 0.000002, accuracy 89.06%, cross entropy 0.761183
I0305 03:20:37.502707 130845699483456 train.py:227] Step #44408: rate 0.000002, accuracy 93.36%, cross entropy 0.674193
I0305 03:20:40.322064 130845699483456 train.py:227] Step #44409: rate 0.000002, accuracy 95.31%, cross entropy 0.635208
I0305 03:20:43.248047 130845699483456 train.py:227] Step #44410: rate 0.000002, accuracy 85.94%, cross entropy 0.841886
I0305 03:20:45.978008 130845699483456 train.py:227] Step #44411: rate 0.000002, accuracy 78.52%, cross entropy 1.014098
I0305 03:20:48.818073 130845699483456 train.py:227] Step #44412: rate 0.000002, accuracy 87.50%, cross entropy 0.804332
I0305 03:20:51.668363 130845699483456 train.py:227] Step #44413: rate 0.000002, accuracy 91.02%, cross entropy 0.728994
I0305 03:20:54.826539 130845699483456 train.py:227] Step #44414: rate 0.000002, accuracy 94.92%, cross entropy 0.655318
I0305 03:20:57.958684 130845699483456 train.py:227] Step #44415: rate 0.000002, accuracy 92.97%, cross entropy 0.729003
I0305 03:21:01.000861 130845699483456 train.py:227] Step #44416: rate 0.000002, accuracy 92.58%, cross entropy 0.683836
I0305 03:21:03.944782 130845699483456 train.py:227] Step #44417: rate 0.000002, accuracy 87.50%, cross entropy 0.816621
I0305 03:21:06.903845 130845699483456 train.py:227] Step #44418: rate 0.000002, accuracy 94.92%, cross entropy 0.644635
I0305 03:21:10.029674 130845699483456 train.py:227] Step #44419: rate 0.000002, accuracy 93.36%, cross entropy 0.670572
I0305 03:21:12.887377 130845699483456 train.py:227] Step #44420: rate 0.000002, accuracy 89.06%, cross entropy 0.768468
I0305 03:21:15.899953 130845699483456 train.py:227] Step #44421: rate 0.000002, accuracy 83.59%, cross entropy 0.903190
I0305 03:21:19.036239 130845699483456 train.py:227] Step #44422: rate 0.000002, accuracy 82.42%, cross entropy 0.879261
I0305 03:21:21.975819 130845699483456 train.py:227] Step #44423: rate 0.000002, accuracy 83.98%, cross entropy 0.909559
I0305 03:21:24.979957 130845699483456 train.py:227] Step #44424: rate 0.000002, accuracy 90.23%, cross entropy 0.720813
I0305 03:21:27.969794 130845699483456 train.py:227] Step #44425: rate 0.000002, accuracy 91.41%, cross entropy 0.705305
I0305 03:21:30.855860 130845699483456 train.py:227] Step #44426: rate 0.000002, accuracy 91.02%, cross entropy 0.725555
I0305 03:21:33.663139 130845699483456 train.py:227] Step #44427: rate 0.000002, accuracy 95.70%, cross entropy 0.611368
I0305 03:21:36.788287 130845699483456 train.py:227] Step #44428: rate 0.000002, accuracy 96.48%, cross entropy 0.627214
I0305 03:21:39.847698 130845699483456 train.py:227] Step #44429: rate 0.000002, accuracy 90.62%, cross entropy 0.748674
I0305 03:21:42.810688 130845699483456 train.py:227] Step #44430: rate 0.000002, accuracy 92.97%, cross entropy 0.677538
I0305 03:21:45.817163 130845699483456 train.py:227] Step #44431: rate 0.000002, accuracy 82.81%, cross entropy 0.906331
I0305 03:21:48.883506 130845699483456 train.py:227] Step #44432: rate 0.000002, accuracy 89.84%, cross entropy 0.798887
I0305 03:21:52.031423 130845699483456 train.py:227] Step #44433: rate 0.000002, accuracy 93.75%, cross entropy 0.687012
I0305 03:21:54.987797 130845699483456 train.py:227] Step #44434: rate 0.000002, accuracy 85.55%, cross entropy 0.840930
I0305 03:21:58.045385 130845699483456 train.py:227] Step #44435: rate 0.000002, accuracy 94.14%, cross entropy 0.650685
I0305 03:22:00.909474 130845699483456 train.py:227] Step #44436: rate 0.000002, accuracy 86.33%, cross entropy 0.816695
I0305 03:22:04.054962 130845699483456 train.py:227] Step #44437: rate 0.000002, accuracy 85.94%, cross entropy 0.847573
I0305 03:22:07.091005 130845699483456 train.py:227] Step #44438: rate 0.000002, accuracy 96.09%, cross entropy 0.655490
I0305 03:22:10.211566 130845699483456 train.py:227] Step #44439: rate 0.000002, accuracy 83.20%, cross entropy 0.875722
I0305 03:22:13.259134 130845699483456 train.py:227] Step #44440: rate 0.000002, accuracy 94.53%, cross entropy 0.639035
I0305 03:22:16.102992 130845699483456 train.py:227] Step #44441: rate 0.000002, accuracy 95.31%, cross entropy 0.642583
I0305 03:22:19.093569 130845699483456 train.py:227] Step #44442: rate 0.000002, accuracy 95.31%, cross entropy 0.631147
I0305 03:22:21.961739 130845699483456 train.py:227] Step #44443: rate 0.000002, accuracy 85.94%, cross entropy 0.861709
I0305 03:22:25.150389 130845699483456 train.py:227] Step #44444: rate 0.000002, accuracy 91.02%, cross entropy 0.730613
I0305 03:22:28.131105 130845699483456 train.py:227] Step #44445: rate 0.000002, accuracy 91.41%, cross entropy 0.701015
I0305 03:22:30.990994 130845699483456 train.py:227] Step #44446: rate 0.000002, accuracy 82.81%, cross entropy 0.937539
I0305 03:22:33.887205 130845699483456 train.py:227] Step #44447: rate 0.000002, accuracy 77.73%, cross entropy 1.031665
I0305 03:22:36.642115 130845699483456 train.py:227] Step #44448: rate 0.000002, accuracy 88.28%, cross entropy 0.781489
I0305 03:22:39.767294 130845699483456 train.py:227] Step #44449: rate 0.000002, accuracy 92.58%, cross entropy 0.702449
I0305 03:22:42.616204 130845699483456 train.py:227] Step #44450: rate 0.000002, accuracy 89.06%, cross entropy 0.755739
I0305 03:22:45.786455 130845699483456 train.py:227] Step #44451: rate 0.000002, accuracy 89.06%, cross entropy 0.773284
I0305 03:22:48.612371 130845699483456 train.py:227] Step #44452: rate 0.000002, accuracy 91.41%, cross entropy 0.733319
I0305 03:22:51.713123 130845699483456 train.py:227] Step #44453: rate 0.000002, accuracy 92.19%, cross entropy 0.693802
I0305 03:22:54.565495 130845699483456 train.py:227] Step #44454: rate 0.000002, accuracy 93.36%, cross entropy 0.659954
I0305 03:22:57.579405 130845699483456 train.py:227] Step #44455: rate 0.000002, accuracy 92.97%, cross entropy 0.708536
I0305 03:23:00.591829 130845699483456 train.py:227] Step #44456: rate 0.000002, accuracy 89.06%, cross entropy 0.829302
I0305 03:23:03.670331 130845699483456 train.py:227] Step #44457: rate 0.000002, accuracy 86.72%, cross entropy 0.855151
I0305 03:23:06.635433 130845699483456 train.py:227] Step #44458: rate 0.000002, accuracy 91.80%, cross entropy 0.746241
I0305 03:23:09.778558 130845699483456 train.py:227] Step #44459: rate 0.000002, accuracy 96.09%, cross entropy 0.623195
I0305 03:23:12.824138 130845699483456 train.py:227] Step #44460: rate 0.000002, accuracy 75.78%, cross entropy 1.029764
I0305 03:23:15.874562 130845699483456 train.py:227] Step #44461: rate 0.000002, accuracy 86.72%, cross entropy 0.844639
I0305 03:23:18.908521 130845699483456 train.py:227] Step #44462: rate 0.000002, accuracy 81.64%, cross entropy 0.930069
I0305 03:23:21.895328 130845699483456 train.py:227] Step #44463: rate 0.000002, accuracy 83.98%, cross entropy 0.916186
I0305 03:23:24.790731 130845699483456 train.py:227] Step #44464: rate 0.000002, accuracy 57.42%, cross entropy 1.454084
I0305 03:23:27.784077 130845699483456 train.py:227] Step #44465: rate 0.000002, accuracy 93.75%, cross entropy 0.681958
I0305 03:23:30.738916 130845699483456 train.py:227] Step #44466: rate 0.000002, accuracy 83.98%, cross entropy 0.869065
I0305 03:23:33.645650 130845699483456 train.py:227] Step #44467: rate 0.000002, accuracy 94.53%, cross entropy 0.655934
I0305 03:23:36.612131 130845699483456 train.py:227] Step #44468: rate 0.000002, accuracy 84.38%, cross entropy 0.841253
I0305 03:23:39.616398 130845699483456 train.py:227] Step #44469: rate 0.000002, accuracy 95.31%, cross entropy 0.624147
I0305 03:23:42.517659 130845699483456 train.py:227] Step #44470: rate 0.000002, accuracy 94.53%, cross entropy 0.632169
I0305 03:23:45.610833 130845699483456 train.py:227] Step #44471: rate 0.000002, accuracy 80.86%, cross entropy 0.930726
I0305 03:23:48.306449 130845699483456 train.py:227] Step #44472: rate 0.000002, accuracy 89.06%, cross entropy 0.736763
I0305 03:23:51.291459 130845699483456 train.py:227] Step #44473: rate 0.000002, accuracy 89.45%, cross entropy 0.781201
I0305 03:23:54.237710 130845699483456 train.py:227] Step #44474: rate 0.000002, accuracy 89.84%, cross entropy 0.759972
I0305 03:23:57.207364 130845699483456 train.py:227] Step #44475: rate 0.000002, accuracy 92.97%, cross entropy 0.718612
I0305 03:24:00.288145 130845699483456 train.py:227] Step #44476: rate 0.000002, accuracy 91.02%, cross entropy 0.692916
I0305 03:24:03.325928 130845699483456 train.py:227] Step #44477: rate 0.000002, accuracy 94.92%, cross entropy 0.659384
I0305 03:24:06.203212 130845699483456 train.py:227] Step #44478: rate 0.000002, accuracy 89.84%, cross entropy 0.769188
I0305 03:24:09.231398 130845699483456 train.py:227] Step #44479: rate 0.000002, accuracy 90.62%, cross entropy 0.747440
I0305 03:24:12.383223 130845699483456 train.py:227] Step #44480: rate 0.000002, accuracy 91.80%, cross entropy 0.730398
I0305 03:24:15.364383 130845699483456 train.py:227] Step #44481: rate 0.000002, accuracy 94.53%, cross entropy 0.650038
I0305 03:24:18.317527 130845699483456 train.py:227] Step #44482: rate 0.000002, accuracy 94.92%, cross entropy 0.641147
I0305 03:24:21.389655 130845699483456 train.py:227] Step #44483: rate 0.000002, accuracy 96.48%, cross entropy 0.632972
I0305 03:24:24.412665 130845699483456 train.py:227] Step #44484: rate 0.000002, accuracy 92.58%, cross entropy 0.734968
I0305 03:24:27.496595 130845699483456 train.py:227] Step #44485: rate 0.000002, accuracy 97.27%, cross entropy 0.591215
I0305 03:24:30.345740 130845699483456 train.py:227] Step #44486: rate 0.000002, accuracy 93.75%, cross entropy 0.667636
I0305 03:24:33.050559 130845699483456 train.py:227] Step #44487: rate 0.000002, accuracy 85.94%, cross entropy 0.850749
I0305 03:24:35.956901 130845699483456 train.py:227] Step #44488: rate 0.000002, accuracy 89.45%, cross entropy 0.729489
I0305 03:24:39.016930 130845699483456 train.py:227] Step #44489: rate 0.000002, accuracy 95.31%, cross entropy 0.621533
I0305 03:24:41.894438 130845699483456 train.py:227] Step #44490: rate 0.000002, accuracy 92.58%, cross entropy 0.678712
I0305 03:24:44.828480 130845699483456 train.py:227] Step #44491: rate 0.000002, accuracy 92.19%, cross entropy 0.722651
I0305 03:24:47.577129 130845699483456 train.py:227] Step #44492: rate 0.000002, accuracy 93.75%, cross entropy 0.666011
I0305 03:24:50.549099 130845699483456 train.py:227] Step #44493: rate 0.000002, accuracy 90.62%, cross entropy 0.771082
I0305 03:24:53.321763 130845699483456 train.py:227] Step #44494: rate 0.000002, accuracy 90.23%, cross entropy 0.752394
I0305 03:24:56.205281 130845699483456 train.py:227] Step #44495: rate 0.000002, accuracy 97.27%, cross entropy 0.593576
I0305 03:24:59.244978 130845699483456 train.py:227] Step #44496: rate 0.000002, accuracy 92.19%, cross entropy 0.699958
I0305 03:25:25.574847 130845699483456 train.py:280] Step 44496: Validation accuracy = 97.31% (N=4352)
I0305 03:25:25.575228 130845699483456 train.py:290] So far the best validation accuracy is 97.33%
I0305 03:25:28.588143 130845699483456 train.py:227] Step #44497: rate 0.000002, accuracy 87.89%, cross entropy 0.789622
I0305 03:25:31.507047 130845699483456 train.py:227] Step #44498: rate 0.000002, accuracy 95.70%, cross entropy 0.613286
I0305 03:25:34.761448 130845699483456 train.py:227] Step #44499: rate 0.000002, accuracy 93.75%, cross entropy 0.663691
I0305 03:25:37.816133 130845699483456 train.py:227] Step #44500: rate 0.000002, accuracy 88.28%, cross entropy 0.811177
I0305 03:25:40.787957 130845699483456 train.py:227] Step #44501: rate 0.000002, accuracy 83.59%, cross entropy 0.914247
I0305 03:25:43.736174 130845699483456 train.py:227] Step #44502: rate 0.000002, accuracy 84.77%, cross entropy 0.873565
I0305 03:25:46.872768 130845699483456 train.py:227] Step #44503: rate 0.000002, accuracy 90.23%, cross entropy 0.726429
I0305 03:25:49.842396 130845699483456 train.py:227] Step #44504: rate 0.000002, accuracy 91.41%, cross entropy 0.742365
I0305 03:25:52.875340 130845699483456 train.py:227] Step #44505: rate 0.000002, accuracy 95.31%, cross entropy 0.634796
I0305 03:25:55.922304 130845699483456 train.py:227] Step #44506: rate 0.000002, accuracy 79.69%, cross entropy 0.953304
I0305 03:25:58.948882 130845699483456 train.py:227] Step #44507: rate 0.000002, accuracy 91.02%, cross entropy 0.710919
I0305 03:26:01.968767 130845699483456 train.py:227] Step #44508: rate 0.000002, accuracy 90.62%, cross entropy 0.732201
I0305 03:26:05.140900 130845699483456 train.py:227] Step #44509: rate 0.000002, accuracy 89.84%, cross entropy 0.781360
I0305 03:26:08.152948 130845699483456 train.py:227] Step #44510: rate 0.000002, accuracy 91.80%, cross entropy 0.717476
I0305 03:26:11.145825 130845699483456 train.py:227] Step #44511: rate 0.000002, accuracy 90.62%, cross entropy 0.743066
I0305 03:26:14.313050 130845699483456 train.py:227] Step #44512: rate 0.000002, accuracy 91.41%, cross entropy 0.744808
I0305 03:26:17.279982 130845699483456 train.py:227] Step #44513: rate 0.000002, accuracy 93.36%, cross entropy 0.677944
I0305 03:26:20.276391 130845699483456 train.py:227] Step #44514: rate 0.000002, accuracy 91.41%, cross entropy 0.716320
I0305 03:26:23.325817 130845699483456 train.py:227] Step #44515: rate 0.000002, accuracy 93.75%, cross entropy 0.663522
I0305 03:26:26.348504 130845699483456 train.py:227] Step #44516: rate 0.000002, accuracy 90.23%, cross entropy 0.705030
I0305 03:26:29.386684 130845699483456 train.py:227] Step #44517: rate 0.000002, accuracy 82.81%, cross entropy 0.915849
I0305 03:26:32.310942 130845699483456 train.py:227] Step #44518: rate 0.000002, accuracy 91.41%, cross entropy 0.692610
I0305 03:26:35.280000 130845699483456 train.py:227] Step #44519: rate 0.000002, accuracy 91.02%, cross entropy 0.737095
I0305 03:26:38.330910 130845699483456 train.py:227] Step #44520: rate 0.000002, accuracy 94.14%, cross entropy 0.639408
I0305 03:26:41.235456 130845699483456 train.py:227] Step #44521: rate 0.000002, accuracy 88.28%, cross entropy 0.796095
I0305 03:26:44.337228 130845699483456 train.py:227] Step #44522: rate 0.000002, accuracy 92.19%, cross entropy 0.708384
I0305 03:26:47.401118 130845699483456 train.py:227] Step #44523: rate 0.000002, accuracy 95.70%, cross entropy 0.630792
I0305 03:26:50.519045 130845699483456 train.py:227] Step #44524: rate 0.000002, accuracy 88.67%, cross entropy 0.810435
I0305 03:26:53.627702 130845699483456 train.py:227] Step #44525: rate 0.000002, accuracy 90.62%, cross entropy 0.723882
I0305 03:26:56.604139 130845699483456 train.py:227] Step #44526: rate 0.000002, accuracy 91.80%, cross entropy 0.692670
I0305 03:26:59.687327 130845699483456 train.py:227] Step #44527: rate 0.000002, accuracy 93.75%, cross entropy 0.693145
I0305 03:27:02.822475 130845699483456 train.py:227] Step #44528: rate 0.000002, accuracy 94.14%, cross entropy 0.659615
I0305 03:27:05.707187 130845699483456 train.py:227] Step #44529: rate 0.000002, accuracy 91.02%, cross entropy 0.750251
I0305 03:27:08.885792 130845699483456 train.py:227] Step #44530: rate 0.000002, accuracy 92.58%, cross entropy 0.686092
I0305 03:27:12.061702 130845699483456 train.py:227] Step #44531: rate 0.000002, accuracy 82.03%, cross entropy 0.945787
I0305 03:27:15.057378 130845699483456 train.py:227] Step #44532: rate 0.000002, accuracy 96.88%, cross entropy 0.610564
I0305 03:27:18.152338 130845699483456 train.py:227] Step #44533: rate 0.000002, accuracy 93.36%, cross entropy 0.681566
I0305 03:27:21.249927 130845699483456 train.py:227] Step #44534: rate 0.000002, accuracy 88.67%, cross entropy 0.812922
I0305 03:27:24.169447 130845699483456 train.py:227] Step #44535: rate 0.000002, accuracy 94.92%, cross entropy 0.655939
I0305 03:27:27.177489 130845699483456 train.py:227] Step #44536: rate 0.000002, accuracy 82.81%, cross entropy 0.880270
I0305 03:27:30.182820 130845699483456 train.py:227] Step #44537: rate 0.000002, accuracy 87.89%, cross entropy 0.791133
I0305 03:27:33.264896 130845699483456 train.py:227] Step #44538: rate 0.000002, accuracy 95.31%, cross entropy 0.641885
I0305 03:27:36.318232 130845699483456 train.py:227] Step #44539: rate 0.000002, accuracy 94.92%, cross entropy 0.642955
I0305 03:27:39.161195 130845699483456 train.py:227] Step #44540: rate 0.000002, accuracy 92.19%, cross entropy 0.690045
I0305 03:27:42.112395 130845699483456 train.py:227] Step #44541: rate 0.000002, accuracy 83.98%, cross entropy 0.854308
I0305 03:27:45.047423 130845699483456 train.py:227] Step #44542: rate 0.000002, accuracy 92.19%, cross entropy 0.717717
I0305 03:27:47.970765 130845699483456 train.py:227] Step #44543: rate 0.000002, accuracy 91.41%, cross entropy 0.736805
I0305 03:27:50.974685 130845699483456 train.py:227] Step #44544: rate 0.000002, accuracy 88.67%, cross entropy 0.790196
I0305 03:27:53.997029 130845699483456 train.py:227] Step #44545: rate 0.000002, accuracy 97.27%, cross entropy 0.610492
I0305 03:27:57.107665 130845699483456 train.py:227] Step #44546: rate 0.000002, accuracy 87.89%, cross entropy 0.831406
I0305 03:28:00.140491 130845699483456 train.py:227] Step #44547: rate 0.000002, accuracy 73.05%, cross entropy 1.132444
I0305 03:28:03.114699 130845699483456 train.py:227] Step #44548: rate 0.000002, accuracy 89.45%, cross entropy 0.780005
I0305 03:28:06.077756 130845699483456 train.py:227] Step #44549: rate 0.000002, accuracy 87.89%, cross entropy 0.811358
I0305 03:28:09.102514 130845699483456 train.py:227] Step #44550: rate 0.000002, accuracy 84.77%, cross entropy 0.831677
I0305 03:28:12.058395 130845699483456 train.py:227] Step #44551: rate 0.000002, accuracy 96.88%, cross entropy 0.595753
I0305 03:28:15.135197 130845699483456 train.py:227] Step #44552: rate 0.000002, accuracy 96.88%, cross entropy 0.596352
I0305 03:28:18.103694 130845699483456 train.py:227] Step #44553: rate 0.000002, accuracy 74.61%, cross entropy 1.107380
I0305 03:28:21.035704 130845699483456 train.py:227] Step #44554: rate 0.000002, accuracy 94.53%, cross entropy 0.682341
I0305 03:28:23.930146 130845699483456 train.py:227] Step #44555: rate 0.000002, accuracy 88.28%, cross entropy 0.769032
I0305 03:28:27.022006 130845699483456 train.py:227] Step #44556: rate 0.000002, accuracy 96.09%, cross entropy 0.617615
I0305 03:28:29.920700 130845699483456 train.py:227] Step #44557: rate 0.000002, accuracy 92.19%, cross entropy 0.693263
I0305 03:28:32.843251 130845699483456 train.py:227] Step #44558: rate 0.000002, accuracy 94.14%, cross entropy 0.656401
I0305 03:28:35.727103 130845699483456 train.py:227] Step #44559: rate 0.000002, accuracy 85.16%, cross entropy 0.851757
I0305 03:28:38.695739 130845699483456 train.py:227] Step #44560: rate 0.000002, accuracy 95.70%, cross entropy 0.624129
I0305 03:28:41.611401 130845699483456 train.py:227] Step #44561: rate 0.000002, accuracy 90.62%, cross entropy 0.720291
I0305 03:28:44.527169 130845699483456 train.py:227] Step #44562: rate 0.000002, accuracy 93.36%, cross entropy 0.686192
I0305 03:28:47.666060 130845699483456 train.py:227] Step #44563: rate 0.000001, accuracy 92.97%, cross entropy 0.693380
I0305 03:28:50.723937 130845699483456 train.py:227] Step #44564: rate 0.000001, accuracy 87.11%, cross entropy 0.817846
I0305 03:28:53.551825 130845699483456 train.py:227] Step #44565: rate 0.000001, accuracy 91.41%, cross entropy 0.711327
I0305 03:28:56.538026 130845699483456 train.py:227] Step #44566: rate 0.000001, accuracy 85.94%, cross entropy 0.842156
I0305 03:28:59.567931 130845699483456 train.py:227] Step #44567: rate 0.000001, accuracy 89.45%, cross entropy 0.743441
I0305 03:29:02.480203 130845699483456 train.py:227] Step #44568: rate 0.000001, accuracy 87.11%, cross entropy 0.780121
I0305 03:29:05.525616 130845699483456 train.py:227] Step #44569: rate 0.000001, accuracy 91.41%, cross entropy 0.713667
I0305 03:29:08.570374 130845699483456 train.py:227] Step #44570: rate 0.000001, accuracy 90.62%, cross entropy 0.753167
I0305 03:29:11.465003 130845699483456 train.py:227] Step #44571: rate 0.000001, accuracy 92.19%, cross entropy 0.673148
I0305 03:29:14.417441 130845699483456 train.py:227] Step #44572: rate 0.000001, accuracy 96.88%, cross entropy 0.597804
I0305 03:29:17.405790 130845699483456 train.py:227] Step #44573: rate 0.000001, accuracy 82.42%, cross entropy 0.913596
I0305 03:29:20.409973 130845699483456 train.py:227] Step #44574: rate 0.000001, accuracy 98.05%, cross entropy 0.593892
I0305 03:29:23.467858 130845699483456 train.py:227] Step #44575: rate 0.000001, accuracy 85.16%, cross entropy 0.833866
I0305 03:29:26.421809 130845699483456 train.py:227] Step #44576: rate 0.000001, accuracy 89.06%, cross entropy 0.763289
I0305 03:29:29.419039 130845699483456 train.py:227] Step #44577: rate 0.000001, accuracy 79.30%, cross entropy 1.023507
I0305 03:29:32.626143 130845699483456 train.py:227] Step #44578: rate 0.000001, accuracy 92.19%, cross entropy 0.718358
I0305 03:29:35.686614 130845699483456 train.py:227] Step #44579: rate 0.000001, accuracy 95.31%, cross entropy 0.632840
I0305 03:29:38.813761 130845699483456 train.py:227] Step #44580: rate 0.000001, accuracy 90.23%, cross entropy 0.714205
I0305 03:29:41.938590 130845699483456 train.py:227] Step #44581: rate 0.000001, accuracy 95.31%, cross entropy 0.630176
I0305 03:29:44.881605 130845699483456 train.py:227] Step #44582: rate 0.000001, accuracy 95.70%, cross entropy 0.627491
I0305 03:29:47.984027 130845699483456 train.py:227] Step #44583: rate 0.000001, accuracy 92.58%, cross entropy 0.703376
I0305 03:29:50.877138 130845699483456 train.py:227] Step #44584: rate 0.000001, accuracy 92.58%, cross entropy 0.688147
I0305 03:29:53.777611 130845699483456 train.py:227] Step #44585: rate 0.000001, accuracy 92.58%, cross entropy 0.696121
I0305 03:29:56.630789 130845699483456 train.py:227] Step #44586: rate 0.000001, accuracy 94.92%, cross entropy 0.616399
I0305 03:29:59.814117 130845699483456 train.py:227] Step #44587: rate 0.000001, accuracy 92.58%, cross entropy 0.704304
I0305 03:30:02.964765 130845699483456 train.py:227] Step #44588: rate 0.000001, accuracy 92.58%, cross entropy 0.688679
I0305 03:30:05.959903 130845699483456 train.py:227] Step #44589: rate 0.000001, accuracy 87.89%, cross entropy 0.793736
I0305 03:30:08.899011 130845699483456 train.py:227] Step #44590: rate 0.000001, accuracy 96.88%, cross entropy 0.600994
I0305 03:30:12.169937 130845699483456 train.py:227] Step #44591: rate 0.000001, accuracy 89.84%, cross entropy 0.775848
I0305 03:30:15.264145 130845699483456 train.py:227] Step #44592: rate 0.000001, accuracy 88.67%, cross entropy 0.765756
I0305 03:30:18.255058 130845699483456 train.py:227] Step #44593: rate 0.000001, accuracy 94.53%, cross entropy 0.669769
I0305 03:30:21.309538 130845699483456 train.py:227] Step #44594: rate 0.000001, accuracy 98.05%, cross entropy 0.596211
I0305 03:30:24.409988 130845699483456 train.py:227] Step #44595: rate 0.000001, accuracy 83.98%, cross entropy 0.902680
I0305 03:30:27.437091 130845699483456 train.py:227] Step #44596: rate 0.000001, accuracy 91.02%, cross entropy 0.726315
I0305 03:30:30.563359 130845699483456 train.py:227] Step #44597: rate 0.000001, accuracy 94.92%, cross entropy 0.627796
I0305 03:30:33.653829 130845699483456 train.py:227] Step #44598: rate 0.000001, accuracy 88.67%, cross entropy 0.758215
I0305 03:30:36.595802 130845699483456 train.py:227] Step #44599: rate 0.000001, accuracy 90.62%, cross entropy 0.764432
I0305 03:30:39.451033 130845699483456 train.py:227] Step #44600: rate 0.000001, accuracy 90.62%, cross entropy 0.737125
I0305 03:30:42.431890 130845699483456 train.py:227] Step #44601: rate 0.000001, accuracy 94.92%, cross entropy 0.661830
I0305 03:30:45.521839 130845699483456 train.py:227] Step #44602: rate 0.000001, accuracy 96.48%, cross entropy 0.615774
I0305 03:30:48.264006 130845699483456 train.py:227] Step #44603: rate 0.000001, accuracy 92.97%, cross entropy 0.687799
I0305 03:30:51.055313 130845699483456 train.py:227] Step #44604: rate 0.000001, accuracy 86.33%, cross entropy 0.797136
I0305 03:30:53.888259 130845699483456 train.py:227] Step #44605: rate 0.000001, accuracy 87.11%, cross entropy 0.836340
I0305 03:30:56.900341 130845699483456 train.py:227] Step #44606: rate 0.000001, accuracy 87.50%, cross entropy 0.858542
I0305 03:30:59.877932 130845699483456 train.py:227] Step #44607: rate 0.000001, accuracy 94.92%, cross entropy 0.644684
I0305 03:31:02.993029 130845699483456 train.py:227] Step #44608: rate 0.000001, accuracy 96.09%, cross entropy 0.629495
I0305 03:31:05.930331 130845699483456 train.py:227] Step #44609: rate 0.000001, accuracy 79.69%, cross entropy 0.951298
I0305 03:31:08.798434 130845699483456 train.py:227] Step #44610: rate 0.000001, accuracy 91.41%, cross entropy 0.719638
I0305 03:31:11.925146 130845699483456 train.py:227] Step #44611: rate 0.000001, accuracy 95.70%, cross entropy 0.643899
I0305 03:31:14.986446 130845699483456 train.py:227] Step #44612: rate 0.000001, accuracy 92.97%, cross entropy 0.741195
I0305 03:31:17.871149 130845699483456 train.py:227] Step #44613: rate 0.000001, accuracy 90.23%, cross entropy 0.733243
I0305 03:31:20.773470 130845699483456 train.py:227] Step #44614: rate 0.000001, accuracy 95.70%, cross entropy 0.615689
I0305 03:31:23.770390 130845699483456 train.py:227] Step #44615: rate 0.000001, accuracy 92.19%, cross entropy 0.703806
I0305 03:31:26.703207 130845699483456 train.py:227] Step #44616: rate 0.000001, accuracy 95.70%, cross entropy 0.648871
I0305 03:31:29.821897 130845699483456 train.py:227] Step #44617: rate 0.000001, accuracy 91.02%, cross entropy 0.737136
I0305 03:31:32.814280 130845699483456 train.py:227] Step #44618: rate 0.000001, accuracy 82.81%, cross entropy 0.893902
I0305 03:31:35.966635 130845699483456 train.py:227] Step #44619: rate 0.000001, accuracy 84.77%, cross entropy 0.901106
I0305 03:31:38.963556 130845699483456 train.py:227] Step #44620: rate 0.000001, accuracy 70.70%, cross entropy 1.145610
I0305 03:31:41.935862 130845699483456 train.py:227] Step #44621: rate 0.000001, accuracy 91.41%, cross entropy 0.722385
I0305 03:31:45.141902 130845699483456 train.py:227] Step #44622: rate 0.000001, accuracy 92.19%, cross entropy 0.692394
I0305 03:31:48.217837 130845699483456 train.py:227] Step #44623: rate 0.000001, accuracy 94.92%, cross entropy 0.638084
I0305 03:31:51.198238 130845699483456 train.py:227] Step #44624: rate 0.000001, accuracy 98.05%, cross entropy 0.592534
I0305 03:31:53.986794 130845699483456 train.py:227] Step #44625: rate 0.000001, accuracy 77.73%, cross entropy 1.015622
I0305 03:31:56.942485 130845699483456 train.py:227] Step #44626: rate 0.000001, accuracy 90.62%, cross entropy 0.720929
I0305 03:31:59.801248 130845699483456 train.py:227] Step #44627: rate 0.000001, accuracy 87.11%, cross entropy 0.801362
I0305 03:32:02.817837 130845699483456 train.py:227] Step #44628: rate 0.000001, accuracy 88.67%, cross entropy 0.772071
I0305 03:32:05.762616 130845699483456 train.py:227] Step #44629: rate 0.000001, accuracy 92.97%, cross entropy 0.703122
I0305 03:32:08.877926 130845699483456 train.py:227] Step #44630: rate 0.000001, accuracy 98.05%, cross entropy 0.565964
I0305 03:32:11.952819 130845699483456 train.py:227] Step #44631: rate 0.000001, accuracy 95.31%, cross entropy 0.616382
I0305 03:32:15.044207 130845699483456 train.py:227] Step #44632: rate 0.000001, accuracy 93.75%, cross entropy 0.689658
I0305 03:32:18.122933 130845699483456 train.py:227] Step #44633: rate 0.000001, accuracy 88.67%, cross entropy 0.822927
I0305 03:32:21.135123 130845699483456 train.py:227] Step #44634: rate 0.000001, accuracy 95.31%, cross entropy 0.617909
I0305 03:32:24.087227 130845699483456 train.py:227] Step #44635: rate 0.000001, accuracy 92.19%, cross entropy 0.714281
I0305 03:32:27.090676 130845699483456 train.py:227] Step #44636: rate 0.000001, accuracy 89.45%, cross entropy 0.762661
I0305 03:32:29.975642 130845699483456 train.py:227] Step #44637: rate 0.000001, accuracy 83.20%, cross entropy 0.908692
I0305 03:32:33.042963 130845699483456 train.py:227] Step #44638: rate 0.000001, accuracy 93.36%, cross entropy 0.692899
I0305 03:32:35.896636 130845699483456 train.py:227] Step #44639: rate 0.000001, accuracy 92.58%, cross entropy 0.679742
I0305 03:32:38.903910 130845699483456 train.py:227] Step #44640: rate 0.000001, accuracy 92.97%, cross entropy 0.710657
I0305 03:33:05.143347 130845699483456 train.py:280] Step 44640: Validation accuracy = 97.29% (N=4352)
I0305 03:33:05.144109 130845699483456 train.py:290] So far the best validation accuracy is 97.33%
I0305 03:33:08.027459 130845699483456 train.py:227] Step #44641: rate 0.000001, accuracy 91.02%, cross entropy 0.712903
I0305 03:33:10.889736 130845699483456 train.py:227] Step #44642: rate 0.000001, accuracy 80.47%, cross entropy 0.895690
I0305 03:33:13.802563 130845699483456 train.py:227] Step #44643: rate 0.000001, accuracy 89.06%, cross entropy 0.759049
I0305 03:33:16.935043 130845699483456 train.py:227] Step #44644: rate 0.000001, accuracy 75.39%, cross entropy 1.047397
I0305 03:33:20.033724 130845699483456 train.py:227] Step #44645: rate 0.000001, accuracy 94.14%, cross entropy 0.647023
I0305 03:33:23.173450 130845699483456 train.py:227] Step #44646: rate 0.000001, accuracy 97.27%, cross entropy 0.608941
I0305 03:33:26.501105 130845699483456 train.py:227] Step #44647: rate 0.000001, accuracy 94.14%, cross entropy 0.669689
I0305 03:33:29.518371 130845699483456 train.py:227] Step #44648: rate 0.000001, accuracy 93.36%, cross entropy 0.686819
I0305 03:33:32.500488 130845699483456 train.py:227] Step #44649: rate 0.000001, accuracy 92.58%, cross entropy 0.720860
I0305 03:33:35.549994 130845699483456 train.py:227] Step #44650: rate 0.000001, accuracy 94.14%, cross entropy 0.656468
I0305 03:33:38.602147 130845699483456 train.py:227] Step #44651: rate 0.000001, accuracy 90.23%, cross entropy 0.757592
I0305 03:33:41.736469 130845699483456 train.py:227] Step #44652: rate 0.000001, accuracy 92.19%, cross entropy 0.700000
I0305 03:33:44.741110 130845699483456 train.py:227] Step #44653: rate 0.000001, accuracy 88.67%, cross entropy 0.761817
I0305 03:33:47.709512 130845699483456 train.py:227] Step #44654: rate 0.000001, accuracy 94.92%, cross entropy 0.630077
I0305 03:33:50.742800 130845699483456 train.py:227] Step #44655: rate 0.000001, accuracy 91.41%, cross entropy 0.720722
I0305 03:33:53.687932 130845699483456 train.py:227] Step #44656: rate 0.000001, accuracy 89.45%, cross entropy 0.756026
I0305 03:33:56.777760 130845699483456 train.py:227] Step #44657: rate 0.000001, accuracy 83.59%, cross entropy 0.876886
I0305 03:33:59.875974 130845699483456 train.py:227] Step #44658: rate 0.000001, accuracy 96.48%, cross entropy 0.624036
I0305 03:34:03.001081 130845699483456 train.py:227] Step #44659: rate 0.000001, accuracy 83.20%, cross entropy 0.925236
I0305 03:34:06.133206 130845699483456 train.py:227] Step #44660: rate 0.000001, accuracy 91.80%, cross entropy 0.693264
I0305 03:34:09.174868 130845699483456 train.py:227] Step #44661: rate 0.000001, accuracy 83.98%, cross entropy 0.883013
I0305 03:34:12.024048 130845699483456 train.py:227] Step #44662: rate 0.000001, accuracy 96.48%, cross entropy 0.614544
I0305 03:34:14.997113 130845699483456 train.py:227] Step #44663: rate 0.000001, accuracy 93.36%, cross entropy 0.707597
I0305 03:34:17.951087 130845699483456 train.py:227] Step #44664: rate 0.000001, accuracy 96.09%, cross entropy 0.620682
I0305 03:34:20.940227 130845699483456 train.py:227] Step #44665: rate 0.000001, accuracy 85.55%, cross entropy 0.850614
I0305 03:34:23.995327 130845699483456 train.py:227] Step #44666: rate 0.000001, accuracy 82.81%, cross entropy 0.929162
I0305 03:34:26.856565 130845699483456 train.py:227] Step #44667: rate 0.000001, accuracy 87.11%, cross entropy 0.816209
I0305 03:34:29.883823 130845699483456 train.py:227] Step #44668: rate 0.000001, accuracy 93.36%, cross entropy 0.683685
I0305 03:34:32.878758 130845699483456 train.py:227] Step #44669: rate 0.000001, accuracy 94.92%, cross entropy 0.653834
I0305 03:34:35.903600 130845699483456 train.py:227] Step #44670: rate 0.000001, accuracy 93.36%, cross entropy 0.667005
I0305 03:34:38.764252 130845699483456 train.py:227] Step #44671: rate 0.000001, accuracy 89.06%, cross entropy 0.783022
I0305 03:34:41.673527 130845699483456 train.py:227] Step #44672: rate 0.000001, accuracy 97.66%, cross entropy 0.588349
I0305 03:34:44.674105 130845699483456 train.py:227] Step #44673: rate 0.000001, accuracy 93.75%, cross entropy 0.676834
I0305 03:34:47.692100 130845699483456 train.py:227] Step #44674: rate 0.000001, accuracy 93.75%, cross entropy 0.663251
I0305 03:34:50.707870 130845699483456 train.py:227] Step #44675: rate 0.000001, accuracy 94.14%, cross entropy 0.671642
I0305 03:34:53.853999 130845699483456 train.py:227] Step #44676: rate 0.000001, accuracy 94.92%, cross entropy 0.667187
I0305 03:34:56.840647 130845699483456 train.py:227] Step #44677: rate 0.000001, accuracy 88.28%, cross entropy 0.779460
I0305 03:34:59.669728 130845699483456 train.py:227] Step #44678: rate 0.000001, accuracy 89.45%, cross entropy 0.767247
I0305 03:35:02.724084 130845699483456 train.py:227] Step #44679: rate 0.000001, accuracy 76.95%, cross entropy 1.020852
I0305 03:35:05.717959 130845699483456 train.py:227] Step #44680: rate 0.000001, accuracy 93.36%, cross entropy 0.679092
I0305 03:35:08.723314 130845699483456 train.py:227] Step #44681: rate 0.000001, accuracy 95.70%, cross entropy 0.638574
I0305 03:35:11.612117 130845699483456 train.py:227] Step #44682: rate 0.000001, accuracy 94.92%, cross entropy 0.639825
I0305 03:35:14.736228 130845699483456 train.py:227] Step #44683: rate 0.000001, accuracy 90.62%, cross entropy 0.725882
I0305 03:35:17.812848 130845699483456 train.py:227] Step #44684: rate 0.000001, accuracy 91.02%, cross entropy 0.737616
I0305 03:35:20.979861 130845699483456 train.py:227] Step #44685: rate 0.000001, accuracy 92.19%, cross entropy 0.681395
I0305 03:35:23.852947 130845699483456 train.py:227] Step #44686: rate 0.000001, accuracy 94.53%, cross entropy 0.642027
I0305 03:35:26.786183 130845699483456 train.py:227] Step #44687: rate 0.000001, accuracy 93.75%, cross entropy 0.666475
I0305 03:35:29.699585 130845699483456 train.py:227] Step #44688: rate 0.000001, accuracy 96.88%, cross entropy 0.619290
I0305 03:35:32.662309 130845699483456 train.py:227] Step #44689: rate 0.000001, accuracy 94.53%, cross entropy 0.642960
I0305 03:35:35.541559 130845699483456 train.py:227] Step #44690: rate 0.000001, accuracy 78.12%, cross entropy 1.026886
I0305 03:35:38.418358 130845699483456 train.py:227] Step #44691: rate 0.000001, accuracy 83.98%, cross entropy 0.869397
I0305 03:35:41.249495 130845699483456 train.py:227] Step #44692: rate 0.000001, accuracy 88.67%, cross entropy 0.790809
I0305 03:35:44.175537 130845699483456 train.py:227] Step #44693: rate 0.000001, accuracy 87.89%, cross entropy 0.770195
I0305 03:35:47.295155 130845699483456 train.py:227] Step #44694: rate 0.000001, accuracy 86.33%, cross entropy 0.811451
I0305 03:35:50.378263 130845699483456 train.py:227] Step #44695: rate 0.000001, accuracy 92.58%, cross entropy 0.717497
I0305 03:35:53.339166 130845699483456 train.py:227] Step #44696: rate 0.000001, accuracy 97.27%, cross entropy 0.602301
I0305 03:35:56.468667 130845699483456 train.py:227] Step #44697: rate 0.000001, accuracy 95.31%, cross entropy 0.653873
I0305 03:35:59.537300 130845699483456 train.py:227] Step #44698: rate 0.000001, accuracy 91.80%, cross entropy 0.706309
I0305 03:36:02.656011 130845699483456 train.py:227] Step #44699: rate 0.000001, accuracy 89.45%, cross entropy 0.747449
I0305 03:36:05.673057 130845699483456 train.py:227] Step #44700: rate 0.000001, accuracy 96.88%, cross entropy 0.588226
I0305 03:36:08.901223 130845699483456 train.py:227] Step #44701: rate 0.000001, accuracy 87.50%, cross entropy 0.804724
I0305 03:36:11.950139 130845699483456 train.py:227] Step #44702: rate 0.000001, accuracy 91.41%, cross entropy 0.738703
I0305 03:36:14.890273 130845699483456 train.py:227] Step #44703: rate 0.000001, accuracy 93.36%, cross entropy 0.679728
I0305 03:36:17.942234 130845699483456 train.py:227] Step #44704: rate 0.000001, accuracy 87.50%, cross entropy 0.808714
I0305 03:36:21.038477 130845699483456 train.py:227] Step #44705: rate 0.000001, accuracy 92.97%, cross entropy 0.669739
I0305 03:36:24.051084 130845699483456 train.py:227] Step #44706: rate 0.000001, accuracy 84.77%, cross entropy 0.900126
I0305 03:36:27.215850 130845699483456 train.py:227] Step #44707: rate 0.000001, accuracy 96.88%, cross entropy 0.606060
I0305 03:36:30.238003 130845699483456 train.py:227] Step #44708: rate 0.000001, accuracy 93.36%, cross entropy 0.684105
I0305 03:36:33.257921 130845699483456 train.py:227] Step #44709: rate 0.000001, accuracy 97.66%, cross entropy 0.609131
I0305 03:36:36.284565 130845699483456 train.py:227] Step #44710: rate 0.000001, accuracy 96.48%, cross entropy 0.603543
I0305 03:36:39.142889 130845699483456 train.py:227] Step #44711: rate 0.000001, accuracy 97.66%, cross entropy 0.586552
I0305 03:36:41.992017 130845699483456 train.py:227] Step #44712: rate 0.000001, accuracy 88.28%, cross entropy 0.794700
I0305 03:36:45.068718 130845699483456 train.py:227] Step #44713: rate 0.000001, accuracy 89.84%, cross entropy 0.752163
I0305 03:36:48.062590 130845699483456 train.py:227] Step #44714: rate 0.000001, accuracy 88.67%, cross entropy 0.724633
I0305 03:36:50.891719 130845699483456 train.py:227] Step #44715: rate 0.000001, accuracy 91.41%, cross entropy 0.726117
I0305 03:36:53.886596 130845699483456 train.py:227] Step #44716: rate 0.000001, accuracy 91.41%, cross entropy 0.716811
I0305 03:36:56.893932 130845699483456 train.py:227] Step #44717: rate 0.000001, accuracy 77.73%, cross entropy 0.989490
I0305 03:36:59.852690 130845699483456 train.py:227] Step #44718: rate 0.000001, accuracy 90.62%, cross entropy 0.748959
I0305 03:37:02.827064 130845699483456 train.py:227] Step #44719: rate 0.000001, accuracy 94.53%, cross entropy 0.645427
I0305 03:37:05.786311 130845699483456 train.py:227] Step #44720: rate 0.000001, accuracy 95.31%, cross entropy 0.622845
I0305 03:37:08.657888 130845699483456 train.py:227] Step #44721: rate 0.000001, accuracy 73.05%, cross entropy 1.178006
I0305 03:37:11.442196 130845699483456 train.py:227] Step #44722: rate 0.000001, accuracy 91.02%, cross entropy 0.743979
I0305 03:37:14.586070 130845699483456 train.py:227] Step #44723: rate 0.000001, accuracy 57.81%, cross entropy 1.455714
I0305 03:37:17.520274 130845699483456 train.py:227] Step #44724: rate 0.000001, accuracy 88.67%, cross entropy 0.843832
I0305 03:37:20.685715 130845699483456 train.py:227] Step #44725: rate 0.000001, accuracy 89.45%, cross entropy 0.736909
I0305 03:37:23.828840 130845699483456 train.py:227] Step #44726: rate 0.000001, accuracy 92.97%, cross entropy 0.694734
I0305 03:37:26.619577 130845699483456 train.py:227] Step #44727: rate 0.000001, accuracy 98.44%, cross entropy 0.567252
I0305 03:37:29.632199 130845699483456 train.py:227] Step #44728: rate 0.000001, accuracy 83.59%, cross entropy 0.916140
I0305 03:37:32.574000 130845699483456 train.py:227] Step #44729: rate 0.000001, accuracy 82.42%, cross entropy 0.930450
I0305 03:37:35.437943 130845699483456 train.py:227] Step #44730: rate 0.000001, accuracy 92.97%, cross entropy 0.706226
I0305 03:37:38.182040 130845699483456 train.py:227] Step #44731: rate 0.000001, accuracy 89.06%, cross entropy 0.737364
I0305 03:37:41.172229 130845699483456 train.py:227] Step #44732: rate 0.000001, accuracy 97.27%, cross entropy 0.615372
I0305 03:37:44.074746 130845699483456 train.py:227] Step #44733: rate 0.000001, accuracy 94.92%, cross entropy 0.669855
I0305 03:37:47.017825 130845699483456 train.py:227] Step #44734: rate 0.000001, accuracy 91.41%, cross entropy 0.717481
I0305 03:37:50.118246 130845699483456 train.py:227] Step #44735: rate 0.000001, accuracy 93.36%, cross entropy 0.688087
I0305 03:37:53.190668 130845699483456 train.py:227] Step #44736: rate 0.000001, accuracy 97.27%, cross entropy 0.586271
I0305 03:37:56.293353 130845699483456 train.py:227] Step #44737: rate 0.000001, accuracy 90.62%, cross entropy 0.728625
I0305 03:37:59.351019 130845699483456 train.py:227] Step #44738: rate 0.000001, accuracy 91.02%, cross entropy 0.761123
I0305 03:38:02.425358 130845699483456 train.py:227] Step #44739: rate 0.000001, accuracy 86.72%, cross entropy 0.805263
I0305 03:38:05.261061 130845699483456 train.py:227] Step #44740: rate 0.000001, accuracy 95.31%, cross entropy 0.633865
I0305 03:38:08.337317 130845699483456 train.py:227] Step #44741: rate 0.000001, accuracy 93.36%, cross entropy 0.660169
I0305 03:38:11.164132 130845699483456 train.py:227] Step #44742: rate 0.000001, accuracy 88.67%, cross entropy 0.779136
I0305 03:38:14.041937 130845699483456 train.py:227] Step #44743: rate 0.000001, accuracy 92.58%, cross entropy 0.684905
I0305 03:38:16.819898 130845699483456 train.py:227] Step #44744: rate 0.000001, accuracy 92.97%, cross entropy 0.726265
I0305 03:38:19.754224 130845699483456 train.py:227] Step #44745: rate 0.000001, accuracy 86.33%, cross entropy 0.884864
I0305 03:38:22.704221 130845699483456 train.py:227] Step #44746: rate 0.000001, accuracy 93.36%, cross entropy 0.656870
I0305 03:38:25.631521 130845699483456 train.py:227] Step #44747: rate 0.000001, accuracy 93.75%, cross entropy 0.688997
I0305 03:38:28.732233 130845699483456 train.py:227] Step #44748: rate 0.000001, accuracy 94.14%, cross entropy 0.665227
I0305 03:38:31.494241 130845699483456 train.py:227] Step #44749: rate 0.000001, accuracy 92.97%, cross entropy 0.668161
I0305 03:38:34.513475 130845699483456 train.py:227] Step #44750: rate 0.000001, accuracy 87.50%, cross entropy 0.821695
I0305 03:38:37.499207 130845699483456 train.py:227] Step #44751: rate 0.000001, accuracy 92.58%, cross entropy 0.693875
I0305 03:38:40.633225 130845699483456 train.py:227] Step #44752: rate 0.000001, accuracy 94.53%, cross entropy 0.656496
I0305 03:38:43.488373 130845699483456 train.py:227] Step #44753: rate 0.000001, accuracy 76.95%, cross entropy 1.105523
I0305 03:38:46.415295 130845699483456 train.py:227] Step #44754: rate 0.000001, accuracy 90.62%, cross entropy 0.756572
I0305 03:38:49.398876 130845699483456 train.py:227] Step #44755: rate 0.000001, accuracy 85.55%, cross entropy 0.896776
I0305 03:38:52.163892 130845699483456 train.py:227] Step #44756: rate 0.000001, accuracy 83.98%, cross entropy 0.878611
I0305 03:38:55.346956 130845699483456 train.py:227] Step #44757: rate 0.000001, accuracy 92.58%, cross entropy 0.715329
I0305 03:38:58.344805 130845699483456 train.py:227] Step #44758: rate 0.000001, accuracy 86.33%, cross entropy 0.822651
I0305 03:39:01.341621 130845699483456 train.py:227] Step #44759: rate 0.000001, accuracy 95.70%, cross entropy 0.638022
I0305 03:39:04.412608 130845699483456 train.py:227] Step #44760: rate 0.000001, accuracy 96.48%, cross entropy 0.609591
I0305 03:39:07.260130 130845699483456 train.py:227] Step #44761: rate 0.000001, accuracy 87.11%, cross entropy 0.794716
I0305 03:39:10.146864 130845699483456 train.py:227] Step #44762: rate 0.000001, accuracy 82.81%, cross entropy 0.913577
I0305 03:39:13.174188 130845699483456 train.py:227] Step #44763: rate 0.000001, accuracy 88.67%, cross entropy 0.784301
I0305 03:39:16.247165 130845699483456 train.py:227] Step #44764: rate 0.000001, accuracy 94.92%, cross entropy 0.667749
I0305 03:39:19.135574 130845699483456 train.py:227] Step #44765: rate 0.000001, accuracy 92.97%, cross entropy 0.677052
I0305 03:39:23.405240 130845699483456 train.py:227] Step #44766: rate 0.000001, accuracy 90.62%, cross entropy 0.717666
I0305 03:39:26.468151 130845699483456 train.py:227] Step #44767: rate 0.000001, accuracy 89.45%, cross entropy 0.753595
I0305 03:39:29.539007 130845699483456 train.py:227] Step #44768: rate 0.000001, accuracy 95.31%, cross entropy 0.622939
I0305 03:39:32.702539 130845699483456 train.py:227] Step #44769: rate 0.000001, accuracy 88.28%, cross entropy 0.779217
I0305 03:39:35.697447 130845699483456 train.py:227] Step #44770: rate 0.000001, accuracy 85.94%, cross entropy 0.857899
I0305 03:39:38.698654 130845699483456 train.py:227] Step #44771: rate 0.000001, accuracy 72.66%, cross entropy 1.103096
I0305 03:39:41.667263 130845699483456 train.py:227] Step #44772: rate 0.000001, accuracy 86.33%, cross entropy 0.843985
I0305 03:39:44.583858 130845699483456 train.py:227] Step #44773: rate 0.000001, accuracy 92.19%, cross entropy 0.684649
I0305 03:39:47.564469 130845699483456 train.py:227] Step #44774: rate 0.000001, accuracy 92.97%, cross entropy 0.676864
I0305 03:39:50.489629 130845699483456 train.py:227] Step #44775: rate 0.000001, accuracy 96.48%, cross entropy 0.650127
I0305 03:39:53.235124 130845699483456 train.py:227] Step #44776: rate 0.000001, accuracy 85.55%, cross entropy 0.817773
I0305 03:39:56.112579 130845699483456 train.py:227] Step #44777: rate 0.000001, accuracy 85.94%, cross entropy 0.854966
I0305 03:39:59.147014 130845699483456 train.py:227] Step #44778: rate 0.000001, accuracy 92.58%, cross entropy 0.729216
I0305 03:40:02.229512 130845699483456 train.py:227] Step #44779: rate 0.000001, accuracy 94.14%, cross entropy 0.643284
I0305 03:40:05.341590 130845699483456 train.py:227] Step #44780: rate 0.000001, accuracy 96.09%, cross entropy 0.600030
I0305 03:40:08.325707 130845699483456 train.py:227] Step #44781: rate 0.000001, accuracy 92.58%, cross entropy 0.690713
I0305 03:40:11.431607 130845699483456 train.py:227] Step #44782: rate 0.000001, accuracy 94.53%, cross entropy 0.671755
I0305 03:40:14.430693 130845699483456 train.py:227] Step #44783: rate 0.000001, accuracy 95.31%, cross entropy 0.625445
I0305 03:40:17.276335 130845699483456 train.py:227] Step #44784: rate 0.000001, accuracy 87.89%, cross entropy 0.802300
I0305 03:40:43.429522 130845699483456 train.py:280] Step 44784: Validation accuracy = 97.31% (N=4352)
I0305 03:40:43.429818 130845699483456 train.py:290] So far the best validation accuracy is 97.33%
I0305 03:40:46.576070 130845699483456 train.py:227] Step #44785: rate 0.000001, accuracy 95.70%, cross entropy 0.613640
I0305 03:40:49.550431 130845699483456 train.py:227] Step #44786: rate 0.000001, accuracy 87.89%, cross entropy 0.797699
I0305 03:40:52.684319 130845699483456 train.py:227] Step #44787: rate 0.000001, accuracy 96.48%, cross entropy 0.624744
I0305 03:40:55.841873 130845699483456 train.py:227] Step #44788: rate 0.000001, accuracy 88.67%, cross entropy 0.773289
I0305 03:40:58.831680 130845699483456 train.py:227] Step #44789: rate 0.000001, accuracy 96.09%, cross entropy 0.636839
I0305 03:41:01.776957 130845699483456 train.py:227] Step #44790: rate 0.000001, accuracy 98.05%, cross entropy 0.594087
I0305 03:41:04.609579 130845699483456 train.py:227] Step #44791: rate 0.000001, accuracy 89.45%, cross entropy 0.769863
I0305 03:41:07.392882 130845699483456 train.py:227] Step #44792: rate 0.000001, accuracy 92.19%, cross entropy 0.687697
I0305 03:41:10.327514 130845699483456 train.py:227] Step #44793: rate 0.000001, accuracy 85.55%, cross entropy 0.865283
I0305 03:41:13.078167 130845699483456 train.py:227] Step #44794: rate 0.000001, accuracy 92.97%, cross entropy 0.697771
I0305 03:41:15.864759 130845699483456 train.py:227] Step #44795: rate 0.000001, accuracy 95.70%, cross entropy 0.629105
I0305 03:41:18.659262 130845699483456 train.py:227] Step #44796: rate 0.000001, accuracy 96.48%, cross entropy 0.588976
I0305 03:41:21.738866 130845699483456 train.py:227] Step #44797: rate 0.000001, accuracy 91.02%, cross entropy 0.738387
I0305 03:41:24.684556 130845699483456 train.py:227] Step #44798: rate 0.000001, accuracy 89.45%, cross entropy 0.799770
I0305 03:41:27.730672 130845699483456 train.py:227] Step #44799: rate 0.000001, accuracy 89.45%, cross entropy 0.788594
I0305 03:41:30.560147 130845699483456 train.py:227] Step #44800: rate 0.000001, accuracy 91.02%, cross entropy 0.730605
I0305 03:41:33.584012 130845699483456 train.py:227] Step #44801: rate 0.000001, accuracy 76.17%, cross entropy 1.036592
I0305 03:41:36.325227 130845699483456 train.py:227] Step #44802: rate 0.000001, accuracy 91.02%, cross entropy 0.705343
I0305 03:41:39.542068 130845699483456 train.py:227] Step #44803: rate 0.000001, accuracy 89.45%, cross entropy 0.742769
I0305 03:41:42.386157 130845699483456 train.py:227] Step #44804: rate 0.000001, accuracy 92.97%, cross entropy 0.692332
I0305 03:41:45.306898 130845699483456 train.py:227] Step #44805: rate 0.000001, accuracy 93.75%, cross entropy 0.675412
I0305 03:41:48.304651 130845699483456 train.py:227] Step #44806: rate 0.000001, accuracy 82.81%, cross entropy 0.859509
I0305 03:41:51.287624 130845699483456 train.py:227] Step #44807: rate 0.000001, accuracy 92.58%, cross entropy 0.697294
I0305 03:41:54.163551 130845699483456 train.py:227] Step #44808: rate 0.000001, accuracy 96.88%, cross entropy 0.604644
I0305 03:41:57.148438 130845699483456 train.py:227] Step #44809: rate 0.000001, accuracy 92.58%, cross entropy 0.684597
I0305 03:42:00.163768 130845699483456 train.py:227] Step #44810: rate 0.000001, accuracy 91.02%, cross entropy 0.744413
I0305 03:42:03.126220 130845699483456 train.py:227] Step #44811: rate 0.000001, accuracy 92.58%, cross entropy 0.667328
I0305 03:42:06.172224 130845699483456 train.py:227] Step #44812: rate 0.000001, accuracy 88.28%, cross entropy 0.796316
I0305 03:42:09.119529 130845699483456 train.py:227] Step #44813: rate 0.000001, accuracy 86.33%, cross entropy 0.846198
I0305 03:42:12.106806 130845699483456 train.py:227] Step #44814: rate 0.000001, accuracy 95.31%, cross entropy 0.652099
I0305 03:42:14.997628 130845699483456 train.py:227] Step #44815: rate 0.000001, accuracy 89.45%, cross entropy 0.768130
I0305 03:42:18.224006 130845699483456 train.py:227] Step #44816: rate 0.000001, accuracy 92.97%, cross entropy 0.687905
I0305 03:42:21.171792 130845699483456 train.py:227] Step #44817: rate 0.000001, accuracy 88.67%, cross entropy 0.787885
I0305 03:42:24.043535 130845699483456 train.py:227] Step #44818: rate 0.000001, accuracy 79.30%, cross entropy 1.015807
I0305 03:42:26.913908 130845699483456 train.py:227] Step #44819: rate 0.000001, accuracy 94.92%, cross entropy 0.651483
I0305 03:42:29.954918 130845699483456 train.py:227] Step #44820: rate 0.000001, accuracy 87.89%, cross entropy 0.780179
I0305 03:42:32.789856 130845699483456 train.py:227] Step #44821: rate 0.000001, accuracy 94.14%, cross entropy 0.677442
I0305 03:42:35.598266 130845699483456 train.py:227] Step #44822: rate 0.000001, accuracy 90.23%, cross entropy 0.739021
I0305 03:42:38.478063 130845699483456 train.py:227] Step #44823: rate 0.000001, accuracy 93.75%, cross entropy 0.659177
I0305 03:42:41.548770 130845699483456 train.py:227] Step #44824: rate 0.000001, accuracy 84.77%, cross entropy 0.865733
I0305 03:42:44.654477 130845699483456 train.py:227] Step #44825: rate 0.000001, accuracy 92.97%, cross entropy 0.672013
I0305 03:42:47.490072 130845699483456 train.py:227] Step #44826: rate 0.000001, accuracy 91.41%, cross entropy 0.688183
I0305 03:42:50.408497 130845699483456 train.py:227] Step #44827: rate 0.000001, accuracy 94.14%, cross entropy 0.695317
I0305 03:42:53.363209 130845699483456 train.py:227] Step #44828: rate 0.000001, accuracy 94.14%, cross entropy 0.663969
I0305 03:42:56.294883 130845699483456 train.py:227] Step #44829: rate 0.000001, accuracy 87.50%, cross entropy 0.802968
I0305 03:42:59.214190 130845699483456 train.py:227] Step #44830: rate 0.000001, accuracy 97.27%, cross entropy 0.594934
I0305 03:43:02.213298 130845699483456 train.py:227] Step #44831: rate 0.000001, accuracy 85.94%, cross entropy 0.820148
I0305 03:43:05.258970 130845699483456 train.py:227] Step #44832: rate 0.000001, accuracy 86.33%, cross entropy 0.838168
I0305 03:43:08.113977 130845699483456 train.py:227] Step #44833: rate 0.000001, accuracy 95.31%, cross entropy 0.648192
I0305 03:43:11.207710 130845699483456 train.py:227] Step #44834: rate 0.000001, accuracy 94.53%, cross entropy 0.644784
I0305 03:43:14.132564 130845699483456 train.py:227] Step #44835: rate 0.000001, accuracy 91.80%, cross entropy 0.717479
I0305 03:43:17.020085 130845699483456 train.py:227] Step #44836: rate 0.000001, accuracy 93.75%, cross entropy 0.660547
I0305 03:43:20.066928 130845699483456 train.py:227] Step #44837: rate 0.000001, accuracy 90.62%, cross entropy 0.748716
I0305 03:43:23.087865 130845699483456 train.py:227] Step #44838: rate 0.000001, accuracy 88.67%, cross entropy 0.761222
I0305 03:43:26.081497 130845699483456 train.py:227] Step #44839: rate 0.000001, accuracy 87.50%, cross entropy 0.801170
I0305 03:43:29.145403 130845699483456 train.py:227] Step #44840: rate 0.000001, accuracy 78.91%, cross entropy 1.012505
I0305 03:43:32.140195 130845699483456 train.py:227] Step #44841: rate 0.000001, accuracy 82.81%, cross entropy 0.936010
I0305 03:43:35.265016 130845699483456 train.py:227] Step #44842: rate 0.000001, accuracy 94.14%, cross entropy 0.652071
I0305 03:43:38.216724 130845699483456 train.py:227] Step #44843: rate 0.000001, accuracy 91.02%, cross entropy 0.719675
I0305 03:43:41.030854 130845699483456 train.py:227] Step #44844: rate 0.000001, accuracy 92.97%, cross entropy 0.684159
I0305 03:43:43.940028 130845699483456 train.py:227] Step #44845: rate 0.000001, accuracy 95.31%, cross entropy 0.630639
I0305 03:43:46.957372 130845699483456 train.py:227] Step #44846: rate 0.000001, accuracy 86.33%, cross entropy 0.804943
I0305 03:43:50.069454 130845699483456 train.py:227] Step #44847: rate 0.000001, accuracy 87.50%, cross entropy 0.807700
I0305 03:43:52.915000 130845699483456 train.py:227] Step #44848: rate 0.000001, accuracy 87.50%, cross entropy 0.813129
I0305 03:43:55.994920 130845699483456 train.py:227] Step #44849: rate 0.000001, accuracy 89.84%, cross entropy 0.760934
I0305 03:43:59.081117 130845699483456 train.py:227] Step #44850: rate 0.000001, accuracy 79.30%, cross entropy 1.012344
I0305 03:44:01.869890 130845699483456 train.py:227] Step #44851: rate 0.000001, accuracy 85.16%, cross entropy 0.875154
I0305 03:44:04.866930 130845699483456 train.py:227] Step #44852: rate 0.000001, accuracy 94.92%, cross entropy 0.638759
I0305 03:44:07.982919 130845699483456 train.py:227] Step #44853: rate 0.000001, accuracy 78.91%, cross entropy 1.032459
I0305 03:44:10.709545 130845699483456 train.py:227] Step #44854: rate 0.000001, accuracy 91.02%, cross entropy 0.731983
I0305 03:44:13.733230 130845699483456 train.py:227] Step #44855: rate 0.000001, accuracy 96.88%, cross entropy 0.610515
I0305 03:44:16.796666 130845699483456 train.py:227] Step #44856: rate 0.000001, accuracy 94.92%, cross entropy 0.662903
I0305 03:44:19.866851 130845699483456 train.py:227] Step #44857: rate 0.000001, accuracy 96.88%, cross entropy 0.586376
I0305 03:44:22.889141 130845699483456 train.py:227] Step #44858: rate 0.000001, accuracy 94.92%, cross entropy 0.633856
I0305 03:44:25.896170 130845699483456 train.py:227] Step #44859: rate 0.000001, accuracy 93.36%, cross entropy 0.659547
I0305 03:44:28.845950 130845699483456 train.py:227] Step #44860: rate 0.000001, accuracy 89.06%, cross entropy 0.776230
I0305 03:44:31.819050 130845699483456 train.py:227] Step #44861: rate 0.000001, accuracy 94.53%, cross entropy 0.636952
I0305 03:44:34.772199 130845699483456 train.py:227] Step #44862: rate 0.000001, accuracy 91.41%, cross entropy 0.747362
I0305 03:44:37.628692 130845699483456 train.py:227] Step #44863: rate 0.000001, accuracy 91.02%, cross entropy 0.714322
I0305 03:44:40.493562 130845699483456 train.py:227] Step #44864: rate 0.000001, accuracy 82.81%, cross entropy 0.986195
I0305 03:44:43.457824 130845699483456 train.py:227] Step #44865: rate 0.000001, accuracy 87.11%, cross entropy 0.834643
I0305 03:44:46.416931 130845699483456 train.py:227] Step #44866: rate 0.000001, accuracy 87.50%, cross entropy 0.796909
I0305 03:44:49.524653 130845699483456 train.py:227] Step #44867: rate 0.000001, accuracy 91.02%, cross entropy 0.721951
I0305 03:44:52.579519 130845699483456 train.py:227] Step #44868: rate 0.000001, accuracy 78.12%, cross entropy 1.025474
I0305 03:44:55.671345 130845699483456 train.py:227] Step #44869: rate 0.000001, accuracy 90.62%, cross entropy 0.727540
I0305 03:44:58.553216 130845699483456 train.py:227] Step #44870: rate 0.000001, accuracy 88.67%, cross entropy 0.798020
I0305 03:45:01.319883 130845699483456 train.py:227] Step #44871: rate 0.000001, accuracy 95.31%, cross entropy 0.643754
I0305 03:45:04.238396 130845699483456 train.py:227] Step #44872: rate 0.000001, accuracy 90.62%, cross entropy 0.710486
I0305 03:45:07.118298 130845699483456 train.py:227] Step #44873: rate 0.000001, accuracy 89.84%, cross entropy 0.814521
I0305 03:45:10.088104 130845699483456 train.py:227] Step #44874: rate 0.000001, accuracy 95.70%, cross entropy 0.613989
I0305 03:45:13.047436 130845699483456 train.py:227] Step #44875: rate 0.000001, accuracy 92.97%, cross entropy 0.683066
I0305 03:45:16.013220 130845699483456 train.py:227] Step #44876: rate 0.000001, accuracy 80.86%, cross entropy 0.936961
I0305 03:45:19.007031 130845699483456 train.py:227] Step #44877: rate 0.000001, accuracy 96.09%, cross entropy 0.636688
I0305 03:45:22.009581 130845699483456 train.py:227] Step #44878: rate 0.000001, accuracy 89.84%, cross entropy 0.775730
I0305 03:45:25.009489 130845699483456 train.py:227] Step #44879: rate 0.000001, accuracy 96.48%, cross entropy 0.614419
I0305 03:45:27.923820 130845699483456 train.py:227] Step #44880: rate 0.000001, accuracy 85.94%, cross entropy 0.873953
I0305 03:45:30.991842 130845699483456 train.py:227] Step #44881: rate 0.000001, accuracy 96.48%, cross entropy 0.630329
I0305 03:45:33.899773 130845699483456 train.py:227] Step #44882: rate 0.000001, accuracy 86.33%, cross entropy 0.828351
I0305 03:45:36.847110 130845699483456 train.py:227] Step #44883: rate 0.000001, accuracy 97.27%, cross entropy 0.583574
I0305 03:45:39.734563 130845699483456 train.py:227] Step #44884: rate 0.000001, accuracy 88.28%, cross entropy 0.773027
I0305 03:45:42.714738 130845699483456 train.py:227] Step #44885: rate 0.000001, accuracy 91.41%, cross entropy 0.745494
I0305 03:45:45.657622 130845699483456 train.py:227] Step #44886: rate 0.000001, accuracy 89.06%, cross entropy 0.765377
I0305 03:45:48.712286 130845699483456 train.py:227] Step #44887: rate 0.000001, accuracy 95.31%, cross entropy 0.634742
I0305 03:45:51.765713 130845699483456 train.py:227] Step #44888: rate 0.000001, accuracy 94.53%, cross entropy 0.684981
I0305 03:45:54.582497 130845699483456 train.py:227] Step #44889: rate 0.000001, accuracy 88.28%, cross entropy 0.764425
I0305 03:45:57.611199 130845699483456 train.py:227] Step #44890: rate 0.000001, accuracy 92.97%, cross entropy 0.691959
I0305 03:46:00.463353 130845699483456 train.py:227] Step #44891: rate 0.000001, accuracy 94.53%, cross entropy 0.638868
I0305 03:46:03.308924 130845699483456 train.py:227] Step #44892: rate 0.000001, accuracy 91.80%, cross entropy 0.737513
I0305 03:46:06.214839 130845699483456 train.py:227] Step #44893: rate 0.000001, accuracy 96.48%, cross entropy 0.632049
I0305 03:46:09.245910 130845699483456 train.py:227] Step #44894: rate 0.000001, accuracy 89.45%, cross entropy 0.735691
I0305 03:46:12.239583 130845699483456 train.py:227] Step #44895: rate 0.000001, accuracy 83.98%, cross entropy 0.891720
I0305 03:46:15.269093 130845699483456 train.py:227] Step #44896: rate 0.000001, accuracy 95.31%, cross entropy 0.631890
I0305 03:46:18.191111 130845699483456 train.py:227] Step #44897: rate 0.000001, accuracy 90.62%, cross entropy 0.725218
I0305 03:46:21.255733 130845699483456 train.py:227] Step #44898: rate 0.000001, accuracy 93.75%, cross entropy 0.670928
I0305 03:46:24.144793 130845699483456 train.py:227] Step #44899: rate 0.000001, accuracy 97.27%, cross entropy 0.582744
I0305 03:46:27.130352 130845699483456 train.py:227] Step #44900: rate 0.000001, accuracy 88.28%, cross entropy 0.791282
I0305 03:46:30.070274 130845699483456 train.py:227] Step #44901: rate 0.000001, accuracy 96.88%, cross entropy 0.606200
I0305 03:46:33.043824 130845699483456 train.py:227] Step #44902: rate 0.000001, accuracy 96.48%, cross entropy 0.597532
I0305 03:46:35.996262 130845699483456 train.py:227] Step #44903: rate 0.000001, accuracy 87.11%, cross entropy 0.814692
I0305 03:46:39.177430 130845699483456 train.py:227] Step #44904: rate 0.000001, accuracy 88.67%, cross entropy 0.765785
I0305 03:46:42.206397 130845699483456 train.py:227] Step #44905: rate 0.000001, accuracy 92.19%, cross entropy 0.705185
I0305 03:46:45.096813 130845699483456 train.py:227] Step #44906: rate 0.000001, accuracy 82.42%, cross entropy 0.948686
I0305 03:46:48.201755 130845699483456 train.py:227] Step #44907: rate 0.000001, accuracy 84.77%, cross entropy 0.862325
I0305 03:46:51.089230 130845699483456 train.py:227] Step #44908: rate 0.000001, accuracy 94.53%, cross entropy 0.691481
I0305 03:46:53.901634 130845699483456 train.py:227] Step #44909: rate 0.000001, accuracy 81.25%, cross entropy 0.977336
I0305 03:46:56.739304 130845699483456 train.py:227] Step #44910: rate 0.000001, accuracy 91.02%, cross entropy 0.737644
I0305 03:46:59.733893 130845699483456 train.py:227] Step #44911: rate 0.000001, accuracy 94.92%, cross entropy 0.644701
I0305 03:47:02.786400 130845699483456 train.py:227] Step #44912: rate 0.000001, accuracy 94.53%, cross entropy 0.646845
I0305 03:47:06.019574 130845699483456 train.py:227] Step #44913: rate 0.000001, accuracy 92.19%, cross entropy 0.722095
I0305 03:47:08.997470 130845699483456 train.py:227] Step #44914: rate 0.000001, accuracy 91.80%, cross entropy 0.754206
I0305 03:47:12.114599 130845699483456 train.py:227] Step #44915: rate 0.000001, accuracy 88.67%, cross entropy 0.816368
I0305 03:47:15.040083 130845699483456 train.py:227] Step #44916: rate 0.000001, accuracy 92.58%, cross entropy 0.721985
I0305 03:47:18.165189 130845699483456 train.py:227] Step #44917: rate 0.000001, accuracy 81.25%, cross entropy 0.949201
I0305 03:47:20.926602 130845699483456 train.py:227] Step #44918: rate 0.000001, accuracy 89.06%, cross entropy 0.762004
I0305 03:47:23.814177 130845699483456 train.py:227] Step #44919: rate 0.000001, accuracy 96.09%, cross entropy 0.609995
I0305 03:47:26.701849 130845699483456 train.py:227] Step #44920: rate 0.000001, accuracy 92.58%, cross entropy 0.703472
I0305 03:47:29.632763 130845699483456 train.py:227] Step #44921: rate 0.000001, accuracy 91.02%, cross entropy 0.715055
I0305 03:47:32.545940 130845699483456 train.py:227] Step #44922: rate 0.000001, accuracy 87.11%, cross entropy 0.784040
I0305 03:47:35.459067 130845699483456 train.py:227] Step #44923: rate 0.000001, accuracy 90.62%, cross entropy 0.732070
I0305 03:47:38.331606 130845699483456 train.py:227] Step #44924: rate 0.000001, accuracy 91.80%, cross entropy 0.713206
I0305 03:47:41.280872 130845699483456 train.py:227] Step #44925: rate 0.000001, accuracy 89.84%, cross entropy 0.795522
I0305 03:47:44.251796 130845699483456 train.py:227] Step #44926: rate 0.000001, accuracy 94.53%, cross entropy 0.650355
I0305 03:47:47.296174 130845699483456 train.py:227] Step #44927: rate 0.000001, accuracy 96.48%, cross entropy 0.620169
I0305 03:47:50.109822 130845699483456 train.py:227] Step #44928: rate 0.000001, accuracy 89.06%, cross entropy 0.774978
I0305 03:48:16.591315 130845699483456 train.py:280] Step 44928: Validation accuracy = 97.29% (N=4352)
I0305 03:48:16.591921 130845699483456 train.py:290] So far the best validation accuracy is 97.33%
I0305 03:48:19.547431 130845699483456 train.py:227] Step #44929: rate 0.000001, accuracy 78.52%, cross entropy 0.967400
I0305 03:48:22.469180 130845699483456 train.py:227] Step #44930: rate 0.000001, accuracy 94.53%, cross entropy 0.652005
I0305 03:48:25.301962 130845699483456 train.py:227] Step #44931: rate 0.000001, accuracy 85.55%, cross entropy 0.857400
I0305 03:48:28.410752 130845699483456 train.py:227] Step #44932: rate 0.000001, accuracy 94.92%, cross entropy 0.661726
I0305 03:48:31.359535 130845699483456 train.py:227] Step #44933: rate 0.000001, accuracy 95.70%, cross entropy 0.638068
I0305 03:48:34.184600 130845699483456 train.py:227] Step #44934: rate 0.000001, accuracy 94.92%, cross entropy 0.662096
I0305 03:48:37.167551 130845699483456 train.py:227] Step #44935: rate 0.000001, accuracy 91.41%, cross entropy 0.736856
I0305 03:48:40.312795 130845699483456 train.py:227] Step #44936: rate 0.000001, accuracy 92.19%, cross entropy 0.714452
I0305 03:48:43.341774 130845699483456 train.py:227] Step #44937: rate 0.000001, accuracy 93.36%, cross entropy 0.672047
I0305 03:48:46.300986 130845699483456 train.py:227] Step #44938: rate 0.000001, accuracy 95.31%, cross entropy 0.648479
I0305 03:48:49.101285 130845699483456 train.py:227] Step #44939: rate 0.000001, accuracy 95.31%, cross entropy 0.638308
I0305 03:48:52.171578 130845699483456 train.py:227] Step #44940: rate 0.000001, accuracy 89.06%, cross entropy 0.799317
I0305 03:48:55.327213 130845699483456 train.py:227] Step #44941: rate 0.000001, accuracy 94.92%, cross entropy 0.653225
I0305 03:48:58.088232 130845699483456 train.py:227] Step #44942: rate 0.000001, accuracy 97.66%, cross entropy 0.600025
I0305 03:49:01.308340 130845699483456 train.py:227] Step #44943: rate 0.000001, accuracy 91.80%, cross entropy 0.701364
I0305 03:49:04.277549 130845699483456 train.py:227] Step #44944: rate 0.000001, accuracy 78.12%, cross entropy 0.995482
I0305 03:49:07.103944 130845699483456 train.py:227] Step #44945: rate 0.000001, accuracy 95.31%, cross entropy 0.629093
I0305 03:49:10.048792 130845699483456 train.py:227] Step #44946: rate 0.000001, accuracy 89.06%, cross entropy 0.810438
I0305 03:49:12.848133 130845699483456 train.py:227] Step #44947: rate 0.000001, accuracy 89.84%, cross entropy 0.755719
I0305 03:49:15.960138 130845699483456 train.py:227] Step #44948: rate 0.000001, accuracy 96.88%, cross entropy 0.591810
I0305 03:49:18.816520 130845699483456 train.py:227] Step #44949: rate 0.000001, accuracy 93.75%, cross entropy 0.680137
I0305 03:49:21.810725 130845699483456 train.py:227] Step #44950: rate 0.000001, accuracy 87.89%, cross entropy 0.806912
I0305 03:49:24.597531 130845699483456 train.py:227] Step #44951: rate 0.000001, accuracy 70.31%, cross entropy 1.206946
I0305 03:49:27.539458 130845699483456 train.py:227] Step #44952: rate 0.000001, accuracy 89.84%, cross entropy 0.751183
I0305 03:49:30.606649 130845699483456 train.py:227] Step #44953: rate 0.000001, accuracy 83.59%, cross entropy 0.911904
I0305 03:49:33.433178 130845699483456 train.py:227] Step #44954: rate 0.000001, accuracy 76.17%, cross entropy 1.110920
I0305 03:49:36.530713 130845699483456 train.py:227] Step #44955: rate 0.000001, accuracy 88.28%, cross entropy 0.773319
I0305 03:49:39.377022 130845699483456 train.py:227] Step #44956: rate 0.000001, accuracy 91.41%, cross entropy 0.690697
I0305 03:49:42.309709 130845699483456 train.py:227] Step #44957: rate 0.000001, accuracy 77.73%, cross entropy 1.029282
I0305 03:49:45.327285 130845699483456 train.py:227] Step #44958: rate 0.000001, accuracy 94.92%, cross entropy 0.649285
I0305 03:49:48.133340 130845699483456 train.py:227] Step #44959: rate 0.000001, accuracy 88.67%, cross entropy 0.787723
I0305 03:49:51.140450 130845699483456 train.py:227] Step #44960: rate 0.000001, accuracy 66.02%, cross entropy 1.266039
I0305 03:49:54.173888 130845699483456 train.py:227] Step #44961: rate 0.000001, accuracy 96.48%, cross entropy 0.622546
I0305 03:49:57.139080 130845699483456 train.py:227] Step #44962: rate 0.000001, accuracy 93.75%, cross entropy 0.647209
I0305 03:50:00.289892 130845699483456 train.py:227] Step #44963: rate 0.000001, accuracy 91.41%, cross entropy 0.747006
I0305 03:50:03.231397 130845699483456 train.py:227] Step #44964: rate 0.000001, accuracy 88.67%, cross entropy 0.804632
I0305 03:50:06.318940 130845699483456 train.py:227] Step #44965: rate 0.000001, accuracy 84.38%, cross entropy 0.862820
I0305 03:50:09.421989 130845699483456 train.py:227] Step #44966: rate 0.000001, accuracy 91.41%, cross entropy 0.714698
I0305 03:50:12.279760 130845699483456 train.py:227] Step #44967: rate 0.000001, accuracy 83.59%, cross entropy 0.873237
I0305 03:50:15.170966 130845699483456 train.py:227] Step #44968: rate 0.000001, accuracy 92.97%, cross entropy 0.682007
I0305 03:50:18.285598 130845699483456 train.py:227] Step #44969: rate 0.000001, accuracy 89.45%, cross entropy 0.757156
I0305 03:50:21.283321 130845699483456 train.py:227] Step #44970: rate 0.000001, accuracy 94.14%, cross entropy 0.670035
I0305 03:50:24.056821 130845699483456 train.py:227] Step #44971: rate 0.000001, accuracy 91.02%, cross entropy 0.737093
I0305 03:50:26.977711 130845699483456 train.py:227] Step #44972: rate 0.000001, accuracy 87.11%, cross entropy 0.798669
I0305 03:50:29.837219 130845699483456 train.py:227] Step #44973: rate 0.000001, accuracy 88.67%, cross entropy 0.831956
I0305 03:50:32.780739 130845699483456 train.py:227] Step #44974: rate 0.000001, accuracy 73.44%, cross entropy 1.113822
I0305 03:50:35.697131 130845699483456 train.py:227] Step #44975: rate 0.000001, accuracy 87.50%, cross entropy 0.813295
I0305 03:50:38.587869 130845699483456 train.py:227] Step #44976: rate 0.000001, accuracy 96.88%, cross entropy 0.610862
I0305 03:50:41.594779 130845699483456 train.py:227] Step #44977: rate 0.000001, accuracy 98.83%, cross entropy 0.563435
I0305 03:50:44.403469 130845699483456 train.py:227] Step #44978: rate 0.000001, accuracy 95.31%, cross entropy 0.648640
I0305 03:50:47.353692 130845699483456 train.py:227] Step #44979: rate 0.000001, accuracy 68.75%, cross entropy 1.210327
I0305 03:50:50.438774 130845699483456 train.py:227] Step #44980: rate 0.000001, accuracy 93.36%, cross entropy 0.677409
I0305 03:50:53.259284 130845699483456 train.py:227] Step #44981: rate 0.000001, accuracy 94.14%, cross entropy 0.675681
I0305 03:50:56.298309 130845699483456 train.py:227] Step #44982: rate 0.000001, accuracy 94.14%, cross entropy 0.649261
I0305 03:50:59.225796 130845699483456 train.py:227] Step #44983: rate 0.000001, accuracy 92.58%, cross entropy 0.708080
I0305 03:51:02.095839 130845699483456 train.py:227] Step #44984: rate 0.000001, accuracy 92.19%, cross entropy 0.670295
I0305 03:51:05.121453 130845699483456 train.py:227] Step #44985: rate 0.000001, accuracy 88.67%, cross entropy 0.817982
I0305 03:51:08.207204 130845699483456 train.py:227] Step #44986: rate 0.000001, accuracy 89.45%, cross entropy 0.766162
I0305 03:51:11.243052 130845699483456 train.py:227] Step #44987: rate 0.000001, accuracy 76.95%, cross entropy 1.091269
I0305 03:51:14.085363 130845699483456 train.py:227] Step #44988: rate 0.000001, accuracy 91.41%, cross entropy 0.717859
I0305 03:51:17.200994 130845699483456 train.py:227] Step #44989: rate 0.000001, accuracy 91.02%, cross entropy 0.715847
I0305 03:51:20.214483 130845699483456 train.py:227] Step #44990: rate 0.000001, accuracy 92.19%, cross entropy 0.700430
I0305 03:51:23.345134 130845699483456 train.py:227] Step #44991: rate 0.000001, accuracy 94.53%, cross entropy 0.651731
I0305 03:51:26.413770 130845699483456 train.py:227] Step #44992: rate 0.000001, accuracy 94.92%, cross entropy 0.638443
I0305 03:51:29.284551 130845699483456 train.py:227] Step #44993: rate 0.000001, accuracy 61.33%, cross entropy 1.428257
I0305 03:51:32.299985 130845699483456 train.py:227] Step #44994: rate 0.000001, accuracy 94.14%, cross entropy 0.656031
I0305 03:51:35.376236 130845699483456 train.py:227] Step #44995: rate 0.000001, accuracy 79.69%, cross entropy 0.998391
I0305 03:51:38.427529 130845699483456 train.py:227] Step #44996: rate 0.000001, accuracy 85.94%, cross entropy 0.806417
I0305 03:51:41.372655 130845699483456 train.py:227] Step #44997: rate 0.000001, accuracy 98.44%, cross entropy 0.590094
I0305 03:51:44.286443 130845699483456 train.py:227] Step #44998: rate 0.000001, accuracy 89.45%, cross entropy 0.761520
I0305 03:51:47.219907 130845699483456 train.py:227] Step #44999: rate 0.000001, accuracy 88.28%, cross entropy 0.780703
I0305 03:51:50.062306 130845699483456 train.py:227] Step #45000: rate 0.000001, accuracy 90.23%, cross entropy 0.751952
I0305 03:51:53.099657 130845699483456 train.py:227] Step #45001: rate 0.000001, accuracy 86.72%, cross entropy 0.833183
I0305 03:51:56.080499 130845699483456 train.py:227] Step #45002: rate 0.000001, accuracy 91.41%, cross entropy 0.731372
I0305 03:51:59.120268 130845699483456 train.py:227] Step #45003: rate 0.000001, accuracy 93.36%, cross entropy 0.645210
I0305 03:52:02.139794 130845699483456 train.py:227] Step #45004: rate 0.000001, accuracy 90.62%, cross entropy 0.725732
I0305 03:52:05.051971 130845699483456 train.py:227] Step #45005: rate 0.000001, accuracy 89.06%, cross entropy 0.792034
I0305 03:52:08.215948 130845699483456 train.py:227] Step #45006: rate 0.000001, accuracy 94.92%, cross entropy 0.654057
I0305 03:52:11.287535 130845699483456 train.py:227] Step #45007: rate 0.000001, accuracy 95.31%, cross entropy 0.634220
I0305 03:52:14.295607 130845699483456 train.py:227] Step #45008: rate 0.000001, accuracy 96.48%, cross entropy 0.623818
I0305 03:52:17.385119 130845699483456 train.py:227] Step #45009: rate 0.000001, accuracy 98.44%, cross entropy 0.590304
I0305 03:52:20.501816 130845699483456 train.py:227] Step #45010: rate 0.000001, accuracy 96.48%, cross entropy 0.617139
I0305 03:52:23.594216 130845699483456 train.py:227] Step #45011: rate 0.000001, accuracy 94.14%, cross entropy 0.683635
I0305 03:52:26.616217 130845699483456 train.py:227] Step #45012: rate 0.000001, accuracy 85.55%, cross entropy 0.863292
I0305 03:52:29.612552 130845699483456 train.py:227] Step #45013: rate 0.000001, accuracy 95.70%, cross entropy 0.608888
I0305 03:52:32.580727 130845699483456 train.py:227] Step #45014: rate 0.000001, accuracy 91.41%, cross entropy 0.719589
I0305 03:52:35.795806 130845699483456 train.py:227] Step #45015: rate 0.000001, accuracy 78.52%, cross entropy 1.031976
I0305 03:52:38.804988 130845699483456 train.py:227] Step #45016: rate 0.000001, accuracy 94.92%, cross entropy 0.650526
I0305 03:52:41.936286 130845699483456 train.py:227] Step #45017: rate 0.000001, accuracy 91.41%, cross entropy 0.716295
I0305 03:52:44.882560 130845699483456 train.py:227] Step #45018: rate 0.000001, accuracy 94.53%, cross entropy 0.672433
I0305 03:52:47.923232 130845699483456 train.py:227] Step #45019: rate 0.000001, accuracy 87.11%, cross entropy 0.778370
I0305 03:52:50.989544 130845699483456 train.py:227] Step #45020: rate 0.000001, accuracy 91.02%, cross entropy 0.722474
I0305 03:52:53.849354 130845699483456 train.py:227] Step #45021: rate 0.000001, accuracy 92.19%, cross entropy 0.722595
I0305 03:52:56.930209 130845699483456 train.py:227] Step #45022: rate 0.000001, accuracy 95.70%, cross entropy 0.647051
I0305 03:52:59.835100 130845699483456 train.py:227] Step #45023: rate 0.000001, accuracy 92.58%, cross entropy 0.731209
I0305 03:53:02.764442 130845699483456 train.py:227] Step #45024: rate 0.000001, accuracy 91.41%, cross entropy 0.763317
I0305 03:53:05.665888 130845699483456 train.py:227] Step #45025: rate 0.000001, accuracy 89.45%, cross entropy 0.766199
I0305 03:53:08.751051 130845699483456 train.py:227] Step #45026: rate 0.000001, accuracy 93.75%, cross entropy 0.664256
I0305 03:53:11.761001 130845699483456 train.py:227] Step #45027: rate 0.000001, accuracy 94.14%, cross entropy 0.679946
I0305 03:53:14.809065 130845699483456 train.py:227] Step #45028: rate 0.000001, accuracy 86.72%, cross entropy 0.843509
I0305 03:53:18.026302 130845699483456 train.py:227] Step #45029: rate 0.000001, accuracy 91.02%, cross entropy 0.716641
I0305 03:53:21.163095 130845699483456 train.py:227] Step #45030: rate 0.000001, accuracy 94.14%, cross entropy 0.641139
I0305 03:53:24.020260 130845699483456 train.py:227] Step #45031: rate 0.000001, accuracy 96.48%, cross entropy 0.615470
I0305 03:53:26.955285 130845699483456 train.py:227] Step #45032: rate 0.000001, accuracy 90.62%, cross entropy 0.738706
I0305 03:53:29.761801 130845699483456 train.py:227] Step #45033: rate 0.000001, accuracy 93.75%, cross entropy 0.683248
I0305 03:53:32.716607 130845699483456 train.py:227] Step #45034: rate 0.000001, accuracy 95.70%, cross entropy 0.623717
I0305 03:53:35.565523 130845699483456 train.py:227] Step #45035: rate 0.000001, accuracy 93.36%, cross entropy 0.686089
I0305 03:53:38.686928 130845699483456 train.py:227] Step #45036: rate 0.000001, accuracy 85.16%, cross entropy 0.819850
I0305 03:53:41.737953 130845699483456 train.py:227] Step #45037: rate 0.000001, accuracy 93.75%, cross entropy 0.664245
I0305 03:53:44.794936 130845699483456 train.py:227] Step #45038: rate 0.000001, accuracy 87.50%, cross entropy 0.761494
I0305 03:53:47.857521 130845699483456 train.py:227] Step #45039: rate 0.000001, accuracy 85.55%, cross entropy 0.821840
I0305 03:53:50.841295 130845699483456 train.py:227] Step #45040: rate 0.000001, accuracy 95.31%, cross entropy 0.657489
I0305 03:53:53.927205 130845699483456 train.py:227] Step #45041: rate 0.000001, accuracy 88.67%, cross entropy 0.756314
I0305 03:53:56.762388 130845699483456 train.py:227] Step #45042: rate 0.000001, accuracy 94.14%, cross entropy 0.666062
I0305 03:53:59.712021 130845699483456 train.py:227] Step #45043: rate 0.000001, accuracy 94.14%, cross entropy 0.650089
I0305 03:54:02.753659 130845699483456 train.py:227] Step #45044: rate 0.000001, accuracy 92.58%, cross entropy 0.714052
I0305 03:54:05.790083 130845699483456 train.py:227] Step #45045: rate 0.000001, accuracy 94.14%, cross entropy 0.669125
I0305 03:54:08.533662 130845699483456 train.py:227] Step #45046: rate 0.000001, accuracy 89.06%, cross entropy 0.782650
I0305 03:54:11.366387 130845699483456 train.py:227] Step #45047: rate 0.000001, accuracy 87.11%, cross entropy 0.810775
I0305 03:54:14.468744 130845699483456 train.py:227] Step #45048: rate 0.000001, accuracy 93.36%, cross entropy 0.691264
I0305 03:54:17.464503 130845699483456 train.py:227] Step #45049: rate 0.000001, accuracy 95.31%, cross entropy 0.665952
I0305 03:54:20.397781 130845699483456 train.py:227] Step #45050: rate 0.000001, accuracy 92.58%, cross entropy 0.703337
I0305 03:54:23.464080 130845699483456 train.py:227] Step #45051: rate 0.000001, accuracy 92.58%, cross entropy 0.695479
I0305 03:54:26.289664 130845699483456 train.py:227] Step #45052: rate 0.000001, accuracy 96.48%, cross entropy 0.631551
I0305 03:54:29.105996 130845699483456 train.py:227] Step #45053: rate 0.000001, accuracy 84.38%, cross entropy 0.854617
I0305 03:54:32.117492 130845699483456 train.py:227] Step #45054: rate 0.000001, accuracy 91.02%, cross entropy 0.751232
I0305 03:54:35.169446 130845699483456 train.py:227] Step #45055: rate 0.000001, accuracy 86.33%, cross entropy 0.811790
I0305 03:54:38.012685 130845699483456 train.py:227] Step #45056: rate 0.000001, accuracy 92.97%, cross entropy 0.703749
I0305 03:54:40.789691 130845699483456 train.py:227] Step #45057: rate 0.000001, accuracy 94.53%, cross entropy 0.686691
I0305 03:54:43.858845 130845699483456 train.py:227] Step #45058: rate 0.000001, accuracy 92.97%, cross entropy 0.690204
I0305 03:54:46.796693 130845699483456 train.py:227] Step #45059: rate 0.000001, accuracy 88.67%, cross entropy 0.794289
I0305 03:54:49.711734 130845699483456 train.py:227] Step #45060: rate 0.000001, accuracy 83.98%, cross entropy 0.878093
I0305 03:54:52.712462 130845699483456 train.py:227] Step #45061: rate 0.000001, accuracy 94.53%, cross entropy 0.650243
I0305 03:54:55.572649 130845699483456 train.py:227] Step #45062: rate 0.000001, accuracy 89.84%, cross entropy 0.708668
I0305 03:54:58.393501 130845699483456 train.py:227] Step #45063: rate 0.000001, accuracy 87.50%, cross entropy 0.779771
I0305 03:55:01.351268 130845699483456 train.py:227] Step #45064: rate 0.000001, accuracy 96.09%, cross entropy 0.624543
I0305 03:55:04.287228 130845699483456 train.py:227] Step #45065: rate 0.000001, accuracy 97.27%, cross entropy 0.614093
I0305 03:55:07.133224 130845699483456 train.py:227] Step #45066: rate 0.000001, accuracy 94.53%, cross entropy 0.684793
I0305 03:55:10.193298 130845699483456 train.py:227] Step #45067: rate 0.000001, accuracy 84.77%, cross entropy 0.913412
I0305 03:55:13.217430 130845699483456 train.py:227] Step #45068: rate 0.000001, accuracy 86.33%, cross entropy 0.850234
I0305 03:55:16.027308 130845699483456 train.py:227] Step #45069: rate 0.000001, accuracy 88.28%, cross entropy 0.754231
I0305 03:55:19.081055 130845699483456 train.py:227] Step #45070: rate 0.000001, accuracy 82.42%, cross entropy 0.968859
I0305 03:55:22.246400 130845699483456 train.py:227] Step #45071: rate 0.000001, accuracy 95.31%, cross entropy 0.664945
I0305 03:55:25.036230 130845699483456 train.py:227] Step #45072: rate 0.000001, accuracy 94.14%, cross entropy 0.670258
I0305 03:55:51.352146 130845699483456 train.py:280] Step 45072: Validation accuracy = 97.29% (N=4352)
I0305 03:55:51.352945 130845699483456 train.py:290] So far the best validation accuracy is 97.33%
I0305 03:55:54.559673 130845699483456 train.py:227] Step #45073: rate 0.000001, accuracy 94.92%, cross entropy 0.665682
I0305 03:55:57.650933 130845699483456 train.py:227] Step #45074: rate 0.000001, accuracy 88.67%, cross entropy 0.776966
I0305 03:56:00.597642 130845699483456 train.py:227] Step #45075: rate 0.000001, accuracy 86.72%, cross entropy 0.826753
I0305 03:56:03.654709 130845699483456 train.py:227] Step #45076: rate 0.000001, accuracy 89.84%, cross entropy 0.770474
I0305 03:56:06.523958 130845699483456 train.py:227] Step #45077: rate 0.000001, accuracy 84.38%, cross entropy 0.868439
I0305 03:56:09.449681 130845699483456 train.py:227] Step #45078: rate 0.000001, accuracy 92.58%, cross entropy 0.690850
I0305 03:56:12.389950 130845699483456 train.py:227] Step #45079: rate 0.000001, accuracy 91.80%, cross entropy 0.727337
I0305 03:56:15.218502 130845699483456 train.py:227] Step #45080: rate 0.000001, accuracy 88.67%, cross entropy 0.761484
I0305 03:56:18.071621 130845699483456 train.py:227] Step #45081: rate 0.000001, accuracy 90.23%, cross entropy 0.738418
I0305 03:56:21.282270 130845699483456 train.py:227] Step #45082: rate 0.000001, accuracy 75.39%, cross entropy 1.069403
I0305 03:56:24.311614 130845699483456 train.py:227] Step #45083: rate 0.000001, accuracy 92.97%, cross entropy 0.672806
I0305 03:56:27.052119 130845699483456 train.py:227] Step #45084: rate 0.000001, accuracy 96.09%, cross entropy 0.631336
I0305 03:56:30.089467 130845699483456 train.py:227] Step #45085: rate 0.000001, accuracy 90.62%, cross entropy 0.726685
I0305 03:56:32.900208 130845699483456 train.py:227] Step #45086: rate 0.000001, accuracy 85.16%, cross entropy 0.892765
I0305 03:56:35.946215 130845699483456 train.py:227] Step #45087: rate 0.000001, accuracy 92.97%, cross entropy 0.677207
I0305 03:56:39.085807 130845699483456 train.py:227] Step #45088: rate 0.000001, accuracy 91.41%, cross entropy 0.730189
I0305 03:56:42.175337 130845699483456 train.py:227] Step #45089: rate 0.000001, accuracy 91.02%, cross entropy 0.717943
I0305 03:56:45.050972 130845699483456 train.py:227] Step #45090: rate 0.000001, accuracy 92.19%, cross entropy 0.700254
I0305 03:56:48.014822 130845699483456 train.py:227] Step #45091: rate 0.000001, accuracy 91.80%, cross entropy 0.746008
I0305 03:56:51.100262 130845699483456 train.py:227] Step #45092: rate 0.000001, accuracy 93.36%, cross entropy 0.703760
I0305 03:56:54.026830 130845699483456 train.py:227] Step #45093: rate 0.000001, accuracy 91.02%, cross entropy 0.788339
I0305 03:56:57.041702 130845699483456 train.py:227] Step #45094: rate 0.000001, accuracy 94.14%, cross entropy 0.663337
I0305 03:57:00.026553 130845699483456 train.py:227] Step #45095: rate 0.000001, accuracy 88.67%, cross entropy 0.744164
I0305 03:57:02.890550 130845699483456 train.py:227] Step #45096: rate 0.000001, accuracy 91.02%, cross entropy 0.716844
I0305 03:57:05.875458 130845699483456 train.py:227] Step #45097: rate 0.000001, accuracy 89.84%, cross entropy 0.782702
I0305 03:57:08.951839 130845699483456 train.py:227] Step #45098: rate 0.000001, accuracy 81.25%, cross entropy 0.966418
I0305 03:57:12.085358 130845699483456 train.py:227] Step #45099: rate 0.000001, accuracy 92.58%, cross entropy 0.657369
I0305 03:57:15.282458 130845699483456 train.py:227] Step #45100: rate 0.000001, accuracy 92.58%, cross entropy 0.695181
I0305 03:57:18.177357 130845699483456 train.py:227] Step #45101: rate 0.000001, accuracy 89.06%, cross entropy 0.810260
I0305 03:57:21.145081 130845699483456 train.py:227] Step #45102: rate 0.000001, accuracy 98.44%, cross entropy 0.581115
I0305 03:57:24.098076 130845699483456 train.py:227] Step #45103: rate 0.000001, accuracy 92.97%, cross entropy 0.677465
I0305 03:57:26.959220 130845699483456 train.py:227] Step #45104: rate 0.000001, accuracy 90.62%, cross entropy 0.753739
I0305 03:57:29.848473 130845699483456 train.py:227] Step #45105: rate 0.000001, accuracy 96.09%, cross entropy 0.611951
I0305 03:57:32.886508 130845699483456 train.py:227] Step #45106: rate 0.000001, accuracy 90.62%, cross entropy 0.739677
I0305 03:57:35.703634 130845699483456 train.py:227] Step #45107: rate 0.000001, accuracy 87.11%, cross entropy 0.795168
I0305 03:57:38.587300 130845699483456 train.py:227] Step #45108: rate 0.000001, accuracy 87.89%, cross entropy 0.792979
I0305 03:57:41.427557 130845699483456 train.py:227] Step #45109: rate 0.000001, accuracy 92.97%, cross entropy 0.654043
I0305 03:57:44.442164 130845699483456 train.py:227] Step #45110: rate 0.000001, accuracy 90.23%, cross entropy 0.762336
I0305 03:57:47.479347 130845699483456 train.py:227] Step #45111: rate 0.000001, accuracy 93.75%, cross entropy 0.669139
I0305 03:57:50.371356 130845699483456 train.py:227] Step #45112: rate 0.000001, accuracy 72.27%, cross entropy 1.159713
I0305 03:57:53.286144 130845699483456 train.py:227] Step #45113: rate 0.000001, accuracy 87.89%, cross entropy 0.782534
I0305 03:57:56.146934 130845699483456 train.py:227] Step #45114: rate 0.000001, accuracy 81.64%, cross entropy 0.888995
I0305 03:57:58.984322 130845699483456 train.py:227] Step #45115: rate 0.000001, accuracy 90.62%, cross entropy 0.743428
I0305 03:58:02.048444 130845699483456 train.py:227] Step #45116: rate 0.000001, accuracy 96.48%, cross entropy 0.613771
I0305 03:58:04.850656 130845699483456 train.py:227] Step #45117: rate 0.000001, accuracy 94.92%, cross entropy 0.631163
I0305 03:58:07.849500 130845699483456 train.py:227] Step #45118: rate 0.000001, accuracy 89.45%, cross entropy 0.767604
I0305 03:58:11.024718 130845699483456 train.py:227] Step #45119: rate 0.000001, accuracy 91.02%, cross entropy 0.714384
I0305 03:58:14.108596 130845699483456 train.py:227] Step #45120: rate 0.000001, accuracy 94.53%, cross entropy 0.680836
I0305 03:58:17.068451 130845699483456 train.py:227] Step #45121: rate 0.000001, accuracy 82.03%, cross entropy 0.912318
I0305 03:58:19.871971 130845699483456 train.py:227] Step #45122: rate 0.000001, accuracy 93.36%, cross entropy 0.745104
I0305 03:58:22.671914 130845699483456 train.py:227] Step #45123: rate 0.000001, accuracy 96.88%, cross entropy 0.589749
I0305 03:58:25.550746 130845699483456 train.py:227] Step #45124: rate 0.000001, accuracy 97.27%, cross entropy 0.599942
I0305 03:58:28.475479 130845699483456 train.py:227] Step #45125: rate 0.000001, accuracy 89.45%, cross entropy 0.763659
I0305 03:58:31.481704 130845699483456 train.py:227] Step #45126: rate 0.000001, accuracy 88.67%, cross entropy 0.788556
I0305 03:58:34.489970 130845699483456 train.py:227] Step #45127: rate 0.000001, accuracy 94.14%, cross entropy 0.680121
I0305 03:58:37.494286 130845699483456 train.py:227] Step #45128: rate 0.000001, accuracy 91.80%, cross entropy 0.680042
I0305 03:58:40.230549 130845699483456 train.py:227] Step #45129: rate 0.000001, accuracy 96.48%, cross entropy 0.646148
I0305 03:58:43.308463 130845699483456 train.py:227] Step #45130: rate 0.000001, accuracy 90.62%, cross entropy 0.782744
I0305 03:58:46.230473 130845699483456 train.py:227] Step #45131: rate 0.000001, accuracy 95.70%, cross entropy 0.615010
I0305 03:58:49.238276 130845699483456 train.py:227] Step #45132: rate 0.000001, accuracy 93.36%, cross entropy 0.645455
I0305 03:58:52.135927 130845699483456 train.py:227] Step #45133: rate 0.000001, accuracy 91.41%, cross entropy 0.705862
I0305 03:58:54.979180 130845699483456 train.py:227] Step #45134: rate 0.000001, accuracy 81.25%, cross entropy 0.943753
I0305 03:58:57.760139 130845699483456 train.py:227] Step #45135: rate 0.000001, accuracy 91.80%, cross entropy 0.714815
I0305 03:59:00.572788 130845699483456 train.py:227] Step #45136: rate 0.000001, accuracy 87.50%, cross entropy 0.799291
I0305 03:59:03.472993 130845699483456 train.py:227] Step #45137: rate 0.000001, accuracy 94.14%, cross entropy 0.676879
I0305 03:59:06.337693 130845699483456 train.py:227] Step #45138: rate 0.000001, accuracy 96.09%, cross entropy 0.629474
I0305 03:59:09.140108 130845699483456 train.py:227] Step #45139: rate 0.000001, accuracy 97.66%, cross entropy 0.598397
I0305 03:59:12.149484 130845699483456 train.py:227] Step #45140: rate 0.000001, accuracy 93.75%, cross entropy 0.661624
I0305 03:59:15.197264 130845699483456 train.py:227] Step #45141: rate 0.000001, accuracy 96.09%, cross entropy 0.633021
I0305 03:59:17.958407 130845699483456 train.py:227] Step #45142: rate 0.000001, accuracy 86.72%, cross entropy 0.830499
I0305 03:59:20.933220 130845699483456 train.py:227] Step #45143: rate 0.000001, accuracy 95.70%, cross entropy 0.634770
I0305 03:59:23.937991 130845699483456 train.py:227] Step #45144: rate 0.000001, accuracy 86.72%, cross entropy 0.799330
I0305 03:59:26.955488 130845699483456 train.py:227] Step #45145: rate 0.000001, accuracy 96.48%, cross entropy 0.600567
I0305 03:59:29.807145 130845699483456 train.py:227] Step #45146: rate 0.000001, accuracy 94.53%, cross entropy 0.639804
I0305 03:59:32.626458 130845699483456 train.py:227] Step #45147: rate 0.000001, accuracy 82.42%, cross entropy 0.904939
I0305 03:59:35.546037 130845699483456 train.py:227] Step #45148: rate 0.000001, accuracy 94.53%, cross entropy 0.668120
I0305 03:59:38.430447 130845699483456 train.py:227] Step #45149: rate 0.000001, accuracy 87.50%, cross entropy 0.811423
I0305 03:59:41.321833 130845699483456 train.py:227] Step #45150: rate 0.000001, accuracy 94.14%, cross entropy 0.660090
I0305 03:59:44.307125 130845699483456 train.py:227] Step #45151: rate 0.000001, accuracy 97.66%, cross entropy 0.592957
I0305 03:59:47.163011 130845699483456 train.py:227] Step #45152: rate 0.000001, accuracy 90.62%, cross entropy 0.770258
I0305 03:59:50.127028 130845699483456 train.py:227] Step #45153: rate 0.000001, accuracy 92.19%, cross entropy 0.769620
I0305 03:59:53.102682 130845699483456 train.py:227] Step #45154: rate 0.000001, accuracy 97.27%, cross entropy 0.589040
I0305 03:59:56.027134 130845699483456 train.py:227] Step #45155: rate 0.000001, accuracy 86.33%, cross entropy 0.833520
I0305 03:59:59.031030 130845699483456 train.py:227] Step #45156: rate 0.000001, accuracy 96.09%, cross entropy 0.619065
I0305 04:00:01.863139 130845699483456 train.py:227] Step #45157: rate 0.000001, accuracy 79.30%, cross entropy 0.984461
I0305 04:00:04.771017 130845699483456 train.py:227] Step #45158: rate 0.000001, accuracy 94.53%, cross entropy 0.653306
I0305 04:00:07.547043 130845699483456 train.py:227] Step #45159: rate 0.000001, accuracy 95.70%, cross entropy 0.665055
I0305 04:00:10.558763 130845699483456 train.py:227] Step #45160: rate 0.000001, accuracy 86.33%, cross entropy 0.857253
I0305 04:00:13.459193 130845699483456 train.py:227] Step #45161: rate 0.000001, accuracy 76.17%, cross entropy 1.091799
I0305 04:00:16.250254 130845699483456 train.py:227] Step #45162: rate 0.000001, accuracy 92.58%, cross entropy 0.681724
I0305 04:00:19.063558 130845699483456 train.py:227] Step #45163: rate 0.000001, accuracy 88.67%, cross entropy 0.792476
I0305 04:00:21.946616 130845699483456 train.py:227] Step #45164: rate 0.000001, accuracy 73.83%, cross entropy 1.137531
I0305 04:00:24.999072 130845699483456 train.py:227] Step #45165: rate 0.000001, accuracy 94.53%, cross entropy 0.627441
I0305 04:00:28.162225 130845699483456 train.py:227] Step #45166: rate 0.000001, accuracy 93.75%, cross entropy 0.663386
I0305 04:00:31.148407 130845699483456 train.py:227] Step #45167: rate 0.000001, accuracy 91.41%, cross entropy 0.716692
I0305 04:00:34.104995 130845699483456 train.py:227] Step #45168: rate 0.000001, accuracy 92.58%, cross entropy 0.686546
I0305 04:00:37.296931 130845699483456 train.py:227] Step #45169: rate 0.000001, accuracy 95.70%, cross entropy 0.629745
I0305 04:00:40.420823 130845699483456 train.py:227] Step #45170: rate 0.000001, accuracy 92.58%, cross entropy 0.723993
I0305 04:00:43.418245 130845699483456 train.py:227] Step #45171: rate 0.000001, accuracy 78.91%, cross entropy 1.008319
I0305 04:00:46.229535 130845699483456 train.py:227] Step #45172: rate 0.000001, accuracy 85.94%, cross entropy 0.869056
I0305 04:00:49.164803 130845699483456 train.py:227] Step #45173: rate 0.000001, accuracy 92.97%, cross entropy 0.664794
I0305 04:00:52.164781 130845699483456 train.py:227] Step #45174: rate 0.000001, accuracy 90.62%, cross entropy 0.730637
I0305 04:00:55.139213 130845699483456 train.py:227] Step #45175: rate 0.000001, accuracy 95.31%, cross entropy 0.651522
I0305 04:00:58.035887 130845699483456 train.py:227] Step #45176: rate 0.000001, accuracy 93.36%, cross entropy 0.700622
I0305 04:01:00.876302 130845699483456 train.py:227] Step #45177: rate 0.000001, accuracy 92.97%, cross entropy 0.709206
I0305 04:01:03.859934 130845699483456 train.py:227] Step #45178: rate 0.000001, accuracy 85.94%, cross entropy 0.828269
I0305 04:01:06.858192 130845699483456 train.py:227] Step #45179: rate 0.000001, accuracy 89.84%, cross entropy 0.779780
I0305 04:01:09.885626 130845699483456 train.py:227] Step #45180: rate 0.000001, accuracy 96.09%, cross entropy 0.621860
I0305 04:01:12.977081 130845699483456 train.py:227] Step #45181: rate 0.000001, accuracy 92.58%, cross entropy 0.670915
I0305 04:01:15.848893 130845699483456 train.py:227] Step #45182: rate 0.000001, accuracy 91.41%, cross entropy 0.708935
I0305 04:01:18.733299 130845699483456 train.py:227] Step #45183: rate 0.000001, accuracy 91.41%, cross entropy 0.702789
I0305 04:01:21.618495 130845699483456 train.py:227] Step #45184: rate 0.000001, accuracy 89.45%, cross entropy 0.755266
I0305 04:01:24.687101 130845699483456 train.py:227] Step #45185: rate 0.000001, accuracy 93.36%, cross entropy 0.678401
I0305 04:01:27.887193 130845699483456 train.py:227] Step #45186: rate 0.000001, accuracy 76.56%, cross entropy 1.024188
I0305 04:01:30.794531 130845699483456 train.py:227] Step #45187: rate 0.000001, accuracy 87.89%, cross entropy 0.840263
I0305 04:01:33.657821 130845699483456 train.py:227] Step #45188: rate 0.000001, accuracy 89.45%, cross entropy 0.787216
I0305 04:01:36.599146 130845699483456 train.py:227] Step #45189: rate 0.000001, accuracy 96.48%, cross entropy 0.636679
I0305 04:01:39.599523 130845699483456 train.py:227] Step #45190: rate 0.000001, accuracy 92.58%, cross entropy 0.704736
I0305 04:01:42.402882 130845699483456 train.py:227] Step #45191: rate 0.000001, accuracy 97.27%, cross entropy 0.601509
I0305 04:01:45.257586 130845699483456 train.py:227] Step #45192: rate 0.000001, accuracy 82.42%, cross entropy 0.923383
I0305 04:01:48.155158 130845699483456 train.py:227] Step #45193: rate 0.000001, accuracy 97.27%, cross entropy 0.606550
I0305 04:01:51.296834 130845699483456 train.py:227] Step #45194: rate 0.000001, accuracy 83.20%, cross entropy 0.909014
I0305 04:01:54.288320 130845699483456 train.py:227] Step #45195: rate 0.000001, accuracy 94.14%, cross entropy 0.626738
I0305 04:01:57.132500 130845699483456 train.py:227] Step #45196: rate 0.000001, accuracy 76.95%, cross entropy 0.994213
I0305 04:02:00.115327 130845699483456 train.py:227] Step #45197: rate 0.000001, accuracy 81.25%, cross entropy 0.925015
I0305 04:02:02.953309 130845699483456 train.py:227] Step #45198: rate 0.000001, accuracy 82.03%, cross entropy 0.925452
I0305 04:02:05.846701 130845699483456 train.py:227] Step #45199: rate 0.000001, accuracy 94.14%, cross entropy 0.638242
I0305 04:02:08.884652 130845699483456 train.py:227] Step #45200: rate 0.000001, accuracy 91.41%, cross entropy 0.717697
I0305 04:02:11.832032 130845699483456 train.py:227] Step #45201: rate 0.000001, accuracy 84.77%, cross entropy 0.855380
I0305 04:02:14.997147 130845699483456 train.py:227] Step #45202: rate 0.000001, accuracy 97.27%, cross entropy 0.612744
I0305 04:02:18.106819 130845699483456 train.py:227] Step #45203: rate 0.000001, accuracy 93.36%, cross entropy 0.668644
I0305 04:02:21.191490 130845699483456 train.py:227] Step #45204: rate 0.000001, accuracy 93.36%, cross entropy 0.679309
I0305 04:02:24.169680 130845699483456 train.py:227] Step #45205: rate 0.000001, accuracy 95.31%, cross entropy 0.644855
I0305 04:02:27.208383 130845699483456 train.py:227] Step #45206: rate 0.000001, accuracy 94.92%, cross entropy 0.620944
I0305 04:02:30.117498 130845699483456 train.py:227] Step #45207: rate 0.000001, accuracy 92.58%, cross entropy 0.695612
I0305 04:02:33.150602 130845699483456 train.py:227] Step #45208: rate 0.000001, accuracy 93.36%, cross entropy 0.672139
I0305 04:02:36.096119 130845699483456 train.py:227] Step #45209: rate 0.000001, accuracy 84.38%, cross entropy 0.887889
I0305 04:02:39.032379 130845699483456 train.py:227] Step #45210: rate 0.000001, accuracy 91.80%, cross entropy 0.745073
I0305 04:02:41.948595 130845699483456 train.py:227] Step #45211: rate 0.000001, accuracy 88.67%, cross entropy 0.792146
I0305 04:02:44.879547 130845699483456 train.py:227] Step #45212: rate 0.000001, accuracy 82.81%, cross entropy 0.969422
I0305 04:02:47.783926 130845699483456 train.py:227] Step #45213: rate 0.000001, accuracy 88.67%, cross entropy 0.754157
I0305 04:02:50.767614 130845699483456 train.py:227] Step #45214: rate 0.000001, accuracy 82.81%, cross entropy 0.882319
I0305 04:02:53.692579 130845699483456 train.py:227] Step #45215: rate 0.000001, accuracy 94.53%, cross entropy 0.649456
I0305 04:02:56.554782 130845699483456 train.py:227] Step #45216: rate 0.000001, accuracy 94.53%, cross entropy 0.659120
I0305 04:03:22.748517 130845699483456 train.py:280] Step 45216: Validation accuracy = 97.29% (N=4352)
I0305 04:03:22.749230 130845699483456 train.py:290] So far the best validation accuracy is 97.33%
I0305 04:03:25.741649 130845699483456 train.py:227] Step #45217: rate 0.000001, accuracy 87.89%, cross entropy 0.795806
I0305 04:03:28.507648 130845699483456 train.py:227] Step #45218: rate 0.000001, accuracy 91.41%, cross entropy 0.722576
I0305 04:03:31.551007 130845699483456 train.py:227] Step #45219: rate 0.000001, accuracy 92.19%, cross entropy 0.713667
I0305 04:03:34.391524 130845699483456 train.py:227] Step #45220: rate 0.000001, accuracy 94.53%, cross entropy 0.629493
I0305 04:03:37.387744 130845699483456 train.py:227] Step #45221: rate 0.000001, accuracy 92.97%, cross entropy 0.706133
I0305 04:03:40.397085 130845699483456 train.py:227] Step #45222: rate 0.000001, accuracy 94.14%, cross entropy 0.648676
I0305 04:03:43.139761 130845699483456 train.py:227] Step #45223: rate 0.000001, accuracy 94.92%, cross entropy 0.638885
I0305 04:03:45.929205 130845699483456 train.py:227] Step #45224: rate 0.000001, accuracy 89.45%, cross entropy 0.760997
I0305 04:03:48.894968 130845699483456 train.py:227] Step #45225: rate 0.000001, accuracy 87.50%, cross entropy 0.830571
I0305 04:03:51.763758 130845699483456 train.py:227] Step #45226: rate 0.000001, accuracy 85.55%, cross entropy 0.824128
I0305 04:03:54.705491 130845699483456 train.py:227] Step #45227: rate 0.000001, accuracy 88.28%, cross entropy 0.809308
I0305 04:03:57.769747 130845699483456 train.py:227] Step #45228: rate 0.000001, accuracy 97.27%, cross entropy 0.603671
I0305 04:04:00.662898 130845699483456 train.py:227] Step #45229: rate 0.000001, accuracy 93.36%, cross entropy 0.640978
I0305 04:04:03.556344 130845699483456 train.py:227] Step #45230: rate 0.000001, accuracy 89.06%, cross entropy 0.773790
I0305 04:04:06.662254 130845699483456 train.py:227] Step #45231: rate 0.000001, accuracy 82.81%, cross entropy 0.892554
I0305 04:04:09.507646 130845699483456 train.py:227] Step #45232: rate 0.000001, accuracy 90.23%, cross entropy 0.779516
I0305 04:04:12.491764 130845699483456 train.py:227] Step #45233: rate 0.000001, accuracy 91.41%, cross entropy 0.731695
I0305 04:04:15.479794 130845699483456 train.py:227] Step #45234: rate 0.000001, accuracy 94.92%, cross entropy 0.640609
I0305 04:04:18.583288 130845699483456 train.py:227] Step #45235: rate 0.000001, accuracy 82.03%, cross entropy 0.876278
I0305 04:04:21.501927 130845699483456 train.py:227] Step #45236: rate 0.000001, accuracy 93.75%, cross entropy 0.654521
I0305 04:04:24.362970 130845699483456 train.py:227] Step #45237: rate 0.000001, accuracy 96.09%, cross entropy 0.627264
I0305 04:04:27.420715 130845699483456 train.py:227] Step #45238: rate 0.000001, accuracy 91.80%, cross entropy 0.701022
I0305 04:04:30.581787 130845699483456 train.py:227] Step #45239: rate 0.000001, accuracy 85.16%, cross entropy 0.831603
I0305 04:04:33.477228 130845699483456 train.py:227] Step #45240: rate 0.000001, accuracy 94.53%, cross entropy 0.644152
I0305 04:04:36.320349 130845699483456 train.py:227] Step #45241: rate 0.000001, accuracy 79.30%, cross entropy 0.994289
I0305 04:04:39.034641 130845699483456 train.py:227] Step #45242: rate 0.000001, accuracy 95.70%, cross entropy 0.620303
I0305 04:04:41.946596 130845699483456 train.py:227] Step #45243: rate 0.000001, accuracy 96.48%, cross entropy 0.615599
I0305 04:04:44.892060 130845699483456 train.py:227] Step #45244: rate 0.000001, accuracy 86.33%, cross entropy 0.826626
I0305 04:04:47.927750 130845699483456 train.py:227] Step #45245: rate 0.000001, accuracy 92.97%, cross entropy 0.715923
I0305 04:04:50.894426 130845699483456 train.py:227] Step #45246: rate 0.000001, accuracy 93.36%, cross entropy 0.668167
I0305 04:04:53.912770 130845699483456 train.py:227] Step #45247: rate 0.000001, accuracy 91.80%, cross entropy 0.718883
I0305 04:04:56.795360 130845699483456 train.py:227] Step #45248: rate 0.000001, accuracy 94.14%, cross entropy 0.681051
I0305 04:04:59.645520 130845699483456 train.py:227] Step #45249: rate 0.000001, accuracy 90.62%, cross entropy 0.751018
I0305 04:05:02.573443 130845699483456 train.py:227] Step #45250: rate 0.000001, accuracy 88.67%, cross entropy 0.761358
I0305 04:05:05.671507 130845699483456 train.py:227] Step #45251: rate 0.000001, accuracy 94.14%, cross entropy 0.665489
I0305 04:05:08.594350 130845699483456 train.py:227] Step #45252: rate 0.000001, accuracy 89.45%, cross entropy 0.784886
I0305 04:05:11.529310 130845699483456 train.py:227] Step #45253: rate 0.000001, accuracy 94.14%, cross entropy 0.672776
I0305 04:05:14.321224 130845699483456 train.py:227] Step #45254: rate 0.000001, accuracy 94.14%, cross entropy 0.655253
I0305 04:05:17.121186 130845699483456 train.py:227] Step #45255: rate 0.000001, accuracy 92.19%, cross entropy 0.699785
I0305 04:05:20.079401 130845699483456 train.py:227] Step #45256: rate 0.000001, accuracy 91.41%, cross entropy 0.712210
I0305 04:05:22.868575 130845699483456 train.py:227] Step #45257: rate 0.000001, accuracy 93.36%, cross entropy 0.690544
I0305 04:05:25.742393 130845699483456 train.py:227] Step #45258: rate 0.000001, accuracy 87.89%, cross entropy 0.773123
I0305 04:05:28.753695 130845699483456 train.py:227] Step #45259: rate 0.000001, accuracy 94.14%, cross entropy 0.675696
I0305 04:05:31.697509 130845699483456 train.py:227] Step #45260: rate 0.000001, accuracy 96.09%, cross entropy 0.621653
I0305 04:05:34.680569 130845699483456 train.py:227] Step #45261: rate 0.000001, accuracy 86.33%, cross entropy 0.842474
I0305 04:05:37.545445 130845699483456 train.py:227] Step #45262: rate 0.000001, accuracy 96.48%, cross entropy 0.612721
I0305 04:05:40.411753 130845699483456 train.py:227] Step #45263: rate 0.000001, accuracy 94.92%, cross entropy 0.660200
I0305 04:05:43.302354 130845699483456 train.py:227] Step #45264: rate 0.000001, accuracy 94.92%, cross entropy 0.643885
I0305 04:05:46.111994 130845699483456 train.py:227] Step #45265: rate 0.000001, accuracy 89.45%, cross entropy 0.762204
I0305 04:05:49.081214 130845699483456 train.py:227] Step #45266: rate 0.000001, accuracy 91.80%, cross entropy 0.745546
I0305 04:05:52.174818 130845699483456 train.py:227] Step #45267: rate 0.000001, accuracy 96.09%, cross entropy 0.620340
I0305 04:05:55.171310 130845699483456 train.py:227] Step #45268: rate 0.000001, accuracy 80.47%, cross entropy 0.974843
I0305 04:05:58.201406 130845699483456 train.py:227] Step #45269: rate 0.000001, accuracy 94.53%, cross entropy 0.640906
I0305 04:06:01.251718 130845699483456 train.py:227] Step #45270: rate 0.000001, accuracy 92.58%, cross entropy 0.682595
I0305 04:06:04.005026 130845699483456 train.py:227] Step #45271: rate 0.000001, accuracy 84.38%, cross entropy 0.890981
I0305 04:06:06.965001 130845699483456 train.py:227] Step #45272: rate 0.000001, accuracy 95.31%, cross entropy 0.628960
I0305 04:06:10.063253 130845699483456 train.py:227] Step #45273: rate 0.000001, accuracy 92.19%, cross entropy 0.672744
I0305 04:06:12.899275 130845699483456 train.py:227] Step #45274: rate 0.000001, accuracy 93.36%, cross entropy 0.728501
I0305 04:06:15.920001 130845699483456 train.py:227] Step #45275: rate 0.000001, accuracy 89.84%, cross entropy 0.788797
I0305 04:06:18.812813 130845699483456 train.py:227] Step #45276: rate 0.000001, accuracy 95.70%, cross entropy 0.637752
I0305 04:06:21.811261 130845699483456 train.py:227] Step #45277: rate 0.000001, accuracy 94.53%, cross entropy 0.649610
I0305 04:06:24.690492 130845699483456 train.py:227] Step #45278: rate 0.000001, accuracy 93.36%, cross entropy 0.682251
I0305 04:06:27.570865 130845699483456 train.py:227] Step #45279: rate 0.000001, accuracy 93.75%, cross entropy 0.694534
I0305 04:06:30.475083 130845699483456 train.py:227] Step #45280: rate 0.000001, accuracy 94.92%, cross entropy 0.651934
I0305 04:06:33.300729 130845699483456 train.py:227] Step #45281: rate 0.000001, accuracy 94.53%, cross entropy 0.658253
I0305 04:06:36.069666 130845699483456 train.py:227] Step #45282: rate 0.000001, accuracy 95.70%, cross entropy 0.630814
I0305 04:06:38.987879 130845699483456 train.py:227] Step #45283: rate 0.000001, accuracy 96.09%, cross entropy 0.672701
I0305 04:06:42.003715 130845699483456 train.py:227] Step #45284: rate 0.000001, accuracy 95.70%, cross entropy 0.639604
I0305 04:06:44.922587 130845699483456 train.py:227] Step #45285: rate 0.000001, accuracy 87.11%, cross entropy 0.826849
I0305 04:06:47.597525 130845699483456 train.py:227] Step #45286: rate 0.000001, accuracy 92.19%, cross entropy 0.724422
I0305 04:06:50.519433 130845699483456 train.py:227] Step #45287: rate 0.000001, accuracy 96.09%, cross entropy 0.606757
I0305 04:06:53.471688 130845699483456 train.py:227] Step #45288: rate 0.000001, accuracy 92.58%, cross entropy 0.696444
I0305 04:06:56.383957 130845699483456 train.py:227] Step #45289: rate 0.000001, accuracy 90.62%, cross entropy 0.751322
I0305 04:06:59.258407 130845699483456 train.py:227] Step #45290: rate 0.000001, accuracy 93.75%, cross entropy 0.664623
I0305 04:07:02.245279 130845699483456 train.py:227] Step #45291: rate 0.000001, accuracy 92.19%, cross entropy 0.715360
I0305 04:07:05.194499 130845699483456 train.py:227] Step #45292: rate 0.000001, accuracy 94.92%, cross entropy 0.651106
I0305 04:07:08.196738 130845699483456 train.py:227] Step #45293: rate 0.000001, accuracy 94.53%, cross entropy 0.668238
I0305 04:07:11.039137 130845699483456 train.py:227] Step #45294: rate 0.000001, accuracy 85.94%, cross entropy 0.848813
I0305 04:07:13.929630 130845699483456 train.py:227] Step #45295: rate 0.000001, accuracy 96.88%, cross entropy 0.600906
I0305 04:07:16.865710 130845699483456 train.py:227] Step #45296: rate 0.000001, accuracy 94.92%, cross entropy 0.644055
I0305 04:07:19.811761 130845699483456 train.py:227] Step #45297: rate 0.000001, accuracy 93.75%, cross entropy 0.678423
I0305 04:07:22.693197 130845699483456 train.py:227] Step #45298: rate 0.000001, accuracy 92.58%, cross entropy 0.673354
I0305 04:07:25.698652 130845699483456 train.py:227] Step #45299: rate 0.000001, accuracy 97.66%, cross entropy 0.588093
I0305 04:07:28.666066 130845699483456 train.py:227] Step #45300: rate 0.000001, accuracy 89.84%, cross entropy 0.776755
I0305 04:07:31.474531 130845699483456 train.py:227] Step #45301: rate 0.000001, accuracy 80.86%, cross entropy 0.957586
I0305 04:07:34.352228 130845699483456 train.py:227] Step #45302: rate 0.000001, accuracy 81.64%, cross entropy 0.927527
I0305 04:07:37.236150 130845699483456 train.py:227] Step #45303: rate 0.000001, accuracy 92.97%, cross entropy 0.663141
I0305 04:07:40.107875 130845699483456 train.py:227] Step #45304: rate 0.000001, accuracy 92.19%, cross entropy 0.677441
I0305 04:07:43.024120 130845699483456 train.py:227] Step #45305: rate 0.000001, accuracy 86.72%, cross entropy 0.836965
I0305 04:07:46.033045 130845699483456 train.py:227] Step #45306: rate 0.000001, accuracy 72.66%, cross entropy 1.100664
I0305 04:07:49.058050 130845699483456 train.py:227] Step #45307: rate 0.000001, accuracy 83.20%, cross entropy 0.935470
I0305 04:07:51.937469 130845699483456 train.py:227] Step #45308: rate 0.000001, accuracy 89.84%, cross entropy 0.747372
I0305 04:07:54.828024 130845699483456 train.py:227] Step #45309: rate 0.000001, accuracy 97.66%, cross entropy 0.593599
I0305 04:07:57.668386 130845699483456 train.py:227] Step #45310: rate 0.000001, accuracy 92.58%, cross entropy 0.689471
I0305 04:08:00.481505 130845699483456 train.py:227] Step #45311: rate 0.000001, accuracy 91.80%, cross entropy 0.691351
I0305 04:08:03.706115 130845699483456 train.py:227] Step #45312: rate 0.000001, accuracy 91.02%, cross entropy 0.711980
I0305 04:08:06.604535 130845699483456 train.py:227] Step #45313: rate 0.000001, accuracy 98.05%, cross entropy 0.579645
I0305 04:08:09.576990 130845699483456 train.py:227] Step #45314: rate 0.000001, accuracy 88.28%, cross entropy 0.766350
I0305 04:08:12.557806 130845699483456 train.py:227] Step #45315: rate 0.000001, accuracy 92.19%, cross entropy 0.726403
I0305 04:08:15.428340 130845699483456 train.py:227] Step #45316: rate 0.000001, accuracy 90.62%, cross entropy 0.755536
I0305 04:08:18.329620 130845699483456 train.py:227] Step #45317: rate 0.000001, accuracy 86.72%, cross entropy 0.859764
I0305 04:08:21.263724 130845699483456 train.py:227] Step #45318: rate 0.000001, accuracy 85.94%, cross entropy 0.881824
I0305 04:08:24.109259 130845699483456 train.py:227] Step #45319: rate 0.000001, accuracy 92.97%, cross entropy 0.680955
I0305 04:08:27.170079 130845699483456 train.py:227] Step #45320: rate 0.000001, accuracy 86.33%, cross entropy 0.834223
I0305 04:08:30.050807 130845699483456 train.py:227] Step #45321: rate 0.000001, accuracy 90.62%, cross entropy 0.717760
I0305 04:08:33.082695 130845699483456 train.py:227] Step #45322: rate 0.000001, accuracy 92.97%, cross entropy 0.687264
I0305 04:08:36.130662 130845699483456 train.py:227] Step #45323: rate 0.000001, accuracy 90.23%, cross entropy 0.812809
I0305 04:08:39.043258 130845699483456 train.py:227] Step #45324: rate 0.000001, accuracy 89.45%, cross entropy 0.788803
I0305 04:08:42.119967 130845699483456 train.py:227] Step #45325: rate 0.000001, accuracy 91.41%, cross entropy 0.746963
I0305 04:08:45.022699 130845699483456 train.py:227] Step #45326: rate 0.000001, accuracy 95.70%, cross entropy 0.625247
I0305 04:08:48.154776 130845699483456 train.py:227] Step #45327: rate 0.000001, accuracy 92.19%, cross entropy 0.691067
I0305 04:08:51.219128 130845699483456 train.py:227] Step #45328: rate 0.000001, accuracy 71.88%, cross entropy 1.192869
I0305 04:08:54.212855 130845699483456 train.py:227] Step #45329: rate 0.000001, accuracy 92.97%, cross entropy 0.699022
I0305 04:08:57.377615 130845699483456 train.py:227] Step #45330: rate 0.000001, accuracy 93.75%, cross entropy 0.671801
I0305 04:09:00.368452 130845699483456 train.py:227] Step #45331: rate 0.000001, accuracy 94.92%, cross entropy 0.650814
I0305 04:09:03.316959 130845699483456 train.py:227] Step #45332: rate 0.000001, accuracy 90.23%, cross entropy 0.772694
I0305 04:09:06.362343 130845699483456 train.py:227] Step #45333: rate 0.000001, accuracy 92.58%, cross entropy 0.729923
I0305 04:09:09.313405 130845699483456 train.py:227] Step #45334: rate 0.000001, accuracy 92.58%, cross entropy 0.711085
I0305 04:09:12.351839 130845699483456 train.py:227] Step #45335: rate 0.000001, accuracy 96.48%, cross entropy 0.626156
I0305 04:09:15.103077 130845699483456 train.py:227] Step #45336: rate 0.000001, accuracy 86.72%, cross entropy 0.798405
I0305 04:09:18.178663 130845699483456 train.py:227] Step #45337: rate 0.000001, accuracy 87.89%, cross entropy 0.828647
I0305 04:09:21.265537 130845699483456 train.py:227] Step #45338: rate 0.000001, accuracy 94.14%, cross entropy 0.675376
I0305 04:09:24.365728 130845699483456 train.py:227] Step #45339: rate 0.000001, accuracy 89.06%, cross entropy 0.799055
I0305 04:09:27.524917 130845699483456 train.py:227] Step #45340: rate 0.000001, accuracy 93.36%, cross entropy 0.669788
I0305 04:09:30.421108 130845699483456 train.py:227] Step #45341: rate 0.000001, accuracy 82.81%, cross entropy 0.926546
I0305 04:09:33.446668 130845699483456 train.py:227] Step #45342: rate 0.000001, accuracy 91.41%, cross entropy 0.709022
I0305 04:09:36.439507 130845699483456 train.py:227] Step #45343: rate 0.000001, accuracy 87.50%, cross entropy 0.816917
I0305 04:09:39.275340 130845699483456 train.py:227] Step #45344: rate 0.000001, accuracy 96.88%, cross entropy 0.603820
I0305 04:09:42.251765 130845699483456 train.py:227] Step #45345: rate 0.000001, accuracy 95.31%, cross entropy 0.621992
I0305 04:09:45.278653 130845699483456 train.py:227] Step #45346: rate 0.000001, accuracy 96.09%, cross entropy 0.644001
I0305 04:09:48.453071 130845699483456 train.py:227] Step #45347: rate 0.000001, accuracy 92.58%, cross entropy 0.680203
I0305 04:09:51.504209 130845699483456 train.py:227] Step #45348: rate 0.000001, accuracy 79.69%, cross entropy 0.955948
I0305 04:09:54.473771 130845699483456 train.py:227] Step #45349: rate 0.000001, accuracy 85.94%, cross entropy 0.892843
I0305 04:09:57.447713 130845699483456 train.py:227] Step #45350: rate 0.000001, accuracy 96.48%, cross entropy 0.610007
I0305 04:10:00.435197 130845699483456 train.py:227] Step #45351: rate 0.000001, accuracy 97.66%, cross entropy 0.590273
I0305 04:10:03.451106 130845699483456 train.py:227] Step #45352: rate 0.000001, accuracy 95.31%, cross entropy 0.628475
I0305 04:10:06.363210 130845699483456 train.py:227] Step #45353: rate 0.000001, accuracy 86.33%, cross entropy 0.808856
I0305 04:10:09.378348 130845699483456 train.py:227] Step #45354: rate 0.000001, accuracy 97.27%, cross entropy 0.591557
I0305 04:10:12.579096 130845699483456 train.py:227] Step #45355: rate 0.000001, accuracy 96.88%, cross entropy 0.609475
I0305 04:10:15.370475 130845699483456 train.py:227] Step #45356: rate 0.000001, accuracy 87.11%, cross entropy 0.832008
I0305 04:10:18.415492 130845699483456 train.py:227] Step #45357: rate 0.000001, accuracy 94.92%, cross entropy 0.632625
I0305 04:10:21.308984 130845699483456 train.py:227] Step #45358: rate 0.000001, accuracy 91.02%, cross entropy 0.736397
I0305 04:10:24.166898 130845699483456 train.py:227] Step #45359: rate 0.000001, accuracy 81.25%, cross entropy 0.962338
I0305 04:10:27.273261 130845699483456 train.py:227] Step #45360: rate 0.000001, accuracy 83.59%, cross entropy 0.884122
I0305 04:10:53.437551 130845699483456 train.py:280] Step 45360: Validation accuracy = 97.27% (N=4352)
I0305 04:10:53.437750 130845699483456 train.py:290] So far the best validation accuracy is 97.33%
I0305 04:10:56.709117 130845699483456 train.py:227] Step #45361: rate 0.000001, accuracy 93.75%, cross entropy 0.673126
I0305 04:10:59.851058 130845699483456 train.py:227] Step #45362: rate 0.000001, accuracy 96.88%, cross entropy 0.608870
I0305 04:11:02.728682 130845699483456 train.py:227] Step #45363: rate 0.000001, accuracy 86.72%, cross entropy 0.832504
I0305 04:11:05.789973 130845699483456 train.py:227] Step #45364: rate 0.000001, accuracy 96.09%, cross entropy 0.638407
I0305 04:11:08.858964 130845699483456 train.py:227] Step #45365: rate 0.000001, accuracy 84.38%, cross entropy 0.832932
I0305 04:11:11.925119 130845699483456 train.py:227] Step #45366: rate 0.000001, accuracy 94.14%, cross entropy 0.671300
I0305 04:11:14.812210 130845699483456 train.py:227] Step #45367: rate 0.000001, accuracy 92.97%, cross entropy 0.714257
I0305 04:11:17.696811 130845699483456 train.py:227] Step #45368: rate 0.000001, accuracy 96.48%, cross entropy 0.611370
I0305 04:11:20.546974 130845699483456 train.py:227] Step #45369: rate 0.000001, accuracy 89.84%, cross entropy 0.730423
I0305 04:11:23.551633 130845699483456 train.py:227] Step #45370: rate 0.000001, accuracy 83.98%, cross entropy 0.892264
I0305 04:11:26.494110 130845699483456 train.py:227] Step #45371: rate 0.000001, accuracy 93.36%, cross entropy 0.676904
I0305 04:11:29.478184 130845699483456 train.py:227] Step #45372: rate 0.000001, accuracy 88.67%, cross entropy 0.795084
I0305 04:11:32.341869 130845699483456 train.py:227] Step #45373: rate 0.000001, accuracy 85.94%, cross entropy 0.841459
I0305 04:11:35.388134 130845699483456 train.py:227] Step #45374: rate 0.000001, accuracy 91.02%, cross entropy 0.740437
I0305 04:11:38.271228 130845699483456 train.py:227] Step #45375: rate 0.000001, accuracy 90.62%, cross entropy 0.756275
I0305 04:11:41.483731 130845699483456 train.py:227] Step #45376: rate 0.000001, accuracy 95.70%, cross entropy 0.634386
I0305 04:11:44.314794 130845699483456 train.py:227] Step #45377: rate 0.000001, accuracy 94.14%, cross entropy 0.677068
I0305 04:11:47.434851 130845699483456 train.py:227] Step #45378: rate 0.000001, accuracy 94.53%, cross entropy 0.653707
I0305 04:11:50.299827 130845699483456 train.py:227] Step #45379: rate 0.000001, accuracy 88.28%, cross entropy 0.763906
I0305 04:11:53.278142 130845699483456 train.py:227] Step #45380: rate 0.000001, accuracy 79.30%, cross entropy 0.977266
I0305 04:11:56.215600 130845699483456 train.py:227] Step #45381: rate 0.000001, accuracy 91.02%, cross entropy 0.732230
I0305 04:11:59.213314 130845699483456 train.py:227] Step #45382: rate 0.000001, accuracy 87.50%, cross entropy 0.819210
I0305 04:12:02.241974 130845699483456 train.py:227] Step #45383: rate 0.000001, accuracy 90.23%, cross entropy 0.753262
I0305 04:12:05.257738 130845699483456 train.py:227] Step #45384: rate 0.000001, accuracy 91.80%, cross entropy 0.713956
I0305 04:12:08.107425 130845699483456 train.py:227] Step #45385: rate 0.000001, accuracy 86.33%, cross entropy 0.833784
I0305 04:12:10.951930 130845699483456 train.py:227] Step #45386: rate 0.000001, accuracy 74.22%, cross entropy 1.124788
I0305 04:12:13.958816 130845699483456 train.py:227] Step #45387: rate 0.000001, accuracy 80.47%, cross entropy 0.975719
I0305 04:12:17.082719 130845699483456 train.py:227] Step #45388: rate 0.000001, accuracy 93.36%, cross entropy 0.661877
I0305 04:12:19.968150 130845699483456 train.py:227] Step #45389: rate 0.000001, accuracy 89.06%, cross entropy 0.769690
I0305 04:12:22.948453 130845699483456 train.py:227] Step #45390: rate 0.000001, accuracy 87.11%, cross entropy 0.772770
I0305 04:12:26.029381 130845699483456 train.py:227] Step #45391: rate 0.000001, accuracy 92.19%, cross entropy 0.683940
I0305 04:12:28.968808 130845699483456 train.py:227] Step #45392: rate 0.000001, accuracy 92.19%, cross entropy 0.682190
I0305 04:12:31.807330 130845699483456 train.py:227] Step #45393: rate 0.000001, accuracy 87.11%, cross entropy 0.820935
I0305 04:12:34.845145 130845699483456 train.py:227] Step #45394: rate 0.000001, accuracy 87.11%, cross entropy 0.814138
I0305 04:12:37.910761 130845699483456 train.py:227] Step #45395: rate 0.000001, accuracy 96.09%, cross entropy 0.613447
I0305 04:12:40.945648 130845699483456 train.py:227] Step #45396: rate 0.000001, accuracy 96.48%, cross entropy 0.621825
I0305 04:12:44.096475 130845699483456 train.py:227] Step #45397: rate 0.000001, accuracy 94.53%, cross entropy 0.664427
I0305 04:12:47.143159 130845699483456 train.py:227] Step #45398: rate 0.000001, accuracy 97.27%, cross entropy 0.590605
I0305 04:12:50.010698 130845699483456 train.py:227] Step #45399: rate 0.000001, accuracy 94.14%, cross entropy 0.691968
I0305 04:12:52.913754 130845699483456 train.py:227] Step #45400: rate 0.000001, accuracy 89.45%, cross entropy 0.716156
I0305 04:12:56.038449 130845699483456 train.py:227] Step #45401: rate 0.000001, accuracy 90.23%, cross entropy 0.764805
I0305 04:12:59.116041 130845699483456 train.py:227] Step #45402: rate 0.000001, accuracy 87.11%, cross entropy 0.850400
I0305 04:13:01.962824 130845699483456 train.py:227] Step #45403: rate 0.000001, accuracy 89.84%, cross entropy 0.754316
I0305 04:13:04.958894 130845699483456 train.py:227] Step #45404: rate 0.000001, accuracy 96.48%, cross entropy 0.595256
I0305 04:13:07.908601 130845699483456 train.py:227] Step #45405: rate 0.000001, accuracy 89.84%, cross entropy 0.763635
I0305 04:13:10.895104 130845699483456 train.py:227] Step #45406: rate 0.000001, accuracy 92.97%, cross entropy 0.716033
I0305 04:13:13.858737 130845699483456 train.py:227] Step #45407: rate 0.000001, accuracy 85.55%, cross entropy 0.826286
I0305 04:13:16.775783 130845699483456 train.py:227] Step #45408: rate 0.000001, accuracy 94.14%, cross entropy 0.656037
I0305 04:13:19.625303 130845699483456 train.py:227] Step #45409: rate 0.000001, accuracy 98.05%, cross entropy 0.581752
I0305 04:13:22.388195 130845699483456 train.py:227] Step #45410: rate 0.000001, accuracy 96.88%, cross entropy 0.621061
I0305 04:13:25.572083 130845699483456 train.py:227] Step #45411: rate 0.000001, accuracy 95.31%, cross entropy 0.621474
I0305 04:13:28.596281 130845699483456 train.py:227] Step #45412: rate 0.000001, accuracy 93.36%, cross entropy 0.654326
I0305 04:13:31.412021 130845699483456 train.py:227] Step #45413: rate 0.000001, accuracy 96.88%, cross entropy 0.609866
I0305 04:13:34.330235 130845699483456 train.py:227] Step #45414: rate 0.000001, accuracy 94.92%, cross entropy 0.656446
I0305 04:13:37.324666 130845699483456 train.py:227] Step #45415: rate 0.000001, accuracy 92.19%, cross entropy 0.698404
I0305 04:13:40.285615 130845699483456 train.py:227] Step #45416: rate 0.000001, accuracy 86.72%, cross entropy 0.835845
I0305 04:13:43.163615 130845699483456 train.py:227] Step #45417: rate 0.000001, accuracy 91.02%, cross entropy 0.713898
I0305 04:13:46.051732 130845699483456 train.py:227] Step #45418: rate 0.000001, accuracy 92.58%, cross entropy 0.705548
I0305 04:13:48.964682 130845699483456 train.py:227] Step #45419: rate 0.000001, accuracy 83.20%, cross entropy 0.886368
I0305 04:13:51.929747 130845699483456 train.py:227] Step #45420: rate 0.000001, accuracy 89.84%, cross entropy 0.757391
I0305 04:13:54.961626 130845699483456 train.py:227] Step #45421: rate 0.000001, accuracy 95.70%, cross entropy 0.648608
I0305 04:13:57.734785 130845699483456 train.py:227] Step #45422: rate 0.000001, accuracy 91.02%, cross entropy 0.710381
I0305 04:14:00.664113 130845699483456 train.py:227] Step #45423: rate 0.000001, accuracy 93.75%, cross entropy 0.642001
I0305 04:14:03.695271 130845699483456 train.py:227] Step #45424: rate 0.000001, accuracy 90.62%, cross entropy 0.716332
I0305 04:14:06.689751 130845699483456 train.py:227] Step #45425: rate 0.000001, accuracy 95.70%, cross entropy 0.623390
I0305 04:14:09.710816 130845699483456 train.py:227] Step #45426: rate 0.000001, accuracy 94.14%, cross entropy 0.682211
I0305 04:14:12.654246 130845699483456 train.py:227] Step #45427: rate 0.000001, accuracy 95.31%, cross entropy 0.651703
I0305 04:14:15.580143 130845699483456 train.py:227] Step #45428: rate 0.000001, accuracy 93.75%, cross entropy 0.658968
I0305 04:14:18.761689 130845699483456 train.py:227] Step #45429: rate 0.000001, accuracy 85.16%, cross entropy 0.907704
I0305 04:14:21.729698 130845699483456 train.py:227] Step #45430: rate 0.000001, accuracy 98.05%, cross entropy 0.581926
I0305 04:14:24.846361 130845699483456 train.py:227] Step #45431: rate 0.000001, accuracy 81.64%, cross entropy 0.952626
I0305 04:14:27.865735 130845699483456 train.py:227] Step #45432: rate 0.000001, accuracy 95.70%, cross entropy 0.640964
I0305 04:14:30.903239 130845699483456 train.py:227] Step #45433: rate 0.000001, accuracy 92.19%, cross entropy 0.690708
I0305 04:14:33.764788 130845699483456 train.py:227] Step #45434: rate 0.000001, accuracy 97.27%, cross entropy 0.603806
I0305 04:14:36.821828 130845699483456 train.py:227] Step #45435: rate 0.000001, accuracy 93.36%, cross entropy 0.675828
I0305 04:14:39.634631 130845699483456 train.py:227] Step #45436: rate 0.000001, accuracy 88.67%, cross entropy 0.787576
I0305 04:14:42.659847 130845699483456 train.py:227] Step #45437: rate 0.000001, accuracy 94.92%, cross entropy 0.640069
I0305 04:14:45.679723 130845699483456 train.py:227] Step #45438: rate 0.000001, accuracy 93.75%, cross entropy 0.683548
I0305 04:14:48.712880 130845699483456 train.py:227] Step #45439: rate 0.000001, accuracy 88.28%, cross entropy 0.805587
I0305 04:14:51.602143 130845699483456 train.py:227] Step #45440: rate 0.000001, accuracy 86.72%, cross entropy 0.832502
I0305 04:14:54.567034 130845699483456 train.py:227] Step #45441: rate 0.000001, accuracy 98.05%, cross entropy 0.584883
I0305 04:14:57.521830 130845699483456 train.py:227] Step #45442: rate 0.000001, accuracy 91.80%, cross entropy 0.722470
I0305 04:15:00.363733 130845699483456 train.py:227] Step #45443: rate 0.000001, accuracy 88.28%, cross entropy 0.788109
I0305 04:15:03.191925 130845699483456 train.py:227] Step #45444: rate 0.000001, accuracy 97.66%, cross entropy 0.602337
I0305 04:15:06.054846 130845699483456 train.py:227] Step #45445: rate 0.000001, accuracy 89.06%, cross entropy 0.749288
I0305 04:15:09.093568 130845699483456 train.py:227] Step #45446: rate 0.000001, accuracy 92.58%, cross entropy 0.734655
I0305 04:15:12.203675 130845699483456 train.py:227] Step #45447: rate 0.000001, accuracy 81.25%, cross entropy 0.900885
I0305 04:15:15.216317 130845699483456 train.py:227] Step #45448: rate 0.000001, accuracy 91.41%, cross entropy 0.726169
I0305 04:15:18.168987 130845699483456 train.py:227] Step #45449: rate 0.000001, accuracy 75.39%, cross entropy 1.095009
I0305 04:15:21.034758 130845699483456 train.py:227] Step #45450: rate 0.000001, accuracy 82.42%, cross entropy 0.897503
I0305 04:15:24.173552 130845699483456 train.py:227] Step #45451: rate 0.000001, accuracy 86.72%, cross entropy 0.798910
I0305 04:15:27.220972 130845699483456 train.py:227] Step #45452: rate 0.000001, accuracy 89.84%, cross entropy 0.752182
I0305 04:15:30.303160 130845699483456 train.py:227] Step #45453: rate 0.000001, accuracy 94.14%, cross entropy 0.670869
I0305 04:15:33.193834 130845699483456 train.py:227] Step #45454: rate 0.000001, accuracy 96.09%, cross entropy 0.647796
I0305 04:15:36.088653 130845699483456 train.py:227] Step #45455: rate 0.000001, accuracy 92.19%, cross entropy 0.714622
I0305 04:15:38.990935 130845699483456 train.py:227] Step #45456: rate 0.000001, accuracy 93.75%, cross entropy 0.690180
I0305 04:15:41.956215 130845699483456 train.py:227] Step #45457: rate 0.000001, accuracy 94.92%, cross entropy 0.644194
I0305 04:15:45.098985 130845699483456 train.py:227] Step #45458: rate 0.000001, accuracy 89.84%, cross entropy 0.756560
I0305 04:15:48.116253 130845699483456 train.py:227] Step #45459: rate 0.000001, accuracy 86.72%, cross entropy 0.828231
I0305 04:15:50.980020 130845699483456 train.py:227] Step #45460: rate 0.000001, accuracy 95.70%, cross entropy 0.634725
I0305 04:15:53.910395 130845699483456 train.py:227] Step #45461: rate 0.000001, accuracy 77.73%, cross entropy 1.017315
I0305 04:15:56.964495 130845699483456 train.py:227] Step #45462: rate 0.000001, accuracy 84.77%, cross entropy 0.853057
I0305 04:15:59.796225 130845699483456 train.py:227] Step #45463: rate 0.000001, accuracy 91.80%, cross entropy 0.748353
I0305 04:16:02.655669 130845699483456 train.py:227] Step #45464: rate 0.000001, accuracy 93.36%, cross entropy 0.710040
I0305 04:16:05.699711 130845699483456 train.py:227] Step #45465: rate 0.000001, accuracy 96.48%, cross entropy 0.629011
I0305 04:16:08.730346 130845699483456 train.py:227] Step #45466: rate 0.000001, accuracy 94.14%, cross entropy 0.689979
I0305 04:16:11.604134 130845699483456 train.py:227] Step #45467: rate 0.000001, accuracy 86.72%, cross entropy 0.834935
I0305 04:16:14.498829 130845699483456 train.py:227] Step #45468: rate 0.000001, accuracy 94.92%, cross entropy 0.655296
I0305 04:16:17.387099 130845699483456 train.py:227] Step #45469: rate 0.000001, accuracy 80.47%, cross entropy 0.938103
I0305 04:16:20.371375 130845699483456 train.py:227] Step #45470: rate 0.000001, accuracy 91.41%, cross entropy 0.724038
I0305 04:16:23.370467 130845699483456 train.py:227] Step #45471: rate 0.000001, accuracy 91.80%, cross entropy 0.716445
I0305 04:16:26.358114 130845699483456 train.py:227] Step #45472: rate 0.000001, accuracy 78.91%, cross entropy 1.018669
I0305 04:16:29.311878 130845699483456 train.py:227] Step #45473: rate 0.000001, accuracy 91.41%, cross entropy 0.760077
I0305 04:16:32.304438 130845699483456 train.py:227] Step #45474: rate 0.000001, accuracy 87.11%, cross entropy 0.829718
I0305 04:16:35.293802 130845699483456 train.py:227] Step #45475: rate 0.000001, accuracy 89.84%, cross entropy 0.752825
I0305 04:16:38.248928 130845699483456 train.py:227] Step #45476: rate 0.000001, accuracy 82.03%, cross entropy 0.970343
I0305 04:16:41.122322 130845699483456 train.py:227] Step #45477: rate 0.000001, accuracy 93.75%, cross entropy 0.666559
I0305 04:16:44.031934 130845699483456 train.py:227] Step #45478: rate 0.000001, accuracy 96.48%, cross entropy 0.617876
I0305 04:16:46.934579 130845699483456 train.py:227] Step #45479: rate 0.000001, accuracy 95.31%, cross entropy 0.638890
I0305 04:16:49.957807 130845699483456 train.py:227] Step #45480: rate 0.000001, accuracy 72.27%, cross entropy 1.112775
I0305 04:16:52.944977 130845699483456 train.py:227] Step #45481: rate 0.000001, accuracy 92.97%, cross entropy 0.691766
I0305 04:16:55.941287 130845699483456 train.py:227] Step #45482: rate 0.000001, accuracy 95.70%, cross entropy 0.623321
I0305 04:16:58.993272 130845699483456 train.py:227] Step #45483: rate 0.000001, accuracy 87.11%, cross entropy 0.816409
I0305 04:17:02.011268 130845699483456 train.py:227] Step #45484: rate 0.000001, accuracy 86.33%, cross entropy 0.836437
I0305 04:17:05.011054 130845699483456 train.py:227] Step #45485: rate 0.000001, accuracy 94.53%, cross entropy 0.664598
I0305 04:17:08.067368 130845699483456 train.py:227] Step #45486: rate 0.000001, accuracy 85.55%, cross entropy 0.865679
I0305 04:17:11.016683 130845699483456 train.py:227] Step #45487: rate 0.000001, accuracy 82.42%, cross entropy 0.925311
I0305 04:17:13.858030 130845699483456 train.py:227] Step #45488: rate 0.000001, accuracy 96.09%, cross entropy 0.606328
I0305 04:17:17.027611 130845699483456 train.py:227] Step #45489: rate 0.000001, accuracy 95.70%, cross entropy 0.623560
I0305 04:17:20.125550 130845699483456 train.py:227] Step #45490: rate 0.000001, accuracy 96.09%, cross entropy 0.617634
I0305 04:17:23.172244 130845699483456 train.py:227] Step #45491: rate 0.000001, accuracy 66.02%, cross entropy 1.271894
I0305 04:17:26.105695 130845699483456 train.py:227] Step #45492: rate 0.000001, accuracy 97.66%, cross entropy 0.591680
I0305 04:17:28.986886 130845699483456 train.py:227] Step #45493: rate 0.000001, accuracy 95.31%, cross entropy 0.632623
I0305 04:17:32.199775 130845699483456 train.py:227] Step #45494: rate 0.000001, accuracy 95.31%, cross entropy 0.653312
I0305 04:17:35.146722 130845699483456 train.py:227] Step #45495: rate 0.000001, accuracy 88.67%, cross entropy 0.765191
I0305 04:17:38.134350 130845699483456 train.py:227] Step #45496: rate 0.000001, accuracy 98.83%, cross entropy 0.570760
I0305 04:17:41.079887 130845699483456 train.py:227] Step #45497: rate 0.000001, accuracy 86.33%, cross entropy 0.832358
I0305 04:17:44.029396 130845699483456 train.py:227] Step #45498: rate 0.000001, accuracy 87.11%, cross entropy 0.814428
I0305 04:17:47.109600 130845699483456 train.py:227] Step #45499: rate 0.000001, accuracy 96.48%, cross entropy 0.590831
I0305 04:17:50.063122 130845699483456 train.py:227] Step #45500: rate 0.000001, accuracy 95.31%, cross entropy 0.625282
I0305 04:17:52.821380 130845699483456 train.py:227] Step #45501: rate 0.000001, accuracy 94.14%, cross entropy 0.689914
I0305 04:17:55.723076 130845699483456 train.py:227] Step #45502: rate 0.000001, accuracy 92.19%, cross entropy 0.695917
I0305 04:17:58.619440 130845699483456 train.py:227] Step #45503: rate 0.000001, accuracy 82.03%, cross entropy 0.919316
I0305 04:18:01.577818 130845699483456 train.py:227] Step #45504: rate 0.000001, accuracy 98.05%, cross entropy 0.583035
I0305 04:18:27.751611 130845699483456 train.py:280] Step 45504: Validation accuracy = 97.27% (N=4352)
I0305 04:18:27.751868 130845699483456 train.py:290] So far the best validation accuracy is 97.33%
I0305 04:18:30.569805 130845699483456 train.py:227] Step #45505: rate 0.000001, accuracy 93.36%, cross entropy 0.681904
I0305 04:18:33.648647 130845699483456 train.py:227] Step #45506: rate 0.000001, accuracy 95.31%, cross entropy 0.630995
I0305 04:18:36.604091 130845699483456 train.py:227] Step #45507: rate 0.000001, accuracy 74.61%, cross entropy 1.111813
I0305 04:18:39.571307 130845699483456 train.py:227] Step #45508: rate 0.000001, accuracy 95.70%, cross entropy 0.651344
I0305 04:18:42.440850 130845699483456 train.py:227] Step #45509: rate 0.000001, accuracy 96.09%, cross entropy 0.617596
I0305 04:18:45.327460 130845699483456 train.py:227] Step #45510: rate 0.000001, accuracy 84.38%, cross entropy 0.880462
I0305 04:18:48.279153 130845699483456 train.py:227] Step #45511: rate 0.000001, accuracy 92.19%, cross entropy 0.682303
I0305 04:18:51.346924 130845699483456 train.py:227] Step #45512: rate 0.000001, accuracy 85.55%, cross entropy 0.842967
I0305 04:18:54.482194 130845699483456 train.py:227] Step #45513: rate 0.000001, accuracy 96.48%, cross entropy 0.625935
I0305 04:18:57.396095 130845699483456 train.py:227] Step #45514: rate 0.000001, accuracy 87.89%, cross entropy 0.827685
I0305 04:19:00.386857 130845699483456 train.py:227] Step #45515: rate 0.000001, accuracy 95.31%, cross entropy 0.610453
I0305 04:19:03.345472 130845699483456 train.py:227] Step #45516: rate 0.000001, accuracy 95.70%, cross entropy 0.633035
I0305 04:19:06.442834 130845699483456 train.py:227] Step #45517: rate 0.000001, accuracy 97.66%, cross entropy 0.595502
I0305 04:19:09.286634 130845699483456 train.py:227] Step #45518: rate 0.000001, accuracy 89.84%, cross entropy 0.778890
I0305 04:19:12.435400 130845699483456 train.py:227] Step #45519: rate 0.000001, accuracy 95.70%, cross entropy 0.631133
I0305 04:19:15.404563 130845699483456 train.py:227] Step #45520: rate 0.000001, accuracy 90.62%, cross entropy 0.739530
I0305 04:19:18.503716 130845699483456 train.py:227] Step #45521: rate 0.000001, accuracy 81.25%, cross entropy 0.911000
I0305 04:19:21.628030 130845699483456 train.py:227] Step #45522: rate 0.000001, accuracy 87.50%, cross entropy 0.849837
I0305 04:19:24.683153 130845699483456 train.py:227] Step #45523: rate 0.000001, accuracy 90.62%, cross entropy 0.721596
I0305 04:19:27.524331 130845699483456 train.py:227] Step #45524: rate 0.000001, accuracy 93.36%, cross entropy 0.679899
I0305 04:19:30.486370 130845699483456 train.py:227] Step #45525: rate 0.000001, accuracy 92.19%, cross entropy 0.712564
I0305 04:19:33.434243 130845699483456 train.py:227] Step #45526: rate 0.000001, accuracy 94.92%, cross entropy 0.641700
I0305 04:19:36.373841 130845699483456 train.py:227] Step #45527: rate 0.000001, accuracy 96.88%, cross entropy 0.595436
I0305 04:19:39.361480 130845699483456 train.py:227] Step #45528: rate 0.000001, accuracy 92.58%, cross entropy 0.698789
I0305 04:19:42.131201 130845699483456 train.py:227] Step #45529: rate 0.000001, accuracy 85.55%, cross entropy 0.835334
I0305 04:19:44.985951 130845699483456 train.py:227] Step #45530: rate 0.000001, accuracy 96.09%, cross entropy 0.636329
I0305 04:19:47.796833 130845699483456 train.py:227] Step #45531: rate 0.000001, accuracy 92.97%, cross entropy 0.682330
I0305 04:19:50.755930 130845699483456 train.py:227] Step #45532: rate 0.000001, accuracy 80.08%, cross entropy 0.985363
I0305 04:19:53.596307 130845699483456 train.py:227] Step #45533: rate 0.000001, accuracy 83.20%, cross entropy 0.904487
I0305 04:19:56.525611 130845699483456 train.py:227] Step #45534: rate 0.000001, accuracy 86.72%, cross entropy 0.868959
I0305 04:19:59.567052 130845699483456 train.py:227] Step #45535: rate 0.000001, accuracy 97.66%, cross entropy 0.579888
I0305 04:20:02.651082 130845699483456 train.py:227] Step #45536: rate 0.000001, accuracy 96.09%, cross entropy 0.626797
I0305 04:20:05.641801 130845699483456 train.py:227] Step #45537: rate 0.000001, accuracy 93.75%, cross entropy 0.676088
I0305 04:20:08.469454 130845699483456 train.py:227] Step #45538: rate 0.000001, accuracy 92.19%, cross entropy 0.719225
I0305 04:20:11.331209 130845699483456 train.py:227] Step #45539: rate 0.000001, accuracy 93.75%, cross entropy 0.683575
I0305 04:20:14.447276 130845699483456 train.py:227] Step #45540: rate 0.000001, accuracy 89.45%, cross entropy 0.760944
I0305 04:20:17.437976 130845699483456 train.py:227] Step #45541: rate 0.000000, accuracy 89.06%, cross entropy 0.790872
I0305 04:20:20.260554 130845699483456 train.py:227] Step #45542: rate 0.000000, accuracy 95.70%, cross entropy 0.640725
I0305 04:20:23.208052 130845699483456 train.py:227] Step #45543: rate 0.000000, accuracy 95.31%, cross entropy 0.626437
I0305 04:20:26.161601 130845699483456 train.py:227] Step #45544: rate 0.000000, accuracy 94.53%, cross entropy 0.654044
I0305 04:20:29.242110 130845699483456 train.py:227] Step #45545: rate 0.000000, accuracy 95.70%, cross entropy 0.663669
I0305 04:20:32.091693 130845699483456 train.py:227] Step #45546: rate 0.000000, accuracy 96.09%, cross entropy 0.607199
I0305 04:20:35.172098 130845699483456 train.py:227] Step #45547: rate 0.000000, accuracy 97.27%, cross entropy 0.607647
I0305 04:20:37.879825 130845699483456 train.py:227] Step #45548: rate 0.000000, accuracy 90.23%, cross entropy 0.768428
I0305 04:20:40.807568 130845699483456 train.py:227] Step #45549: rate 0.000000, accuracy 92.58%, cross entropy 0.680781
I0305 04:20:43.803107 130845699483456 train.py:227] Step #45550: rate 0.000000, accuracy 81.64%, cross entropy 0.876454
I0305 04:20:46.921779 130845699483456 train.py:227] Step #45551: rate 0.000000, accuracy 93.36%, cross entropy 0.664134
I0305 04:20:49.972608 130845699483456 train.py:227] Step #45552: rate 0.000000, accuracy 95.70%, cross entropy 0.615895
I0305 04:20:52.797966 130845699483456 train.py:227] Step #45553: rate 0.000000, accuracy 83.20%, cross entropy 0.918542
I0305 04:20:55.956368 130845699483456 train.py:227] Step #45554: rate 0.000000, accuracy 91.80%, cross entropy 0.714061
I0305 04:20:58.945918 130845699483456 train.py:227] Step #45555: rate 0.000000, accuracy 94.53%, cross entropy 0.653673
I0305 04:21:01.808619 130845699483456 train.py:227] Step #45556: rate 0.000000, accuracy 94.53%, cross entropy 0.649594
I0305 04:21:04.820711 130845699483456 train.py:227] Step #45557: rate 0.000000, accuracy 94.14%, cross entropy 0.646787
I0305 04:21:07.798258 130845699483456 train.py:227] Step #45558: rate 0.000000, accuracy 89.06%, cross entropy 0.757900
I0305 04:21:10.700408 130845699483456 train.py:227] Step #45559: rate 0.000000, accuracy 93.36%, cross entropy 0.686843
I0305 04:21:13.537975 130845699483456 train.py:227] Step #45560: rate 0.000000, accuracy 83.59%, cross entropy 0.872093
I0305 04:21:16.425806 130845699483456 train.py:227] Step #45561: rate 0.000000, accuracy 94.92%, cross entropy 0.671439
I0305 04:21:19.337223 130845699483456 train.py:227] Step #45562: rate 0.000000, accuracy 93.36%, cross entropy 0.661617
I0305 04:21:22.291070 130845699483456 train.py:227] Step #45563: rate 0.000000, accuracy 95.31%, cross entropy 0.627698
I0305 04:21:25.332057 130845699483456 train.py:227] Step #45564: rate 0.000000, accuracy 78.52%, cross entropy 1.015126
I0305 04:21:28.383980 130845699483456 train.py:227] Step #45565: rate 0.000000, accuracy 92.97%, cross entropy 0.687950
I0305 04:21:31.451208 130845699483456 train.py:227] Step #45566: rate 0.000000, accuracy 96.88%, cross entropy 0.577997
I0305 04:21:34.486517 130845699483456 train.py:227] Step #45567: rate 0.000000, accuracy 92.97%, cross entropy 0.687681
I0305 04:21:37.480481 130845699483456 train.py:227] Step #45568: rate 0.000000, accuracy 92.97%, cross entropy 0.723828
I0305 04:21:40.237969 130845699483456 train.py:227] Step #45569: rate 0.000000, accuracy 85.55%, cross entropy 0.825058
I0305 04:21:43.107607 130845699483456 train.py:227] Step #45570: rate 0.000000, accuracy 93.75%, cross entropy 0.671646
I0305 04:21:46.068161 130845699483456 train.py:227] Step #45571: rate 0.000000, accuracy 92.58%, cross entropy 0.698686
I0305 04:21:48.898085 130845699483456 train.py:227] Step #45572: rate 0.000000, accuracy 93.75%, cross entropy 0.689859
I0305 04:21:52.838621 130845699483456 train.py:227] Step #45573: rate 0.000000, accuracy 89.45%, cross entropy 0.756229
I0305 04:21:55.928850 130845699483456 train.py:227] Step #45574: rate 0.000000, accuracy 92.58%, cross entropy 0.692077
I0305 04:21:58.959393 130845699483456 train.py:227] Step #45575: rate 0.000000, accuracy 96.88%, cross entropy 0.617716
I0305 04:22:02.046613 130845699483456 train.py:227] Step #45576: rate 0.000000, accuracy 94.53%, cross entropy 0.640842
I0305 04:22:05.169786 130845699483456 train.py:227] Step #45577: rate 0.000000, accuracy 83.59%, cross entropy 0.911344
I0305 04:22:08.262089 130845699483456 train.py:227] Step #45578: rate 0.000000, accuracy 89.45%, cross entropy 0.739908
I0305 04:22:11.312776 130845699483456 train.py:227] Step #45579: rate 0.000000, accuracy 96.48%, cross entropy 0.621011
I0305 04:22:14.179453 130845699483456 train.py:227] Step #45580: rate 0.000000, accuracy 85.94%, cross entropy 0.830827
I0305 04:22:17.173722 130845699483456 train.py:227] Step #45581: rate 0.000000, accuracy 93.36%, cross entropy 0.696700
I0305 04:22:20.023218 130845699483456 train.py:227] Step #45582: rate 0.000000, accuracy 97.27%, cross entropy 0.608469
I0305 04:22:23.139474 130845699483456 train.py:227] Step #45583: rate 0.000000, accuracy 88.28%, cross entropy 0.773157
I0305 04:22:26.127047 130845699483456 train.py:227] Step #45584: rate 0.000000, accuracy 90.23%, cross entropy 0.761962
I0305 04:22:28.904992 130845699483456 train.py:227] Step #45585: rate 0.000000, accuracy 92.19%, cross entropy 0.741854
I0305 04:22:31.798571 130845699483456 train.py:227] Step #45586: rate 0.000000, accuracy 93.75%, cross entropy 0.650978
I0305 04:22:34.552961 130845699483456 train.py:227] Step #45587: rate 0.000000, accuracy 62.11%, cross entropy 1.328213
I0305 04:22:37.528939 130845699483456 train.py:227] Step #45588: rate 0.000000, accuracy 91.02%, cross entropy 0.740355
I0305 04:22:40.364835 130845699483456 train.py:227] Step #45589: rate 0.000000, accuracy 90.23%, cross entropy 0.726556
I0305 04:22:43.424812 130845699483456 train.py:227] Step #45590: rate 0.000000, accuracy 87.89%, cross entropy 0.815240
I0305 04:22:46.402627 130845699483456 train.py:227] Step #45591: rate 0.000000, accuracy 92.58%, cross entropy 0.694426
I0305 04:22:49.269983 130845699483456 train.py:227] Step #45592: rate 0.000000, accuracy 95.70%, cross entropy 0.607106
I0305 04:22:52.138058 130845699483456 train.py:227] Step #45593: rate 0.000000, accuracy 94.92%, cross entropy 0.641243
I0305 04:22:54.927686 130845699483456 train.py:227] Step #45594: rate 0.000000, accuracy 94.53%, cross entropy 0.629025
I0305 04:22:57.844511 130845699483456 train.py:227] Step #45595: rate 0.000000, accuracy 91.41%, cross entropy 0.704706
I0305 04:23:00.742121 130845699483456 train.py:227] Step #45596: rate 0.000000, accuracy 92.58%, cross entropy 0.701367
I0305 04:23:03.663607 130845699483456 train.py:227] Step #45597: rate 0.000000, accuracy 90.62%, cross entropy 0.706937
I0305 04:23:06.728635 130845699483456 train.py:227] Step #45598: rate 0.000000, accuracy 93.75%, cross entropy 0.656514
I0305 04:23:09.595528 130845699483456 train.py:227] Step #45599: rate 0.000000, accuracy 94.92%, cross entropy 0.654273
I0305 04:23:12.517405 130845699483456 train.py:227] Step #45600: rate 0.000000, accuracy 91.80%, cross entropy 0.702140
I0305 04:23:15.376106 130845699483456 train.py:227] Step #45601: rate 0.000000, accuracy 91.41%, cross entropy 0.692231
I0305 04:23:18.335287 130845699483456 train.py:227] Step #45602: rate 0.000000, accuracy 92.19%, cross entropy 0.710860
I0305 04:23:21.469968 130845699483456 train.py:227] Step #45603: rate 0.000000, accuracy 91.80%, cross entropy 0.739073
I0305 04:23:24.293591 130845699483456 train.py:227] Step #45604: rate 0.000000, accuracy 94.92%, cross entropy 0.620781
I0305 04:23:27.344910 130845699483456 train.py:227] Step #45605: rate 0.000000, accuracy 94.14%, cross entropy 0.658670
I0305 04:23:30.215597 130845699483456 train.py:227] Step #45606: rate 0.000000, accuracy 80.47%, cross entropy 0.963475
I0305 04:23:33.159514 130845699483456 train.py:227] Step #45607: rate 0.000000, accuracy 93.36%, cross entropy 0.676122
I0305 04:23:36.135046 130845699483456 train.py:227] Step #45608: rate 0.000000, accuracy 93.75%, cross entropy 0.678754
I0305 04:23:38.941649 130845699483456 train.py:227] Step #45609: rate 0.000000, accuracy 80.47%, cross entropy 0.925719
I0305 04:23:41.716384 130845699483456 train.py:227] Step #45610: rate 0.000000, accuracy 84.77%, cross entropy 0.853162
I0305 04:23:44.849598 130845699483456 train.py:227] Step #45611: rate 0.000000, accuracy 89.84%, cross entropy 0.768851
I0305 04:23:47.604255 130845699483456 train.py:227] Step #45612: rate 0.000000, accuracy 78.91%, cross entropy 1.030328
I0305 04:23:50.495604 130845699483456 train.py:227] Step #45613: rate 0.000000, accuracy 85.94%, cross entropy 0.870327
I0305 04:23:53.263432 130845699483456 train.py:227] Step #45614: rate 0.000000, accuracy 81.64%, cross entropy 0.940588
I0305 04:23:56.181982 130845699483456 train.py:227] Step #45615: rate 0.000000, accuracy 92.97%, cross entropy 0.676371
I0305 04:23:59.332535 130845699483456 train.py:227] Step #45616: rate 0.000000, accuracy 95.70%, cross entropy 0.632744
I0305 04:24:02.278897 130845699483456 train.py:227] Step #45617: rate 0.000000, accuracy 54.69%, cross entropy 1.478325
I0305 04:24:05.380136 130845699483456 train.py:227] Step #45618: rate 0.000000, accuracy 91.41%, cross entropy 0.713094
I0305 04:24:08.365859 130845699483456 train.py:227] Step #45619: rate 0.000000, accuracy 89.06%, cross entropy 0.773287
I0305 04:24:11.087538 130845699483456 train.py:227] Step #45620: rate 0.000000, accuracy 91.41%, cross entropy 0.756555
I0305 04:24:14.097075 130845699483456 train.py:227] Step #45621: rate 0.000000, accuracy 88.28%, cross entropy 0.801559
I0305 04:24:16.993681 130845699483456 train.py:227] Step #45622: rate 0.000000, accuracy 90.23%, cross entropy 0.771482
I0305 04:24:19.917831 130845699483456 train.py:227] Step #45623: rate 0.000000, accuracy 75.39%, cross entropy 1.112773
I0305 04:24:22.771259 130845699483456 train.py:227] Step #45624: rate 0.000000, accuracy 89.84%, cross entropy 0.756989
I0305 04:24:25.967441 130845699483456 train.py:227] Step #45625: rate 0.000000, accuracy 95.70%, cross entropy 0.638959
I0305 04:24:28.744973 130845699483456 train.py:227] Step #45626: rate 0.000000, accuracy 81.64%, cross entropy 0.910059
I0305 04:24:31.930045 130845699483456 train.py:227] Step #45627: rate 0.000000, accuracy 90.23%, cross entropy 0.789388
I0305 04:24:34.632314 130845699483456 train.py:227] Step #45628: rate 0.000000, accuracy 91.41%, cross entropy 0.708226
I0305 04:24:37.669130 130845699483456 train.py:227] Step #45629: rate 0.000000, accuracy 83.98%, cross entropy 0.825851
I0305 04:24:40.429150 130845699483456 train.py:227] Step #45630: rate 0.000000, accuracy 86.72%, cross entropy 0.843152
I0305 04:24:43.537995 130845699483456 train.py:227] Step #45631: rate 0.000000, accuracy 89.84%, cross entropy 0.769637
I0305 04:24:46.504607 130845699483456 train.py:227] Step #45632: rate 0.000000, accuracy 87.11%, cross entropy 0.819170
I0305 04:24:49.263261 130845699483456 train.py:227] Step #45633: rate 0.000000, accuracy 98.44%, cross entropy 0.583182
I0305 04:24:52.265740 130845699483456 train.py:227] Step #45634: rate 0.000000, accuracy 94.92%, cross entropy 0.646241
I0305 04:24:55.434336 130845699483456 train.py:227] Step #45635: rate 0.000000, accuracy 86.33%, cross entropy 0.795252
I0305 04:24:58.365800 130845699483456 train.py:227] Step #45636: rate 0.000000, accuracy 88.28%, cross entropy 0.812927
I0305 04:25:01.203657 130845699483456 train.py:227] Step #45637: rate 0.000000, accuracy 96.88%, cross entropy 0.607503
I0305 04:25:04.139713 130845699483456 train.py:227] Step #45638: rate 0.000000, accuracy 80.08%, cross entropy 0.964374
I0305 04:25:07.293068 130845699483456 train.py:227] Step #45639: rate 0.000000, accuracy 72.66%, cross entropy 1.208885
I0305 04:25:10.440333 130845699483456 train.py:227] Step #45640: rate 0.000000, accuracy 91.80%, cross entropy 0.734587
I0305 04:25:13.255095 130845699483456 train.py:227] Step #45641: rate 0.000000, accuracy 96.48%, cross entropy 0.605370
I0305 04:25:16.143574 130845699483456 train.py:227] Step #45642: rate 0.000000, accuracy 93.75%, cross entropy 0.682565
I0305 04:25:18.915522 130845699483456 train.py:227] Step #45643: rate 0.000000, accuracy 90.62%, cross entropy 0.723006
I0305 04:25:21.922530 130845699483456 train.py:227] Step #45644: rate 0.000000, accuracy 92.58%, cross entropy 0.683823
I0305 04:25:24.872695 130845699483456 train.py:227] Step #45645: rate 0.000000, accuracy 96.88%, cross entropy 0.590077
I0305 04:25:27.649295 130845699483456 train.py:227] Step #45646: rate 0.000000, accuracy 93.75%, cross entropy 0.658526
I0305 04:25:30.477848 130845699483456 train.py:227] Step #45647: rate 0.000000, accuracy 94.92%, cross entropy 0.630371
I0305 04:25:33.427520 130845699483456 train.py:227] Step #45648: rate 0.000000, accuracy 79.30%, cross entropy 0.935363
I0305 04:25:59.599433 130845699483456 train.py:280] Step 45648: Validation accuracy = 97.29% (N=4352)
I0305 04:25:59.599756 130845699483456 train.py:290] So far the best validation accuracy is 97.33%
I0305 04:26:02.626171 130845699483456 train.py:227] Step #45649: rate 0.000000, accuracy 93.36%, cross entropy 0.651493
I0305 04:26:05.686868 130845699483456 train.py:227] Step #45650: rate 0.000000, accuracy 94.53%, cross entropy 0.664652
I0305 04:26:08.468868 130845699483456 train.py:227] Step #45651: rate 0.000000, accuracy 77.34%, cross entropy 1.076181
I0305 04:26:11.393894 130845699483456 train.py:227] Step #45652: rate 0.000000, accuracy 94.14%, cross entropy 0.650372
I0305 04:26:14.543425 130845699483456 train.py:227] Step #45653: rate 0.000000, accuracy 91.02%, cross entropy 0.765481
I0305 04:26:17.261013 130845699483456 train.py:227] Step #45654: rate 0.000000, accuracy 92.19%, cross entropy 0.690580
I0305 04:26:20.252239 130845699483456 train.py:227] Step #45655: rate 0.000000, accuracy 91.80%, cross entropy 0.718403
I0305 04:26:23.236794 130845699483456 train.py:227] Step #45656: rate 0.000000, accuracy 98.05%, cross entropy 0.591363
I0305 04:26:26.237491 130845699483456 train.py:227] Step #45657: rate 0.000000, accuracy 83.59%, cross entropy 0.875575
I0305 04:26:29.439394 130845699483456 train.py:227] Step #45658: rate 0.000000, accuracy 92.97%, cross entropy 0.679335
I0305 04:26:32.203134 130845699483456 train.py:227] Step #45659: rate 0.000000, accuracy 95.31%, cross entropy 0.643571
I0305 04:26:35.230386 130845699483456 train.py:227] Step #45660: rate 0.000000, accuracy 95.70%, cross entropy 0.611235
I0305 04:26:38.258059 130845699483456 train.py:227] Step #45661: rate 0.000000, accuracy 93.36%, cross entropy 0.695043
I0305 04:26:41.208841 130845699483456 train.py:227] Step #45662: rate 0.000000, accuracy 91.41%, cross entropy 0.704258
I0305 04:26:44.090667 130845699483456 train.py:227] Step #45663: rate 0.000000, accuracy 88.67%, cross entropy 0.744285
I0305 04:26:47.142483 130845699483456 train.py:227] Step #45664: rate 0.000000, accuracy 89.84%, cross entropy 0.787241
I0305 04:26:50.101061 130845699483456 train.py:227] Step #45665: rate 0.000000, accuracy 91.02%, cross entropy 0.725433
I0305 04:26:52.857209 130845699483456 train.py:227] Step #45666: rate 0.000000, accuracy 86.33%, cross entropy 0.827911
I0305 04:26:55.871001 130845699483456 train.py:227] Step #45667: rate 0.000000, accuracy 85.55%, cross entropy 0.880112
I0305 04:26:58.899160 130845699483456 train.py:227] Step #45668: rate 0.000000, accuracy 80.47%, cross entropy 0.964015
I0305 04:27:01.753761 130845699483456 train.py:227] Step #45669: rate 0.000000, accuracy 94.53%, cross entropy 0.659112
I0305 04:27:04.760635 130845699483456 train.py:227] Step #45670: rate 0.000000, accuracy 96.09%, cross entropy 0.631455
I0305 04:27:07.556864 130845699483456 train.py:227] Step #45671: rate 0.000000, accuracy 93.36%, cross entropy 0.661872
I0305 04:27:10.595965 130845699483456 train.py:227] Step #45672: rate 0.000000, accuracy 95.31%, cross entropy 0.627137
I0305 04:27:13.363679 130845699483456 train.py:227] Step #45673: rate 0.000000, accuracy 91.41%, cross entropy 0.728308
I0305 04:27:16.316482 130845699483456 train.py:227] Step #45674: rate 0.000000, accuracy 97.27%, cross entropy 0.577790
I0305 04:27:19.301476 130845699483456 train.py:227] Step #45675: rate 0.000000, accuracy 94.14%, cross entropy 0.663436
I0305 04:27:22.094212 130845699483456 train.py:227] Step #45676: rate 0.000000, accuracy 80.86%, cross entropy 0.998704
I0305 04:27:25.056664 130845699483456 train.py:227] Step #45677: rate 0.000000, accuracy 82.42%, cross entropy 0.919289
I0305 04:27:28.045258 130845699483456 train.py:227] Step #45678: rate 0.000000, accuracy 87.11%, cross entropy 0.796771
I0305 04:27:30.944602 130845699483456 train.py:227] Step #45679: rate 0.000000, accuracy 83.98%, cross entropy 0.866609
I0305 04:27:33.826472 130845699483456 train.py:227] Step #45680: rate 0.000000, accuracy 92.58%, cross entropy 0.684603
I0305 04:27:36.680809 130845699483456 train.py:227] Step #45681: rate 0.000000, accuracy 94.14%, cross entropy 0.684446
I0305 04:27:39.690756 130845699483456 train.py:227] Step #45682: rate 0.000000, accuracy 96.48%, cross entropy 0.612445
I0305 04:27:42.628592 130845699483456 train.py:227] Step #45683: rate 0.000000, accuracy 93.75%, cross entropy 0.689095
I0305 04:27:45.509700 130845699483456 train.py:227] Step #45684: rate 0.000000, accuracy 92.58%, cross entropy 0.691770
I0305 04:27:48.442208 130845699483456 train.py:227] Step #45685: rate 0.000000, accuracy 88.67%, cross entropy 0.772284
I0305 04:27:51.246321 130845699483456 train.py:227] Step #45686: rate 0.000000, accuracy 87.89%, cross entropy 0.775514
I0305 04:27:54.095391 130845699483456 train.py:227] Step #45687: rate 0.000000, accuracy 92.97%, cross entropy 0.719426
I0305 04:27:56.996020 130845699483456 train.py:227] Step #45688: rate 0.000000, accuracy 96.48%, cross entropy 0.615166
I0305 04:28:00.145812 130845699483456 train.py:227] Step #45689: rate 0.000000, accuracy 85.55%, cross entropy 0.842872
I0305 04:28:03.003648 130845699483456 train.py:227] Step #45690: rate 0.000000, accuracy 89.45%, cross entropy 0.779995
I0305 04:28:06.055971 130845699483456 train.py:227] Step #45691: rate 0.000000, accuracy 93.75%, cross entropy 0.653161
I0305 04:28:09.029539 130845699483456 train.py:227] Step #45692: rate 0.000000, accuracy 94.14%, cross entropy 0.638145
I0305 04:28:12.022969 130845699483456 train.py:227] Step #45693: rate 0.000000, accuracy 91.80%, cross entropy 0.697735
I0305 04:28:15.113958 130845699483456 train.py:227] Step #45694: rate 0.000000, accuracy 88.67%, cross entropy 0.797504
I0305 04:28:18.073427 130845699483456 train.py:227] Step #45695: rate 0.000000, accuracy 92.58%, cross entropy 0.679246
I0305 04:28:20.962867 130845699483456 train.py:227] Step #45696: rate 0.000000, accuracy 90.23%, cross entropy 0.724099
I0305 04:28:23.849616 130845699483456 train.py:227] Step #45697: rate 0.000000, accuracy 91.02%, cross entropy 0.740969
I0305 04:28:26.879692 130845699483456 train.py:227] Step #45698: rate 0.000000, accuracy 96.09%, cross entropy 0.614338
I0305 04:28:29.858265 130845699483456 train.py:227] Step #45699: rate 0.000000, accuracy 85.55%, cross entropy 0.864920
I0305 04:28:32.917488 130845699483456 train.py:227] Step #45700: rate 0.000000, accuracy 90.62%, cross entropy 0.759768
I0305 04:28:36.034067 130845699483456 train.py:227] Step #45701: rate 0.000000, accuracy 94.14%, cross entropy 0.683843
I0305 04:28:38.818588 130845699483456 train.py:227] Step #45702: rate 0.000000, accuracy 90.23%, cross entropy 0.760570
I0305 04:28:41.686540 130845699483456 train.py:227] Step #45703: rate 0.000000, accuracy 88.28%, cross entropy 0.792437
I0305 04:28:44.731056 130845699483456 train.py:227] Step #45704: rate 0.000000, accuracy 93.75%, cross entropy 0.664513
I0305 04:28:47.511279 130845699483456 train.py:227] Step #45705: rate 0.000000, accuracy 83.20%, cross entropy 0.923039
I0305 04:28:50.500361 130845699483456 train.py:227] Step #45706: rate 0.000000, accuracy 95.31%, cross entropy 0.605221
I0305 04:28:53.526209 130845699483456 train.py:227] Step #45707: rate 0.000000, accuracy 95.31%, cross entropy 0.641713
I0305 04:28:56.539683 130845699483456 train.py:227] Step #45708: rate 0.000000, accuracy 84.77%, cross entropy 0.853185
I0305 04:28:59.555308 130845699483456 train.py:227] Step #45709: rate 0.000000, accuracy 97.66%, cross entropy 0.598763
I0305 04:29:02.485484 130845699483456 train.py:227] Step #45710: rate 0.000000, accuracy 88.67%, cross entropy 0.779584
I0305 04:29:05.282075 130845699483456 train.py:227] Step #45711: rate 0.000000, accuracy 90.23%, cross entropy 0.806629
I0305 04:29:08.135407 130845699483456 train.py:227] Step #45712: rate 0.000000, accuracy 88.67%, cross entropy 0.761135
I0305 04:29:10.977760 130845699483456 train.py:227] Step #45713: rate 0.000000, accuracy 82.81%, cross entropy 0.904997
I0305 04:29:13.920975 130845699483456 train.py:227] Step #45714: rate 0.000000, accuracy 94.53%, cross entropy 0.670039
I0305 04:29:16.881618 130845699483456 train.py:227] Step #45715: rate 0.000000, accuracy 87.89%, cross entropy 0.796331
I0305 04:29:19.881301 130845699483456 train.py:227] Step #45716: rate 0.000000, accuracy 82.03%, cross entropy 0.885826
I0305 04:29:22.682788 130845699483456 train.py:227] Step #45717: rate 0.000000, accuracy 94.14%, cross entropy 0.658173
I0305 04:29:25.507727 130845699483456 train.py:227] Step #45718: rate 0.000000, accuracy 82.42%, cross entropy 0.917591
I0305 04:29:28.332014 130845699483456 train.py:227] Step #45719: rate 0.000000, accuracy 89.84%, cross entropy 0.784986
I0305 04:29:31.139172 130845699483456 train.py:227] Step #45720: rate 0.000000, accuracy 91.02%, cross entropy 0.742565
I0305 04:29:34.124953 130845699483456 train.py:227] Step #45721: rate 0.000000, accuracy 83.20%, cross entropy 0.926091
I0305 04:29:36.917358 130845699483456 train.py:227] Step #45722: rate 0.000000, accuracy 95.31%, cross entropy 0.651284
I0305 04:29:39.871780 130845699483456 train.py:227] Step #45723: rate 0.000000, accuracy 91.80%, cross entropy 0.696078
I0305 04:29:42.823288 130845699483456 train.py:227] Step #45724: rate 0.000000, accuracy 95.31%, cross entropy 0.633268
I0305 04:29:45.771287 130845699483456 train.py:227] Step #45725: rate 0.000000, accuracy 94.53%, cross entropy 0.655140
I0305 04:29:48.722428 130845699483456 train.py:227] Step #45726: rate 0.000000, accuracy 94.92%, cross entropy 0.647365
I0305 04:29:51.697746 130845699483456 train.py:227] Step #45727: rate 0.000000, accuracy 85.16%, cross entropy 0.858262
I0305 04:29:54.801537 130845699483456 train.py:227] Step #45728: rate 0.000000, accuracy 90.62%, cross entropy 0.742386
I0305 04:29:57.820600 130845699483456 train.py:227] Step #45729: rate 0.000000, accuracy 92.58%, cross entropy 0.747769
I0305 04:30:00.907153 130845699483456 train.py:227] Step #45730: rate 0.000000, accuracy 93.36%, cross entropy 0.658565
I0305 04:30:04.001999 130845699483456 train.py:227] Step #45731: rate 0.000000, accuracy 85.16%, cross entropy 0.837371
I0305 04:30:06.766986 130845699483456 train.py:227] Step #45732: rate 0.000000, accuracy 90.23%, cross entropy 0.786840
I0305 04:30:09.741836 130845699483456 train.py:227] Step #45733: rate 0.000000, accuracy 92.19%, cross entropy 0.717762
I0305 04:30:12.813808 130845699483456 train.py:227] Step #45734: rate 0.000000, accuracy 90.62%, cross entropy 0.751269
I0305 04:30:15.854891 130845699483456 train.py:227] Step #45735: rate 0.000000, accuracy 96.09%, cross entropy 0.624158
I0305 04:30:19.156200 130845699483456 train.py:227] Step #45736: rate 0.000000, accuracy 94.14%, cross entropy 0.673387
I0305 04:30:21.879810 130845699483456 train.py:227] Step #45737: rate 0.000000, accuracy 87.89%, cross entropy 0.787941
I0305 04:30:24.841847 130845699483456 train.py:227] Step #45738: rate 0.000000, accuracy 95.70%, cross entropy 0.642548
I0305 04:30:27.658742 130845699483456 train.py:227] Step #45739: rate 0.000000, accuracy 87.89%, cross entropy 0.768131
I0305 04:30:30.558335 130845699483456 train.py:227] Step #45740: rate 0.000000, accuracy 95.31%, cross entropy 0.636526
I0305 04:30:33.602143 130845699483456 train.py:227] Step #45741: rate 0.000000, accuracy 85.55%, cross entropy 0.832223
I0305 04:30:36.577742 130845699483456 train.py:227] Step #45742: rate 0.000000, accuracy 84.77%, cross entropy 0.857938
I0305 04:30:39.537007 130845699483456 train.py:227] Step #45743: rate 0.000000, accuracy 93.36%, cross entropy 0.673204
I0305 04:30:42.368839 130845699483456 train.py:227] Step #45744: rate 0.000000, accuracy 95.70%, cross entropy 0.631770
I0305 04:30:45.380002 130845699483456 train.py:227] Step #45745: rate 0.000000, accuracy 83.98%, cross entropy 0.890593
I0305 04:30:48.255837 130845699483456 train.py:227] Step #45746: rate 0.000000, accuracy 83.59%, cross entropy 0.886874
I0305 04:30:51.124560 130845699483456 train.py:227] Step #45747: rate 0.000000, accuracy 93.36%, cross entropy 0.667345
I0305 04:30:54.132744 130845699483456 train.py:227] Step #45748: rate 0.000000, accuracy 88.67%, cross entropy 0.765059
I0305 04:30:57.019927 130845699483456 train.py:227] Step #45749: rate 0.000000, accuracy 96.48%, cross entropy 0.589859
I0305 04:31:00.143517 130845699483456 train.py:227] Step #45750: rate 0.000000, accuracy 80.47%, cross entropy 0.964879
I0305 04:31:03.284265 130845699483456 train.py:227] Step #45751: rate 0.000000, accuracy 92.19%, cross entropy 0.707642
I0305 04:31:06.206058 130845699483456 train.py:227] Step #45752: rate 0.000000, accuracy 91.80%, cross entropy 0.727259
I0305 04:31:09.351556 130845699483456 train.py:227] Step #45753: rate 0.000000, accuracy 91.41%, cross entropy 0.758275
I0305 04:31:12.423825 130845699483456 train.py:227] Step #45754: rate 0.000000, accuracy 87.11%, cross entropy 0.814453
I0305 04:31:15.529331 130845699483456 train.py:227] Step #45755: rate 0.000000, accuracy 83.20%, cross entropy 0.880966
I0305 04:31:18.355863 130845699483456 train.py:227] Step #45756: rate 0.000000, accuracy 89.84%, cross entropy 0.774316
I0305 04:31:21.265256 130845699483456 train.py:227] Step #45757: rate 0.000000, accuracy 87.50%, cross entropy 0.753792
I0305 04:31:24.152640 130845699483456 train.py:227] Step #45758: rate 0.000000, accuracy 97.27%, cross entropy 0.602545
I0305 04:31:27.293045 130845699483456 train.py:227] Step #45759: rate 0.000000, accuracy 83.59%, cross entropy 0.907095
I0305 04:31:30.208022 130845699483456 train.py:227] Step #45760: rate 0.000000, accuracy 96.09%, cross entropy 0.605924
I0305 04:31:33.152062 130845699483456 train.py:227] Step #45761: rate 0.000000, accuracy 83.59%, cross entropy 0.865658
I0305 04:31:36.106669 130845699483456 train.py:227] Step #45762: rate 0.000000, accuracy 95.70%, cross entropy 0.666376
I0305 04:31:39.241772 130845699483456 train.py:227] Step #45763: rate 0.000000, accuracy 89.06%, cross entropy 0.774139
I0305 04:31:42.288019 130845699483456 train.py:227] Step #45764: rate 0.000000, accuracy 83.98%, cross entropy 0.879695
I0305 04:31:45.139317 130845699483456 train.py:227] Step #45765: rate 0.000000, accuracy 89.45%, cross entropy 0.762139
I0305 04:31:48.032763 130845699483456 train.py:227] Step #45766: rate 0.000000, accuracy 81.64%, cross entropy 0.956239
I0305 04:31:50.998711 130845699483456 train.py:227] Step #45767: rate 0.000000, accuracy 94.53%, cross entropy 0.670762
I0305 04:31:53.955733 130845699483456 train.py:227] Step #45768: rate 0.000000, accuracy 96.48%, cross entropy 0.610181
I0305 04:31:56.870527 130845699483456 train.py:227] Step #45769: rate 0.000000, accuracy 86.72%, cross entropy 0.837846
I0305 04:31:59.932636 130845699483456 train.py:227] Step #45770: rate 0.000000, accuracy 70.70%, cross entropy 1.214060
I0305 04:32:02.794077 130845699483456 train.py:227] Step #45771: rate 0.000000, accuracy 94.53%, cross entropy 0.657137
I0305 04:32:05.858470 130845699483456 train.py:227] Step #45772: rate 0.000000, accuracy 89.84%, cross entropy 0.770200
I0305 04:32:08.783714 130845699483456 train.py:227] Step #45773: rate 0.000000, accuracy 88.67%, cross entropy 0.757036
I0305 04:32:11.750650 130845699483456 train.py:227] Step #45774: rate 0.000000, accuracy 86.33%, cross entropy 0.807634
I0305 04:32:14.796143 130845699483456 train.py:227] Step #45775: rate 0.000000, accuracy 87.89%, cross entropy 0.814826
I0305 04:32:17.905713 130845699483456 train.py:227] Step #45776: rate 0.000000, accuracy 95.31%, cross entropy 0.631397
I0305 04:32:20.800297 130845699483456 train.py:227] Step #45777: rate 0.000000, accuracy 94.92%, cross entropy 0.629672
I0305 04:32:23.795403 130845699483456 train.py:227] Step #45778: rate 0.000000, accuracy 92.97%, cross entropy 0.681820
I0305 04:32:26.773464 130845699483456 train.py:227] Step #45779: rate 0.000000, accuracy 80.08%, cross entropy 0.967810
I0305 04:32:29.983602 130845699483456 train.py:227] Step #45780: rate 0.000000, accuracy 82.81%, cross entropy 0.894384
I0305 04:32:33.131596 130845699483456 train.py:227] Step #45781: rate 0.000000, accuracy 95.31%, cross entropy 0.633439
I0305 04:32:36.234633 130845699483456 train.py:227] Step #45782: rate 0.000000, accuracy 94.53%, cross entropy 0.656767
I0305 04:32:39.185839 130845699483456 train.py:227] Step #45783: rate 0.000000, accuracy 95.31%, cross entropy 0.622973
I0305 04:32:42.213175 130845699483456 train.py:227] Step #45784: rate 0.000000, accuracy 94.53%, cross entropy 0.665932
I0305 04:32:45.190119 130845699483456 train.py:227] Step #45785: rate 0.000000, accuracy 95.70%, cross entropy 0.624963
I0305 04:32:48.104905 130845699483456 train.py:227] Step #45786: rate 0.000000, accuracy 96.48%, cross entropy 0.622979
I0305 04:32:51.113028 130845699483456 train.py:227] Step #45787: rate 0.000000, accuracy 76.56%, cross entropy 1.054328
I0305 04:32:54.177237 130845699483456 train.py:227] Step #45788: rate 0.000000, accuracy 91.80%, cross entropy 0.709984
I0305 04:32:56.925623 130845699483456 train.py:227] Step #45789: rate 0.000000, accuracy 94.92%, cross entropy 0.639355
I0305 04:32:59.918754 130845699483456 train.py:227] Step #45790: rate 0.000000, accuracy 94.53%, cross entropy 0.634122
I0305 04:33:02.707368 130845699483456 train.py:227] Step #45791: rate 0.000000, accuracy 94.92%, cross entropy 0.647216
I0305 04:33:05.677164 130845699483456 train.py:227] Step #45792: rate 0.000000, accuracy 91.02%, cross entropy 0.758997
I0305 04:33:31.797387 130845699483456 train.py:280] Step 45792: Validation accuracy = 97.29% (N=4352)
I0305 04:33:31.797750 130845699483456 train.py:290] So far the best validation accuracy is 97.33%
I0305 04:33:34.639930 130845699483456 train.py:227] Step #45793: rate 0.000000, accuracy 98.83%, cross entropy 0.556123
I0305 04:33:37.775944 130845699483456 train.py:227] Step #45794: rate 0.000000, accuracy 93.36%, cross entropy 0.694906
I0305 04:33:40.737334 130845699483456 train.py:227] Step #45795: rate 0.000000, accuracy 87.50%, cross entropy 0.823711
I0305 04:33:43.825554 130845699483456 train.py:227] Step #45796: rate 0.000000, accuracy 92.97%, cross entropy 0.653460
I0305 04:33:46.981759 130845699483456 train.py:227] Step #45797: rate 0.000000, accuracy 94.14%, cross entropy 0.642218
I0305 04:33:50.207298 130845699483456 train.py:227] Step #45798: rate 0.000000, accuracy 93.75%, cross entropy 0.682543
I0305 04:33:53.263781 130845699483456 train.py:227] Step #45799: rate 0.000000, accuracy 93.36%, cross entropy 0.694655
I0305 04:33:56.258398 130845699483456 train.py:227] Step #45800: rate 0.000000, accuracy 91.80%, cross entropy 0.725328
I0305 04:33:59.233051 130845699483456 train.py:227] Step #45801: rate 0.000000, accuracy 96.09%, cross entropy 0.632855
I0305 04:34:02.312880 130845699483456 train.py:227] Step #45802: rate 0.000000, accuracy 89.84%, cross entropy 0.744999
I0305 04:34:05.254759 130845699483456 train.py:227] Step #45803: rate 0.000000, accuracy 89.84%, cross entropy 0.746615
I0305 04:34:08.093759 130845699483456 train.py:227] Step #45804: rate 0.000000, accuracy 96.48%, cross entropy 0.621472
I0305 04:34:10.935209 130845699483456 train.py:227] Step #45805: rate 0.000000, accuracy 86.33%, cross entropy 0.781272
I0305 04:34:13.779294 130845699483456 train.py:227] Step #45806: rate 0.000000, accuracy 88.28%, cross entropy 0.798235
I0305 04:34:16.574834 130845699483456 train.py:227] Step #45807: rate 0.000000, accuracy 90.62%, cross entropy 0.722944
I0305 04:34:19.594618 130845699483456 train.py:227] Step #45808: rate 0.000000, accuracy 89.84%, cross entropy 0.753717
I0305 04:34:22.434376 130845699483456 train.py:227] Step #45809: rate 0.000000, accuracy 90.62%, cross entropy 0.769888
I0305 04:34:25.520914 130845699483456 train.py:227] Step #45810: rate 0.000000, accuracy 86.72%, cross entropy 0.866038
I0305 04:34:28.527326 130845699483456 train.py:227] Step #45811: rate 0.000000, accuracy 94.53%, cross entropy 0.661876
I0305 04:34:31.308306 130845699483456 train.py:227] Step #45812: rate 0.000000, accuracy 81.25%, cross entropy 0.947814
I0305 04:34:34.187815 130845699483456 train.py:227] Step #45813: rate 0.000000, accuracy 84.77%, cross entropy 0.885377
I0305 04:34:37.065126 130845699483456 train.py:227] Step #45814: rate 0.000000, accuracy 76.95%, cross entropy 1.077953
I0305 04:34:40.086756 130845699483456 train.py:227] Step #45815: rate 0.000000, accuracy 95.31%, cross entropy 0.626961
I0305 04:34:43.041717 130845699483456 train.py:227] Step #45816: rate 0.000000, accuracy 86.72%, cross entropy 0.820675
I0305 04:34:45.791939 130845699483456 train.py:227] Step #45817: rate 0.000000, accuracy 89.45%, cross entropy 0.747189
I0305 04:34:48.626322 130845699483456 train.py:227] Step #45818: rate 0.000000, accuracy 95.70%, cross entropy 0.632626
I0305 04:34:51.675452 130845699483456 train.py:227] Step #45819: rate 0.000000, accuracy 90.23%, cross entropy 0.784353
I0305 04:34:54.627524 130845699483456 train.py:227] Step #45820: rate 0.000000, accuracy 88.67%, cross entropy 0.756074
I0305 04:34:57.499663 130845699483456 train.py:227] Step #45821: rate 0.000000, accuracy 95.70%, cross entropy 0.644062
I0305 04:35:00.550884 130845699483456 train.py:227] Step #45822: rate 0.000000, accuracy 61.72%, cross entropy 1.457521
I0305 04:35:03.741699 130845699483456 train.py:227] Step #45823: rate 0.000000, accuracy 87.89%, cross entropy 0.833461
I0305 04:35:06.536090 130845699483456 train.py:227] Step #45824: rate 0.000000, accuracy 94.92%, cross entropy 0.628251
I0305 04:35:09.586389 130845699483456 train.py:227] Step #45825: rate 0.000000, accuracy 92.19%, cross entropy 0.702717
I0305 04:35:12.478113 130845699483456 train.py:227] Step #45826: rate 0.000000, accuracy 88.67%, cross entropy 0.793975
I0305 04:35:15.445885 130845699483456 train.py:227] Step #45827: rate 0.000000, accuracy 92.58%, cross entropy 0.699891
I0305 04:35:18.508175 130845699483456 train.py:227] Step #45828: rate 0.000000, accuracy 82.03%, cross entropy 0.893091
I0305 04:35:21.659041 130845699483456 train.py:227] Step #45829: rate 0.000000, accuracy 93.75%, cross entropy 0.674013
I0305 04:35:24.622665 130845699483456 train.py:227] Step #45830: rate 0.000000, accuracy 90.23%, cross entropy 0.768341
I0305 04:35:27.645673 130845699483456 train.py:227] Step #45831: rate 0.000000, accuracy 93.75%, cross entropy 0.655422
I0305 04:35:30.780114 130845699483456 train.py:227] Step #45832: rate 0.000000, accuracy 94.53%, cross entropy 0.681005
I0305 04:35:33.635883 130845699483456 train.py:227] Step #45833: rate 0.000000, accuracy 93.75%, cross entropy 0.674926
I0305 04:35:36.466014 130845699483456 train.py:227] Step #45834: rate 0.000000, accuracy 78.52%, cross entropy 1.015399
I0305 04:35:39.552107 130845699483456 train.py:227] Step #45835: rate 0.000000, accuracy 90.23%, cross entropy 0.731670
I0305 04:35:42.624990 130845699483456 train.py:227] Step #45836: rate 0.000000, accuracy 91.80%, cross entropy 0.722978
I0305 04:35:45.599086 130845699483456 train.py:227] Step #45837: rate 0.000000, accuracy 83.59%, cross entropy 0.907473
I0305 04:35:48.475270 130845699483456 train.py:227] Step #45838: rate 0.000000, accuracy 82.81%, cross entropy 0.930826
I0305 04:35:51.569453 130845699483456 train.py:227] Step #45839: rate 0.000000, accuracy 93.75%, cross entropy 0.681087
I0305 04:35:54.391345 130845699483456 train.py:227] Step #45840: rate 0.000000, accuracy 91.41%, cross entropy 0.704418
I0305 04:35:57.289530 130845699483456 train.py:227] Step #45841: rate 0.000000, accuracy 96.88%, cross entropy 0.610314
I0305 04:36:00.249735 130845699483456 train.py:227] Step #45842: rate 0.000000, accuracy 95.31%, cross entropy 0.637228
I0305 04:36:03.144614 130845699483456 train.py:227] Step #45843: rate 0.000000, accuracy 91.41%, cross entropy 0.723208
I0305 04:36:05.919993 130845699483456 train.py:227] Step #45844: rate 0.000000, accuracy 87.50%, cross entropy 0.799338
I0305 04:36:09.001304 130845699483456 train.py:227] Step #45845: rate 0.000000, accuracy 89.84%, cross entropy 0.753657
I0305 04:36:11.868506 130845699483456 train.py:227] Step #45846: rate 0.000000, accuracy 89.45%, cross entropy 0.764678
I0305 04:36:14.808292 130845699483456 train.py:227] Step #45847: rate 0.000000, accuracy 92.58%, cross entropy 0.698813
I0305 04:36:17.633995 130845699483456 train.py:227] Step #45848: rate 0.000000, accuracy 80.08%, cross entropy 0.931222
I0305 04:36:20.503588 130845699483456 train.py:227] Step #45849: rate 0.000000, accuracy 92.97%, cross entropy 0.706866
I0305 04:36:23.340648 130845699483456 train.py:227] Step #45850: rate 0.000000, accuracy 89.06%, cross entropy 0.752218
I0305 04:36:26.224836 130845699483456 train.py:227] Step #45851: rate 0.000000, accuracy 92.58%, cross entropy 0.677168
I0305 04:36:29.151693 130845699483456 train.py:227] Step #45852: rate 0.000000, accuracy 92.19%, cross entropy 0.727614
I0305 04:36:32.089694 130845699483456 train.py:227] Step #45853: rate 0.000000, accuracy 87.50%, cross entropy 0.844598
I0305 04:36:34.967917 130845699483456 train.py:227] Step #45854: rate 0.000000, accuracy 82.81%, cross entropy 0.918838
I0305 04:36:37.936704 130845699483456 train.py:227] Step #45855: rate 0.000000, accuracy 92.97%, cross entropy 0.677147
I0305 04:36:40.741651 130845699483456 train.py:227] Step #45856: rate 0.000000, accuracy 91.02%, cross entropy 0.762545
I0305 04:36:43.753769 130845699483456 train.py:227] Step #45857: rate 0.000000, accuracy 83.20%, cross entropy 0.896282
I0305 04:36:46.715568 130845699483456 train.py:227] Step #45858: rate 0.000000, accuracy 97.27%, cross entropy 0.592750
I0305 04:36:49.613224 130845699483456 train.py:227] Step #45859: rate 0.000000, accuracy 91.02%, cross entropy 0.744526
I0305 04:36:52.603241 130845699483456 train.py:227] Step #45860: rate 0.000000, accuracy 89.84%, cross entropy 0.754985
I0305 04:36:55.634980 130845699483456 train.py:227] Step #45861: rate 0.000000, accuracy 96.09%, cross entropy 0.621488
I0305 04:36:58.754604 130845699483456 train.py:227] Step #45862: rate 0.000000, accuracy 78.12%, cross entropy 0.986347
I0305 04:37:01.763642 130845699483456 train.py:227] Step #45863: rate 0.000000, accuracy 86.72%, cross entropy 0.873832
I0305 04:37:04.885336 130845699483456 train.py:227] Step #45864: rate 0.000000, accuracy 98.05%, cross entropy 0.584887
I0305 04:37:07.758041 130845699483456 train.py:227] Step #45865: rate 0.000000, accuracy 96.09%, cross entropy 0.626486
I0305 04:37:10.799533 130845699483456 train.py:227] Step #45866: rate 0.000000, accuracy 93.75%, cross entropy 0.693663
I0305 04:37:13.739400 130845699483456 train.py:227] Step #45867: rate 0.000000, accuracy 92.19%, cross entropy 0.706147
I0305 04:37:16.729829 130845699483456 train.py:227] Step #45868: rate 0.000000, accuracy 91.80%, cross entropy 0.720793
I0305 04:37:19.745408 130845699483456 train.py:227] Step #45869: rate 0.000000, accuracy 96.48%, cross entropy 0.619473
I0305 04:37:22.711536 130845699483456 train.py:227] Step #45870: rate 0.000000, accuracy 97.66%, cross entropy 0.603715
I0305 04:37:25.827794 130845699483456 train.py:227] Step #45871: rate 0.000000, accuracy 89.06%, cross entropy 0.790433
I0305 04:37:28.649762 130845699483456 train.py:227] Step #45872: rate 0.000000, accuracy 88.67%, cross entropy 0.778266
I0305 04:37:31.788022 130845699483456 train.py:227] Step #45873: rate 0.000000, accuracy 92.58%, cross entropy 0.691406
I0305 04:37:34.741754 130845699483456 train.py:227] Step #45874: rate 0.000000, accuracy 90.23%, cross entropy 0.758660
I0305 04:37:37.892630 130845699483456 train.py:227] Step #45875: rate 0.000000, accuracy 80.86%, cross entropy 0.921108
I0305 04:37:41.006574 130845699483456 train.py:227] Step #45876: rate 0.000000, accuracy 95.31%, cross entropy 0.661032
I0305 04:37:43.989349 130845699483456 train.py:227] Step #45877: rate 0.000000, accuracy 86.72%, cross entropy 0.832146
I0305 04:37:46.907023 130845699483456 train.py:227] Step #45878: rate 0.000000, accuracy 87.50%, cross entropy 0.810752
I0305 04:37:49.798732 130845699483456 train.py:227] Step #45879: rate 0.000000, accuracy 85.94%, cross entropy 0.825984
I0305 04:37:52.760796 130845699483456 train.py:227] Step #45880: rate 0.000000, accuracy 94.92%, cross entropy 0.661842
I0305 04:37:55.794250 130845699483456 train.py:227] Step #45881: rate 0.000000, accuracy 96.88%, cross entropy 0.587844
I0305 04:37:58.851907 130845699483456 train.py:227] Step #45882: rate 0.000000, accuracy 94.14%, cross entropy 0.655255
I0305 04:38:01.637729 130845699483456 train.py:227] Step #45883: rate 0.000000, accuracy 96.88%, cross entropy 0.601226
I0305 04:38:04.774581 130845699483456 train.py:227] Step #45884: rate 0.000000, accuracy 86.33%, cross entropy 0.835308
I0305 04:38:07.804376 130845699483456 train.py:227] Step #45885: rate 0.000000, accuracy 91.02%, cross entropy 0.701093
I0305 04:38:10.646980 130845699483456 train.py:227] Step #45886: rate 0.000000, accuracy 96.88%, cross entropy 0.581617
I0305 04:38:13.691146 130845699483456 train.py:227] Step #45887: rate 0.000000, accuracy 90.62%, cross entropy 0.737771
I0305 04:38:16.749869 130845699483456 train.py:227] Step #45888: rate 0.000000, accuracy 95.70%, cross entropy 0.630734
I0305 04:38:19.726387 130845699483456 train.py:227] Step #45889: rate 0.000000, accuracy 87.50%, cross entropy 0.836174
I0305 04:38:22.618659 130845699483456 train.py:227] Step #45890: rate 0.000000, accuracy 89.45%, cross entropy 0.768701
I0305 04:38:25.586818 130845699483456 train.py:227] Step #45891: rate 0.000000, accuracy 86.33%, cross entropy 0.848494
I0305 04:38:28.389796 130845699483456 train.py:227] Step #45892: rate 0.000000, accuracy 96.09%, cross entropy 0.626128
I0305 04:38:31.440681 130845699483456 train.py:227] Step #45893: rate 0.000000, accuracy 82.03%, cross entropy 0.941577
I0305 04:38:34.440859 130845699483456 train.py:227] Step #45894: rate 0.000000, accuracy 93.75%, cross entropy 0.698218
I0305 04:38:37.467720 130845699483456 train.py:227] Step #45895: rate 0.000000, accuracy 96.88%, cross entropy 0.619962
I0305 04:38:40.551385 130845699483456 train.py:227] Step #45896: rate 0.000000, accuracy 91.80%, cross entropy 0.701385
I0305 04:38:43.573469 130845699483456 train.py:227] Step #45897: rate 0.000000, accuracy 91.02%, cross entropy 0.755000
I0305 04:38:46.502677 130845699483456 train.py:227] Step #45898: rate 0.000000, accuracy 80.08%, cross entropy 0.963851
I0305 04:38:49.388648 130845699483456 train.py:227] Step #45899: rate 0.000000, accuracy 82.03%, cross entropy 0.928194
I0305 04:38:52.433935 130845699483456 train.py:227] Step #45900: rate 0.000000, accuracy 97.27%, cross entropy 0.604628
I0305 04:38:55.447089 130845699483456 train.py:227] Step #45901: rate 0.000000, accuracy 97.27%, cross entropy 0.584929
I0305 04:38:58.535107 130845699483456 train.py:227] Step #45902: rate 0.000000, accuracy 89.45%, cross entropy 0.758719
I0305 04:39:01.703079 130845699483456 train.py:227] Step #45903: rate 0.000000, accuracy 72.66%, cross entropy 1.109604
I0305 04:39:04.667468 130845699483456 train.py:227] Step #45904: rate 0.000000, accuracy 87.89%, cross entropy 0.799437
I0305 04:39:07.700308 130845699483456 train.py:227] Step #45905: rate 0.000000, accuracy 86.33%, cross entropy 0.834730
I0305 04:39:10.660061 130845699483456 train.py:227] Step #45906: rate 0.000000, accuracy 94.92%, cross entropy 0.616841
I0305 04:39:13.546501 130845699483456 train.py:227] Step #45907: rate 0.000000, accuracy 89.84%, cross entropy 0.786537
I0305 04:39:16.502077 130845699483456 train.py:227] Step #45908: rate 0.000000, accuracy 89.84%, cross entropy 0.736118
I0305 04:39:19.413228 130845699483456 train.py:227] Step #45909: rate 0.000000, accuracy 95.70%, cross entropy 0.622310
I0305 04:39:22.293743 130845699483456 train.py:227] Step #45910: rate 0.000000, accuracy 92.58%, cross entropy 0.714039
I0305 04:39:25.315775 130845699483456 train.py:227] Step #45911: rate 0.000000, accuracy 93.36%, cross entropy 0.688851
I0305 04:39:28.199223 130845699483456 train.py:227] Step #45912: rate 0.000000, accuracy 97.27%, cross entropy 0.604372
I0305 04:39:31.202539 130845699483456 train.py:227] Step #45913: rate 0.000000, accuracy 86.33%, cross entropy 0.841055
I0305 04:39:34.414644 130845699483456 train.py:227] Step #45914: rate 0.000000, accuracy 85.16%, cross entropy 0.825741
I0305 04:39:37.308248 130845699483456 train.py:227] Step #45915: rate 0.000000, accuracy 84.38%, cross entropy 0.860391
I0305 04:39:40.150367 130845699483456 train.py:227] Step #45916: rate 0.000000, accuracy 77.73%, cross entropy 1.022590
I0305 04:39:43.328376 130845699483456 train.py:227] Step #45917: rate 0.000000, accuracy 96.09%, cross entropy 0.624451
I0305 04:39:46.181983 130845699483456 train.py:227] Step #45918: rate 0.000000, accuracy 92.58%, cross entropy 0.700913
I0305 04:39:49.264131 130845699483456 train.py:227] Step #45919: rate 0.000000, accuracy 94.53%, cross entropy 0.670405
I0305 04:39:52.187300 130845699483456 train.py:227] Step #45920: rate 0.000000, accuracy 96.48%, cross entropy 0.639411
I0305 04:39:55.148725 130845699483456 train.py:227] Step #45921: rate 0.000000, accuracy 95.31%, cross entropy 0.648207
I0305 04:39:58.177879 130845699483456 train.py:227] Step #45922: rate 0.000000, accuracy 91.02%, cross entropy 0.790468
I0305 04:40:01.032035 130845699483456 train.py:227] Step #45923: rate 0.000000, accuracy 93.36%, cross entropy 0.651578
I0305 04:40:04.143289 130845699483456 train.py:227] Step #45924: rate 0.000000, accuracy 94.14%, cross entropy 0.654667
I0305 04:40:07.159386 130845699483456 train.py:227] Step #45925: rate 0.000000, accuracy 94.53%, cross entropy 0.655378
I0305 04:40:10.146791 130845699483456 train.py:227] Step #45926: rate 0.000000, accuracy 90.62%, cross entropy 0.743046
I0305 04:40:13.152109 130845699483456 train.py:227] Step #45927: rate 0.000000, accuracy 89.45%, cross entropy 0.723544
I0305 04:40:16.079172 130845699483456 train.py:227] Step #45928: rate 0.000000, accuracy 75.00%, cross entropy 1.038310
I0305 04:40:18.933799 130845699483456 train.py:227] Step #45929: rate 0.000000, accuracy 83.98%, cross entropy 0.881938
I0305 04:40:21.872580 130845699483456 train.py:227] Step #45930: rate 0.000000, accuracy 84.77%, cross entropy 0.929767
I0305 04:40:24.825437 130845699483456 train.py:227] Step #45931: rate 0.000000, accuracy 80.08%, cross entropy 0.955780
I0305 04:40:27.801335 130845699483456 train.py:227] Step #45932: rate 0.000000, accuracy 97.27%, cross entropy 0.597732
I0305 04:40:30.640270 130845699483456 train.py:227] Step #45933: rate 0.000000, accuracy 91.41%, cross entropy 0.738071
I0305 04:40:33.718029 130845699483456 train.py:227] Step #45934: rate 0.000000, accuracy 93.75%, cross entropy 0.671682
I0305 04:40:36.712340 130845699483456 train.py:227] Step #45935: rate 0.000000, accuracy 95.31%, cross entropy 0.650510
I0305 04:40:39.555117 130845699483456 train.py:227] Step #45936: rate 0.000000, accuracy 91.02%, cross entropy 0.756708
I0305 04:41:05.750092 130845699483456 train.py:280] Step 45936: Validation accuracy = 97.29% (N=4352)
I0305 04:41:05.750368 130845699483456 train.py:290] So far the best validation accuracy is 97.33%
I0305 04:41:08.720133 130845699483456 train.py:227] Step #45937: rate 0.000000, accuracy 94.53%, cross entropy 0.641072
I0305 04:41:11.787516 130845699483456 train.py:227] Step #45938: rate 0.000000, accuracy 64.06%, cross entropy 1.323471
I0305 04:41:14.821110 130845699483456 train.py:227] Step #45939: rate 0.000000, accuracy 79.30%, cross entropy 0.976359
I0305 04:41:17.716541 130845699483456 train.py:227] Step #45940: rate 0.000000, accuracy 95.70%, cross entropy 0.633567
I0305 04:41:20.795646 130845699483456 train.py:227] Step #45941: rate 0.000000, accuracy 95.70%, cross entropy 0.620633
I0305 04:41:23.914437 130845699483456 train.py:227] Step #45942: rate 0.000000, accuracy 89.45%, cross entropy 0.740233
I0305 04:41:26.905766 130845699483456 train.py:227] Step #45943: rate 0.000000, accuracy 94.92%, cross entropy 0.648761
I0305 04:41:29.851651 130845699483456 train.py:227] Step #45944: rate 0.000000, accuracy 86.33%, cross entropy 0.832484
I0305 04:41:32.897563 130845699483456 train.py:227] Step #45945: rate 0.000000, accuracy 96.48%, cross entropy 0.615093
I0305 04:41:35.977566 130845699483456 train.py:227] Step #45946: rate 0.000000, accuracy 87.50%, cross entropy 0.803348
I0305 04:41:38.867125 130845699483456 train.py:227] Step #45947: rate 0.000000, accuracy 82.42%, cross entropy 0.932440
I0305 04:41:41.808978 130845699483456 train.py:227] Step #45948: rate 0.000000, accuracy 88.67%, cross entropy 0.760807
I0305 04:41:44.850618 130845699483456 train.py:227] Step #45949: rate 0.000000, accuracy 89.06%, cross entropy 0.788498
I0305 04:41:48.016988 130845699483456 train.py:227] Step #45950: rate 0.000000, accuracy 89.45%, cross entropy 0.735609
I0305 04:41:51.111404 130845699483456 train.py:227] Step #45951: rate 0.000000, accuracy 81.64%, cross entropy 0.974175
I0305 04:41:54.226535 130845699483456 train.py:227] Step #45952: rate 0.000000, accuracy 95.31%, cross entropy 0.633883
I0305 04:41:57.192508 130845699483456 train.py:227] Step #45953: rate 0.000000, accuracy 93.36%, cross entropy 0.659487
I0305 04:42:00.170253 130845699483456 train.py:227] Step #45954: rate 0.000000, accuracy 82.81%, cross entropy 0.939154
I0305 04:42:03.231353 130845699483456 train.py:227] Step #45955: rate 0.000000, accuracy 93.75%, cross entropy 0.679671
I0305 04:42:06.309618 130845699483456 train.py:227] Step #45956: rate 0.000000, accuracy 94.92%, cross entropy 0.647859
I0305 04:42:09.274213 130845699483456 train.py:227] Step #45957: rate 0.000000, accuracy 89.84%, cross entropy 0.779908
I0305 04:42:12.277498 130845699483456 train.py:227] Step #45958: rate 0.000000, accuracy 95.70%, cross entropy 0.607029
I0305 04:42:15.121988 130845699483456 train.py:227] Step #45959: rate 0.000000, accuracy 94.92%, cross entropy 0.641987
I0305 04:42:18.128072 130845699483456 train.py:227] Step #45960: rate 0.000000, accuracy 87.89%, cross entropy 0.767991
I0305 04:42:21.163164 130845699483456 train.py:227] Step #45961: rate 0.000000, accuracy 92.19%, cross entropy 0.716006
I0305 04:42:24.186932 130845699483456 train.py:227] Step #45962: rate 0.000000, accuracy 93.75%, cross entropy 0.689830
I0305 04:42:27.104557 130845699483456 train.py:227] Step #45963: rate 0.000000, accuracy 88.28%, cross entropy 0.807889
I0305 04:42:30.197553 130845699483456 train.py:227] Step #45964: rate 0.000000, accuracy 81.25%, cross entropy 0.918711
I0305 04:42:33.253392 130845699483456 train.py:227] Step #45965: rate 0.000000, accuracy 89.06%, cross entropy 0.759199
I0305 04:42:36.275063 130845699483456 train.py:227] Step #45966: rate 0.000000, accuracy 93.36%, cross entropy 0.686831
I0305 04:42:39.368178 130845699483456 train.py:227] Step #45967: rate 0.000000, accuracy 83.98%, cross entropy 0.873823
I0305 04:42:42.364239 130845699483456 train.py:227] Step #45968: rate 0.000000, accuracy 90.23%, cross entropy 0.735187
I0305 04:42:45.426757 130845699483456 train.py:227] Step #45969: rate 0.000000, accuracy 92.19%, cross entropy 0.704633
I0305 04:42:48.304176 130845699483456 train.py:227] Step #45970: rate 0.000000, accuracy 87.89%, cross entropy 0.855026
I0305 04:42:51.306293 130845699483456 train.py:227] Step #45971: rate 0.000000, accuracy 93.75%, cross entropy 0.671829
I0305 04:42:54.351091 130845699483456 train.py:227] Step #45972: rate 0.000000, accuracy 87.89%, cross entropy 0.812057
I0305 04:42:57.228726 130845699483456 train.py:227] Step #45973: rate 0.000000, accuracy 74.61%, cross entropy 1.022928
I0305 04:43:00.123238 130845699483456 train.py:227] Step #45974: rate 0.000000, accuracy 76.17%, cross entropy 1.046768
I0305 04:43:03.197567 130845699483456 train.py:227] Step #45975: rate 0.000000, accuracy 82.81%, cross entropy 0.929284
I0305 04:43:06.206658 130845699483456 train.py:227] Step #45976: rate 0.000000, accuracy 92.58%, cross entropy 0.677975
I0305 04:43:09.298375 130845699483456 train.py:227] Step #45977: rate 0.000000, accuracy 92.58%, cross entropy 0.682538
I0305 04:43:12.058526 130845699483456 train.py:227] Step #45978: rate 0.000000, accuracy 89.84%, cross entropy 0.753026
I0305 04:43:15.093046 130845699483456 train.py:227] Step #45979: rate 0.000000, accuracy 95.31%, cross entropy 0.632376
I0305 04:43:17.853199 130845699483456 train.py:227] Step #45980: rate 0.000000, accuracy 92.19%, cross entropy 0.715478
I0305 04:43:20.844125 130845699483456 train.py:227] Step #45981: rate 0.000000, accuracy 92.97%, cross entropy 0.680599
I0305 04:43:23.970495 130845699483456 train.py:227] Step #45982: rate 0.000000, accuracy 94.92%, cross entropy 0.644402
I0305 04:43:27.009050 130845699483456 train.py:227] Step #45983: rate 0.000000, accuracy 88.67%, cross entropy 0.768489
I0305 04:43:30.045583 130845699483456 train.py:227] Step #45984: rate 0.000000, accuracy 85.94%, cross entropy 0.810300
I0305 04:43:32.900173 130845699483456 train.py:227] Step #45985: rate 0.000000, accuracy 96.88%, cross entropy 0.598050
I0305 04:43:35.973155 130845699483456 train.py:227] Step #45986: rate 0.000000, accuracy 97.27%, cross entropy 0.628250
I0305 04:43:38.966017 130845699483456 train.py:227] Step #45987: rate 0.000000, accuracy 93.75%, cross entropy 0.640944
I0305 04:43:41.995875 130845699483456 train.py:227] Step #45988: rate 0.000000, accuracy 78.91%, cross entropy 0.981282
I0305 04:43:44.950186 130845699483456 train.py:227] Step #45989: rate 0.000000, accuracy 92.58%, cross entropy 0.687220
I0305 04:43:47.904430 130845699483456 train.py:227] Step #45990: rate 0.000000, accuracy 75.39%, cross entropy 1.098897
I0305 04:43:50.842075 130845699483456 train.py:227] Step #45991: rate 0.000000, accuracy 96.48%, cross entropy 0.593629
I0305 04:43:53.714202 130845699483456 train.py:227] Step #45992: rate 0.000000, accuracy 88.28%, cross entropy 0.812537
I0305 04:43:56.443888 130845699483456 train.py:227] Step #45993: rate 0.000000, accuracy 93.75%, cross entropy 0.687034
I0305 04:43:59.484813 130845699483456 train.py:227] Step #45994: rate 0.000000, accuracy 96.09%, cross entropy 0.615575
I0305 04:44:02.241209 130845699483456 train.py:227] Step #45995: rate 0.000000, accuracy 93.75%, cross entropy 0.646223
I0305 04:44:05.274919 130845699483456 train.py:227] Step #45996: rate 0.000000, accuracy 92.19%, cross entropy 0.681552
I0305 04:44:08.177325 130845699483456 train.py:227] Step #45997: rate 0.000000, accuracy 74.61%, cross entropy 1.084318
I0305 04:44:11.238973 130845699483456 train.py:227] Step #45998: rate 0.000000, accuracy 92.58%, cross entropy 0.705897
I0305 04:44:14.372119 130845699483456 train.py:227] Step #45999: rate 0.000000, accuracy 95.70%, cross entropy 0.618414
I0305 04:44:17.292451 130845699483456 train.py:227] Step #46000: rate 0.000000, accuracy 88.67%, cross entropy 0.770115
I0305 04:44:20.467384 130845699483456 train.py:227] Step #46001: rate 0.000000, accuracy 92.19%, cross entropy 0.705014
I0305 04:44:23.487225 130845699483456 train.py:227] Step #46002: rate 0.000000, accuracy 94.92%, cross entropy 0.654549
I0305 04:44:26.604392 130845699483456 train.py:227] Step #46003: rate 0.000000, accuracy 92.19%, cross entropy 0.685692
I0305 04:44:29.554598 130845699483456 train.py:227] Step #46004: rate 0.000000, accuracy 78.12%, cross entropy 1.012818
I0305 04:44:32.507563 130845699483456 train.py:227] Step #46005: rate 0.000000, accuracy 93.36%, cross entropy 0.663659
I0305 04:44:35.535140 130845699483456 train.py:227] Step #46006: rate 0.000000, accuracy 94.53%, cross entropy 0.627173
I0305 04:44:38.243605 130845699483456 train.py:227] Step #46007: rate 0.000000, accuracy 97.27%, cross entropy 0.590466
I0305 04:44:41.438306 130845699483456 train.py:227] Step #46008: rate 0.000000, accuracy 92.19%, cross entropy 0.687309
I0305 04:44:44.330656 130845699483456 train.py:227] Step #46009: rate 0.000000, accuracy 88.67%, cross entropy 0.764463
I0305 04:44:47.225530 130845699483456 train.py:227] Step #46010: rate 0.000000, accuracy 87.89%, cross entropy 0.794946
I0305 04:44:49.912039 130845699483456 train.py:227] Step #46011: rate 0.000000, accuracy 93.36%, cross entropy 0.668114
I0305 04:44:52.830710 130845699483456 train.py:227] Step #46012: rate 0.000000, accuracy 80.08%, cross entropy 0.970842
I0305 04:44:55.819501 130845699483456 train.py:227] Step #46013: rate 0.000000, accuracy 96.48%, cross entropy 0.613904
I0305 04:44:58.828317 130845699483456 train.py:227] Step #46014: rate 0.000000, accuracy 90.23%, cross entropy 0.731713
I0305 04:45:01.857588 130845699483456 train.py:227] Step #46015: rate 0.000000, accuracy 94.92%, cross entropy 0.679122
I0305 04:45:04.907786 130845699483456 train.py:227] Step #46016: rate 0.000000, accuracy 91.41%, cross entropy 0.733947
I0305 04:45:07.958954 130845699483456 train.py:227] Step #46017: rate 0.000000, accuracy 90.23%, cross entropy 0.755983
I0305 04:45:10.874506 130845699483456 train.py:227] Step #46018: rate 0.000000, accuracy 95.31%, cross entropy 0.641538
I0305 04:45:13.803099 130845699483456 train.py:227] Step #46019: rate 0.000000, accuracy 83.20%, cross entropy 0.895749
I0305 04:45:16.606278 130845699483456 train.py:227] Step #46020: rate 0.000000, accuracy 93.75%, cross entropy 0.703416
I0305 04:45:19.377954 130845699483456 train.py:227] Step #46021: rate 0.000000, accuracy 82.42%, cross entropy 0.948516
I0305 04:45:22.317039 130845699483456 train.py:227] Step #46022: rate 0.000000, accuracy 92.58%, cross entropy 0.664876
I0305 04:45:25.416809 130845699483456 train.py:227] Step #46023: rate 0.000000, accuracy 87.89%, cross entropy 0.816786
I0305 04:45:28.193605 130845699483456 train.py:227] Step #46024: rate 0.000000, accuracy 95.31%, cross entropy 0.650278
I0305 04:45:31.267060 130845699483456 train.py:227] Step #46025: rate 0.000000, accuracy 94.92%, cross entropy 0.626761
I0305 04:45:34.087603 130845699483456 train.py:227] Step #46026: rate 0.000000, accuracy 91.02%, cross entropy 0.742416
I0305 04:45:37.138188 130845699483456 train.py:227] Step #46027: rate 0.000000, accuracy 92.58%, cross entropy 0.704852
I0305 04:45:40.210094 130845699483456 train.py:227] Step #46028: rate 0.000000, accuracy 87.11%, cross entropy 0.791487
I0305 04:45:43.104358 130845699483456 train.py:227] Step #46029: rate 0.000000, accuracy 91.02%, cross entropy 0.732397
I0305 04:45:45.984130 130845699483456 train.py:227] Step #46030: rate 0.000000, accuracy 77.34%, cross entropy 0.991520
I0305 04:45:48.904826 130845699483456 train.py:227] Step #46031: rate 0.000000, accuracy 94.92%, cross entropy 0.659292
I0305 04:45:51.742609 130845699483456 train.py:227] Step #46032: rate 0.000000, accuracy 96.48%, cross entropy 0.611147
I0305 04:45:54.862827 130845699483456 train.py:227] Step #46033: rate 0.000000, accuracy 89.45%, cross entropy 0.761554
I0305 04:45:57.764797 130845699483456 train.py:227] Step #46034: rate 0.000000, accuracy 91.80%, cross entropy 0.738157
I0305 04:46:00.595638 130845699483456 train.py:227] Step #46035: rate 0.000000, accuracy 87.50%, cross entropy 0.790875
I0305 04:46:03.688974 130845699483456 train.py:227] Step #46036: rate 0.000000, accuracy 88.28%, cross entropy 0.814561
I0305 04:46:06.574443 130845699483456 train.py:227] Step #46037: rate 0.000000, accuracy 92.19%, cross entropy 0.715393
I0305 04:46:09.672553 130845699483456 train.py:227] Step #46038: rate 0.000000, accuracy 96.09%, cross entropy 0.607371
I0305 04:46:12.684424 130845699483456 train.py:227] Step #46039: rate 0.000000, accuracy 95.70%, cross entropy 0.616536
I0305 04:46:15.612835 130845699483456 train.py:227] Step #46040: rate 0.000000, accuracy 83.59%, cross entropy 0.883978
I0305 04:46:18.559021 130845699483456 train.py:227] Step #46041: rate 0.000000, accuracy 89.84%, cross entropy 0.768193
I0305 04:46:21.373695 130845699483456 train.py:227] Step #46042: rate 0.000000, accuracy 91.80%, cross entropy 0.743313
I0305 04:46:24.359233 130845699483456 train.py:227] Step #46043: rate 0.000000, accuracy 87.50%, cross entropy 0.803640
I0305 04:46:27.145000 130845699483456 train.py:227] Step #46044: rate 0.000000, accuracy 86.72%, cross entropy 0.853772
I0305 04:46:30.203492 130845699483456 train.py:227] Step #46045: rate 0.000000, accuracy 92.19%, cross entropy 0.689085
I0305 04:46:33.176647 130845699483456 train.py:227] Step #46046: rate 0.000000, accuracy 88.67%, cross entropy 0.803819
I0305 04:46:36.205335 130845699483456 train.py:227] Step #46047: rate 0.000000, accuracy 92.58%, cross entropy 0.675123
I0305 04:46:39.173589 130845699483456 train.py:227] Step #46048: rate 0.000000, accuracy 91.41%, cross entropy 0.741728
I0305 04:46:42.085481 130845699483456 train.py:227] Step #46049: rate 0.000000, accuracy 78.91%, cross entropy 1.017775
I0305 04:46:45.130248 130845699483456 train.py:227] Step #46050: rate 0.000000, accuracy 90.62%, cross entropy 0.717334
I0305 04:46:47.999958 130845699483456 train.py:227] Step #46051: rate 0.000000, accuracy 92.58%, cross entropy 0.705419
I0305 04:46:50.938349 130845699483456 train.py:227] Step #46052: rate 0.000000, accuracy 90.23%, cross entropy 0.752339
I0305 04:46:53.782088 130845699483456 train.py:227] Step #46053: rate 0.000000, accuracy 88.28%, cross entropy 0.800903
I0305 04:46:56.836603 130845699483456 train.py:227] Step #46054: rate 0.000000, accuracy 89.84%, cross entropy 0.768774
I0305 04:46:59.770581 130845699483456 train.py:227] Step #46055: rate 0.000000, accuracy 97.27%, cross entropy 0.598469
I0305 04:47:02.971493 130845699483456 train.py:227] Step #46056: rate 0.000000, accuracy 89.06%, cross entropy 0.785355
I0305 04:47:06.086776 130845699483456 train.py:227] Step #46057: rate 0.000000, accuracy 75.00%, cross entropy 1.118038
I0305 04:47:09.018867 130845699483456 train.py:227] Step #46058: rate 0.000000, accuracy 95.31%, cross entropy 0.646977
I0305 04:47:11.967809 130845699483456 train.py:227] Step #46059: rate 0.000000, accuracy 89.84%, cross entropy 0.755033
I0305 04:47:15.101982 130845699483456 train.py:227] Step #46060: rate 0.000000, accuracy 95.70%, cross entropy 0.624745
I0305 04:47:18.150045 130845699483456 train.py:227] Step #46061: rate 0.000000, accuracy 91.41%, cross entropy 0.725158
I0305 04:47:21.277304 130845699483456 train.py:227] Step #46062: rate 0.000000, accuracy 86.72%, cross entropy 0.803675
I0305 04:47:24.412044 130845699483456 train.py:227] Step #46063: rate 0.000000, accuracy 85.16%, cross entropy 0.867433
I0305 04:47:27.469294 130845699483456 train.py:227] Step #46064: rate 0.000000, accuracy 67.97%, cross entropy 1.231131
I0305 04:47:30.593660 130845699483456 train.py:227] Step #46065: rate 0.000000, accuracy 98.44%, cross entropy 0.570900
I0305 04:47:33.516211 130845699483456 train.py:227] Step #46066: rate 0.000000, accuracy 94.53%, cross entropy 0.674107
I0305 04:47:36.470839 130845699483456 train.py:227] Step #46067: rate 0.000000, accuracy 93.36%, cross entropy 0.672034
I0305 04:47:39.427746 130845699483456 train.py:227] Step #46068: rate 0.000000, accuracy 92.19%, cross entropy 0.705880
I0305 04:47:42.383923 130845699483456 train.py:227] Step #46069: rate 0.000000, accuracy 95.31%, cross entropy 0.639852
I0305 04:47:45.484951 130845699483456 train.py:227] Step #46070: rate 0.000000, accuracy 96.09%, cross entropy 0.630700
I0305 04:47:48.312076 130845699483456 train.py:227] Step #46071: rate 0.000000, accuracy 91.41%, cross entropy 0.752684
I0305 04:47:51.366165 130845699483456 train.py:227] Step #46072: rate 0.000000, accuracy 86.72%, cross entropy 0.836195
I0305 04:47:54.394097 130845699483456 train.py:227] Step #46073: rate 0.000000, accuracy 94.53%, cross entropy 0.666182
I0305 04:47:57.421044 130845699483456 train.py:227] Step #46074: rate 0.000000, accuracy 89.84%, cross entropy 0.758721
I0305 04:48:00.320774 130845699483456 train.py:227] Step #46075: rate 0.000000, accuracy 91.02%, cross entropy 0.747491
I0305 04:48:03.400544 130845699483456 train.py:227] Step #46076: rate 0.000000, accuracy 91.41%, cross entropy 0.725718
I0305 04:48:06.305351 130845699483456 train.py:227] Step #46077: rate 0.000000, accuracy 96.48%, cross entropy 0.600932
I0305 04:48:09.156086 130845699483456 train.py:227] Step #46078: rate 0.000000, accuracy 58.59%, cross entropy 1.461143
I0305 04:48:12.111826 130845699483456 train.py:227] Step #46079: rate 0.000000, accuracy 83.59%, cross entropy 0.911931
I0305 04:48:15.058968 130845699483456 train.py:227] Step #46080: rate 0.000000, accuracy 91.02%, cross entropy 0.724182
I0305 04:48:41.461025 130845699483456 train.py:280] Step 46080: Validation accuracy = 97.29% (N=4352)
I0305 04:48:41.461366 130845699483456 train.py:290] So far the best validation accuracy is 97.33%
I0305 04:48:44.441547 130845699483456 train.py:227] Step #46081: rate 0.000000, accuracy 96.09%, cross entropy 0.637911
I0305 04:48:47.486478 130845699483456 train.py:227] Step #46082: rate 0.000000, accuracy 82.03%, cross entropy 0.927173
I0305 04:48:50.483053 130845699483456 train.py:227] Step #46083: rate 0.000000, accuracy 96.09%, cross entropy 0.615955
I0305 04:48:53.516115 130845699483456 train.py:227] Step #46084: rate 0.000000, accuracy 91.41%, cross entropy 0.701018
I0305 04:48:56.587378 130845699483456 train.py:227] Step #46085: rate 0.000000, accuracy 91.80%, cross entropy 0.743015
I0305 04:48:59.695726 130845699483456 train.py:227] Step #46086: rate 0.000000, accuracy 96.88%, cross entropy 0.601121
I0305 04:49:02.611124 130845699483456 train.py:227] Step #46087: rate 0.000000, accuracy 89.45%, cross entropy 0.742411
I0305 04:49:05.709721 130845699483456 train.py:227] Step #46088: rate 0.000000, accuracy 95.70%, cross entropy 0.634467
I0305 04:49:08.644104 130845699483456 train.py:227] Step #46089: rate 0.000000, accuracy 98.05%, cross entropy 0.586464
I0305 04:49:11.411824 130845699483456 train.py:227] Step #46090: rate 0.000000, accuracy 90.23%, cross entropy 0.746181
I0305 04:49:14.562987 130845699483456 train.py:227] Step #46091: rate 0.000000, accuracy 87.89%, cross entropy 0.760564
I0305 04:49:17.325546 130845699483456 train.py:227] Step #46092: rate 0.000000, accuracy 96.09%, cross entropy 0.665329
I0305 04:49:20.306771 130845699483456 train.py:227] Step #46093: rate 0.000000, accuracy 94.92%, cross entropy 0.669046
I0305 04:49:23.352146 130845699483456 train.py:227] Step #46094: rate 0.000000, accuracy 96.09%, cross entropy 0.641472
I0305 04:49:26.288519 130845699483456 train.py:227] Step #46095: rate 0.000000, accuracy 78.12%, cross entropy 1.017370
I0305 04:49:29.396064 130845699483456 train.py:227] Step #46096: rate 0.000000, accuracy 97.66%, cross entropy 0.600430
I0305 04:49:32.517479 130845699483456 train.py:227] Step #46097: rate 0.000000, accuracy 94.53%, cross entropy 0.656928
I0305 04:49:35.547473 130845699483456 train.py:227] Step #46098: rate 0.000000, accuracy 89.84%, cross entropy 0.767308
I0305 04:49:38.595068 130845699483456 train.py:227] Step #46099: rate 0.000000, accuracy 82.81%, cross entropy 0.901743
I0305 04:49:41.285685 130845699483456 train.py:227] Step #46100: rate 0.000000, accuracy 96.88%, cross entropy 0.597004
I0305 04:49:44.356154 130845699483456 train.py:227] Step #46101: rate 0.000000, accuracy 94.14%, cross entropy 0.685014
I0305 04:49:47.302733 130845699483456 train.py:227] Step #46102: rate 0.000000, accuracy 96.88%, cross entropy 0.605053
I0305 04:49:50.381317 130845699483456 train.py:227] Step #46103: rate 0.000000, accuracy 87.89%, cross entropy 0.761336
I0305 04:49:53.543493 130845699483456 train.py:227] Step #46104: rate 0.000000, accuracy 91.80%, cross entropy 0.712200
I0305 04:49:56.530894 130845699483456 train.py:227] Step #46105: rate 0.000000, accuracy 97.27%, cross entropy 0.595975
I0305 04:49:59.361372 130845699483456 train.py:227] Step #46106: rate 0.000000, accuracy 87.11%, cross entropy 0.853666
I0305 04:50:02.301075 130845699483456 train.py:227] Step #46107: rate 0.000000, accuracy 87.89%, cross entropy 0.814436
I0305 04:50:05.064064 130845699483456 train.py:227] Step #46108: rate 0.000000, accuracy 91.80%, cross entropy 0.705055
I0305 04:50:08.084030 130845699483456 train.py:227] Step #46109: rate 0.000000, accuracy 96.09%, cross entropy 0.614646
I0305 04:50:10.995699 130845699483456 train.py:227] Step #46110: rate 0.000000, accuracy 92.58%, cross entropy 0.692199
I0305 04:50:13.790889 130845699483456 train.py:227] Step #46111: rate 0.000000, accuracy 90.62%, cross entropy 0.733988
I0305 04:50:16.865085 130845699483456 train.py:227] Step #46112: rate 0.000000, accuracy 96.88%, cross entropy 0.601413
I0305 04:50:19.766793 130845699483456 train.py:227] Step #46113: rate 0.000000, accuracy 90.62%, cross entropy 0.720943
I0305 04:50:22.667118 130845699483456 train.py:227] Step #46114: rate 0.000000, accuracy 90.23%, cross entropy 0.754794
I0305 04:50:25.564707 130845699483456 train.py:227] Step #46115: rate 0.000000, accuracy 91.41%, cross entropy 0.714396
I0305 04:50:28.549399 130845699483456 train.py:227] Step #46116: rate 0.000000, accuracy 87.89%, cross entropy 0.772289
I0305 04:50:31.603121 130845699483456 train.py:227] Step #46117: rate 0.000000, accuracy 80.86%, cross entropy 0.958304
I0305 04:50:34.436030 130845699483456 train.py:227] Step #46118: rate 0.000000, accuracy 89.84%, cross entropy 0.743909
I0305 04:50:37.453861 130845699483456 train.py:227] Step #46119: rate 0.000000, accuracy 91.80%, cross entropy 0.731489
I0305 04:50:40.418297 130845699483456 train.py:227] Step #46120: rate 0.000000, accuracy 89.84%, cross entropy 0.745640
I0305 04:50:43.274397 130845699483456 train.py:227] Step #46121: rate 0.000000, accuracy 88.28%, cross entropy 0.812073
I0305 04:50:46.284374 130845699483456 train.py:227] Step #46122: rate 0.000000, accuracy 77.73%, cross entropy 0.982246
I0305 04:50:49.069540 130845699483456 train.py:227] Step #46123: rate 0.000000, accuracy 89.45%, cross entropy 0.765162
I0305 04:50:52.024903 130845699483456 train.py:227] Step #46124: rate 0.000000, accuracy 94.53%, cross entropy 0.667803
I0305 04:50:54.969069 130845699483456 train.py:227] Step #46125: rate 0.000000, accuracy 94.92%, cross entropy 0.641154
I0305 04:50:57.990096 130845699483456 train.py:227] Step #46126: rate 0.000000, accuracy 92.19%, cross entropy 0.706570
I0305 04:51:01.030222 130845699483456 train.py:227] Step #46127: rate 0.000000, accuracy 97.66%, cross entropy 0.579885
I0305 04:51:03.939502 130845699483456 train.py:227] Step #46128: rate 0.000000, accuracy 95.31%, cross entropy 0.628767
I0305 04:51:06.985699 130845699483456 train.py:227] Step #46129: rate 0.000000, accuracy 78.91%, cross entropy 0.983329
I0305 04:51:09.969790 130845699483456 train.py:227] Step #46130: rate 0.000000, accuracy 83.98%, cross entropy 0.844675
I0305 04:51:12.812020 130845699483456 train.py:227] Step #46131: rate 0.000000, accuracy 85.55%, cross entropy 0.881811
I0305 04:51:15.810212 130845699483456 train.py:227] Step #46132: rate 0.000000, accuracy 89.45%, cross entropy 0.742223
I0305 04:51:18.894370 130845699483456 train.py:227] Step #46133: rate 0.000000, accuracy 87.11%, cross entropy 0.806657
I0305 04:51:21.930669 130845699483456 train.py:227] Step #46134: rate 0.000000, accuracy 89.06%, cross entropy 0.782201
I0305 04:51:24.923020 130845699483456 train.py:227] Step #46135: rate 0.000000, accuracy 93.75%, cross entropy 0.691004
I0305 04:51:28.066913 130845699483456 train.py:227] Step #46136: rate 0.000000, accuracy 96.48%, cross entropy 0.597860
I0305 04:51:31.092041 130845699483456 train.py:227] Step #46137: rate 0.000000, accuracy 97.27%, cross entropy 0.597741
I0305 04:51:34.020646 130845699483456 train.py:227] Step #46138: rate 0.000000, accuracy 92.19%, cross entropy 0.733768
I0305 04:51:37.051369 130845699483456 train.py:227] Step #46139: rate 0.000000, accuracy 83.98%, cross entropy 0.848896
I0305 04:51:39.982192 130845699483456 train.py:227] Step #46140: rate 0.000000, accuracy 93.75%, cross entropy 0.660981
I0305 04:51:42.911145 130845699483456 train.py:227] Step #46141: rate 0.000000, accuracy 80.47%, cross entropy 0.954469
I0305 04:51:46.042930 130845699483456 train.py:227] Step #46142: rate 0.000000, accuracy 91.02%, cross entropy 0.707982
I0305 04:51:48.942133 130845699483456 train.py:227] Step #46143: rate 0.000000, accuracy 93.36%, cross entropy 0.673360
I0305 04:51:51.913579 130845699483456 train.py:227] Step #46144: rate 0.000000, accuracy 92.19%, cross entropy 0.729467
I0305 04:51:54.946774 130845699483456 train.py:227] Step #46145: rate 0.000000, accuracy 94.53%, cross entropy 0.663428
I0305 04:51:57.894014 130845699483456 train.py:227] Step #46146: rate 0.000000, accuracy 93.36%, cross entropy 0.673379
I0305 04:52:00.858215 130845699483456 train.py:227] Step #46147: rate 0.000000, accuracy 92.58%, cross entropy 0.708499
I0305 04:52:03.788382 130845699483456 train.py:227] Step #46148: rate 0.000000, accuracy 84.38%, cross entropy 0.906666
I0305 04:52:06.919914 130845699483456 train.py:227] Step #46149: rate 0.000000, accuracy 96.48%, cross entropy 0.642289
I0305 04:52:09.896267 130845699483456 train.py:227] Step #46150: rate 0.000000, accuracy 84.77%, cross entropy 0.889217
I0305 04:52:12.819380 130845699483456 train.py:227] Step #46151: rate 0.000000, accuracy 98.05%, cross entropy 0.589032
I0305 04:52:15.831637 130845699483456 train.py:227] Step #46152: rate 0.000000, accuracy 89.06%, cross entropy 0.786920
I0305 04:52:18.917256 130845699483456 train.py:227] Step #46153: rate 0.000000, accuracy 83.59%, cross entropy 0.882585
I0305 04:52:22.146444 130845699483456 train.py:227] Step #46154: rate 0.000000, accuracy 95.70%, cross entropy 0.640484
I0305 04:52:24.993422 130845699483456 train.py:227] Step #46155: rate 0.000000, accuracy 87.50%, cross entropy 0.793917
I0305 04:52:27.872056 130845699483456 train.py:227] Step #46156: rate 0.000000, accuracy 84.77%, cross entropy 0.881211
I0305 04:52:30.898606 130845699483456 train.py:227] Step #46157: rate 0.000000, accuracy 86.72%, cross entropy 0.777488
I0305 04:52:33.942611 130845699483456 train.py:227] Step #46158: rate 0.000000, accuracy 83.98%, cross entropy 0.894157
I0305 04:52:36.714775 130845699483456 train.py:227] Step #46159: rate 0.000000, accuracy 96.09%, cross entropy 0.618818
I0305 04:52:39.736562 130845699483456 train.py:227] Step #46160: rate 0.000000, accuracy 97.66%, cross entropy 0.596148
I0305 04:52:42.672375 130845699483456 train.py:227] Step #46161: rate 0.000000, accuracy 93.75%, cross entropy 0.672027
I0305 04:52:45.530152 130845699483456 train.py:227] Step #46162: rate 0.000000, accuracy 96.88%, cross entropy 0.606973
I0305 04:52:48.592284 130845699483456 train.py:227] Step #46163: rate 0.000000, accuracy 92.97%, cross entropy 0.685346
I0305 04:52:51.574536 130845699483456 train.py:227] Step #46164: rate 0.000000, accuracy 86.72%, cross entropy 0.811187
I0305 04:52:54.318154 130845699483456 train.py:227] Step #46165: rate 0.000000, accuracy 94.92%, cross entropy 0.627935
I0305 04:52:57.317326 130845699483456 train.py:227] Step #46166: rate 0.000000, accuracy 92.97%, cross entropy 0.676785
I0305 04:53:00.237370 130845699483456 train.py:227] Step #46167: rate 0.000000, accuracy 91.02%, cross entropy 0.721463
I0305 04:53:03.359230 130845699483456 train.py:227] Step #46168: rate 0.000000, accuracy 89.84%, cross entropy 0.733465
I0305 04:53:06.411036 130845699483456 train.py:227] Step #46169: rate 0.000000, accuracy 88.67%, cross entropy 0.775950
I0305 04:53:09.240753 130845699483456 train.py:227] Step #46170: rate 0.000000, accuracy 93.75%, cross entropy 0.628266
I0305 04:53:12.321672 130845699483456 train.py:227] Step #46171: rate 0.000000, accuracy 87.50%, cross entropy 0.806479
I0305 04:53:15.374035 130845699483456 train.py:227] Step #46172: rate 0.000000, accuracy 90.62%, cross entropy 0.724780
I0305 04:53:18.270908 130845699483456 train.py:227] Step #46173: rate 0.000000, accuracy 92.19%, cross entropy 0.743248
I0305 04:53:21.227540 130845699483456 train.py:227] Step #46174: rate 0.000000, accuracy 92.97%, cross entropy 0.674224
I0305 04:53:24.210964 130845699483456 train.py:227] Step #46175: rate 0.000000, accuracy 91.80%, cross entropy 0.741187
I0305 04:53:27.143514 130845699483456 train.py:227] Step #46176: rate 0.000000, accuracy 76.17%, cross entropy 1.086516
I0305 04:53:30.000710 130845699483456 train.py:227] Step #46177: rate 0.000000, accuracy 96.48%, cross entropy 0.623390
I0305 04:53:32.884860 130845699483456 train.py:227] Step #46178: rate 0.000000, accuracy 92.19%, cross entropy 0.708112
I0305 04:53:35.784348 130845699483456 train.py:227] Step #46179: rate 0.000000, accuracy 96.88%, cross entropy 0.608972
I0305 04:53:38.683516 130845699483456 train.py:227] Step #46180: rate 0.000000, accuracy 85.55%, cross entropy 0.848064
I0305 04:53:41.711644 130845699483456 train.py:227] Step #46181: rate 0.000000, accuracy 88.67%, cross entropy 0.772787
I0305 04:53:44.759603 130845699483456 train.py:227] Step #46182: rate 0.000000, accuracy 81.64%, cross entropy 0.923841
I0305 04:53:47.600458 130845699483456 train.py:227] Step #46183: rate 0.000000, accuracy 78.52%, cross entropy 0.999471
I0305 04:53:50.716325 130845699483456 train.py:227] Step #46184: rate 0.000000, accuracy 97.66%, cross entropy 0.589245
I0305 04:53:53.655966 130845699483456 train.py:227] Step #46185: rate 0.000000, accuracy 96.09%, cross entropy 0.622047
I0305 04:53:56.530122 130845699483456 train.py:227] Step #46186: rate 0.000000, accuracy 86.72%, cross entropy 0.833389
I0305 04:53:59.328625 130845699483456 train.py:227] Step #46187: rate 0.000000, accuracy 86.33%, cross entropy 0.847007
I0305 04:54:02.347039 130845699483456 train.py:227] Step #46188: rate 0.000000, accuracy 91.41%, cross entropy 0.715175
I0305 04:54:05.318516 130845699483456 train.py:227] Step #46189: rate 0.000000, accuracy 95.70%, cross entropy 0.619543
I0305 04:54:08.289942 130845699483456 train.py:227] Step #46190: rate 0.000000, accuracy 93.75%, cross entropy 0.721262
I0305 04:54:11.101561 130845699483456 train.py:227] Step #46191: rate 0.000000, accuracy 93.36%, cross entropy 0.656369
I0305 04:54:14.158032 130845699483456 train.py:227] Step #46192: rate 0.000000, accuracy 89.45%, cross entropy 0.733902
I0305 04:54:17.080710 130845699483456 train.py:227] Step #46193: rate 0.000000, accuracy 96.48%, cross entropy 0.601272
I0305 04:54:19.998272 130845699483456 train.py:227] Step #46194: rate 0.000000, accuracy 95.70%, cross entropy 0.648532
I0305 04:54:22.983187 130845699483456 train.py:227] Step #46195: rate 0.000000, accuracy 89.45%, cross entropy 0.773323
I0305 04:54:25.948774 130845699483456 train.py:227] Step #46196: rate 0.000000, accuracy 86.72%, cross entropy 0.789345
I0305 04:54:28.969791 130845699483456 train.py:227] Step #46197: rate 0.000000, accuracy 76.17%, cross entropy 1.080358
I0305 04:54:32.041070 130845699483456 train.py:227] Step #46198: rate 0.000000, accuracy 94.92%, cross entropy 0.645513
I0305 04:54:34.960553 130845699483456 train.py:227] Step #46199: rate 0.000000, accuracy 85.55%, cross entropy 0.894908
I0305 04:54:37.932670 130845699483456 train.py:227] Step #46200: rate 0.000000, accuracy 86.72%, cross entropy 0.808730
I0305 04:54:41.002907 130845699483456 train.py:227] Step #46201: rate 0.000000, accuracy 91.41%, cross entropy 0.713441
I0305 04:54:43.899894 130845699483456 train.py:227] Step #46202: rate 0.000000, accuracy 87.50%, cross entropy 0.794361
I0305 04:54:46.752796 130845699483456 train.py:227] Step #46203: rate 0.000000, accuracy 90.62%, cross entropy 0.750919
I0305 04:54:49.905923 130845699483456 train.py:227] Step #46204: rate 0.000000, accuracy 61.72%, cross entropy 1.372526
I0305 04:54:53.075298 130845699483456 train.py:227] Step #46205: rate 0.000000, accuracy 85.94%, cross entropy 0.835542
I0305 04:54:56.067996 130845699483456 train.py:227] Step #46206: rate 0.000000, accuracy 94.14%, cross entropy 0.645200
I0305 04:54:59.169459 130845699483456 train.py:227] Step #46207: rate 0.000000, accuracy 95.31%, cross entropy 0.638469
I0305 04:55:02.289863 130845699483456 train.py:227] Step #46208: rate 0.000000, accuracy 83.98%, cross entropy 0.930085
I0305 04:55:05.321005 130845699483456 train.py:227] Step #46209: rate 0.000000, accuracy 86.33%, cross entropy 0.811146
I0305 04:55:08.192945 130845699483456 train.py:227] Step #46210: rate 0.000000, accuracy 90.62%, cross entropy 0.756321
I0305 04:55:11.224468 130845699483456 train.py:227] Step #46211: rate 0.000000, accuracy 96.88%, cross entropy 0.612911
I0305 04:55:14.039507 130845699483456 train.py:227] Step #46212: rate 0.000000, accuracy 87.89%, cross entropy 0.823257
I0305 04:55:17.225893 130845699483456 train.py:227] Step #46213: rate 0.000000, accuracy 93.75%, cross entropy 0.654939
I0305 04:55:20.233619 130845699483456 train.py:227] Step #46214: rate 0.000000, accuracy 98.05%, cross entropy 0.595933
I0305 04:55:23.304690 130845699483456 train.py:227] Step #46215: rate 0.000000, accuracy 87.50%, cross entropy 0.781126
I0305 04:55:26.251678 130845699483456 train.py:227] Step #46216: rate 0.000000, accuracy 91.02%, cross entropy 0.724186
I0305 04:55:29.181256 130845699483456 train.py:227] Step #46217: rate 0.000000, accuracy 81.25%, cross entropy 0.892767
I0305 04:55:32.005362 130845699483456 train.py:227] Step #46218: rate 0.000000, accuracy 91.02%, cross entropy 0.746038
I0305 04:55:35.028659 130845699483456 train.py:227] Step #46219: rate 0.000000, accuracy 93.36%, cross entropy 0.705179
I0305 04:55:37.893394 130845699483456 train.py:227] Step #46220: rate 0.000000, accuracy 87.50%, cross entropy 0.804181
I0305 04:55:40.852887 130845699483456 train.py:227] Step #46221: rate 0.000000, accuracy 89.45%, cross entropy 0.784066
I0305 04:55:43.887088 130845699483456 train.py:227] Step #46222: rate 0.000000, accuracy 91.80%, cross entropy 0.741431
I0305 04:55:46.790405 130845699483456 train.py:227] Step #46223: rate 0.000000, accuracy 96.48%, cross entropy 0.630204
I0305 04:55:49.775375 130845699483456 train.py:227] Step #46224: rate 0.000000, accuracy 90.62%, cross entropy 0.728556
I0305 04:56:15.867538 130845699483456 train.py:280] Step 46224: Validation accuracy = 97.29% (N=4352)
I0305 04:56:15.867958 130845699483456 train.py:290] So far the best validation accuracy is 97.33%
I0305 04:56:18.700967 130845699483456 train.py:227] Step #46225: rate 0.000000, accuracy 76.56%, cross entropy 1.102453
I0305 04:56:21.609996 130845699483456 train.py:227] Step #46226: rate 0.000000, accuracy 97.66%, cross entropy 0.584810
I0305 04:56:24.447644 130845699483456 train.py:227] Step #46227: rate 0.000000, accuracy 91.41%, cross entropy 0.745287
I0305 04:56:27.369961 130845699483456 train.py:227] Step #46228: rate 0.000000, accuracy 82.42%, cross entropy 0.906340
I0305 04:56:30.299311 130845699483456 train.py:227] Step #46229: rate 0.000000, accuracy 81.25%, cross entropy 0.941864
I0305 04:56:33.087365 130845699483456 train.py:227] Step #46230: rate 0.000000, accuracy 75.00%, cross entropy 1.075441
I0305 04:56:36.168596 130845699483456 train.py:227] Step #46231: rate 0.000000, accuracy 91.02%, cross entropy 0.731391
I0305 04:56:39.268249 130845699483456 train.py:227] Step #46232: rate 0.000000, accuracy 96.48%, cross entropy 0.612969
I0305 04:56:42.273601 130845699483456 train.py:227] Step #46233: rate 0.000000, accuracy 86.72%, cross entropy 0.814765
I0305 04:56:45.413466 130845699483456 train.py:227] Step #46234: rate 0.000000, accuracy 93.36%, cross entropy 0.673972
I0305 04:56:48.574774 130845699483456 train.py:227] Step #46235: rate 0.000000, accuracy 88.28%, cross entropy 0.796787
I0305 04:56:51.603575 130845699483456 train.py:227] Step #46236: rate 0.000000, accuracy 92.19%, cross entropy 0.697155
I0305 04:56:54.501908 130845699483456 train.py:227] Step #46237: rate 0.000000, accuracy 93.36%, cross entropy 0.684830
I0305 04:56:57.651016 130845699483456 train.py:227] Step #46238: rate 0.000000, accuracy 83.98%, cross entropy 0.883089
I0305 04:57:00.601657 130845699483456 train.py:227] Step #46239: rate 0.000000, accuracy 92.97%, cross entropy 0.705764
I0305 04:57:03.380383 130845699483456 train.py:227] Step #46240: rate 0.000000, accuracy 84.38%, cross entropy 0.842833
I0305 04:57:06.178004 130845699483456 train.py:227] Step #46241: rate 0.000000, accuracy 87.89%, cross entropy 0.801962
I0305 04:57:09.096173 130845699483456 train.py:227] Step #46242: rate 0.000000, accuracy 96.48%, cross entropy 0.615021
I0305 04:57:12.052054 130845699483456 train.py:227] Step #46243: rate 0.000000, accuracy 87.50%, cross entropy 0.820401
I0305 04:57:15.065783 130845699483456 train.py:227] Step #46244: rate 0.000000, accuracy 89.84%, cross entropy 0.733345
I0305 04:57:18.073246 130845699483456 train.py:227] Step #46245: rate 0.000000, accuracy 93.75%, cross entropy 0.649125
I0305 04:57:21.171009 130845699483456 train.py:227] Step #46246: rate 0.000000, accuracy 94.14%, cross entropy 0.632837
I0305 04:57:24.063037 130845699483456 train.py:227] Step #46247: rate 0.000000, accuracy 67.19%, cross entropy 1.270555
I0305 04:57:27.057832 130845699483456 train.py:227] Step #46248: rate 0.000000, accuracy 89.84%, cross entropy 0.721893
I0305 04:57:29.981498 130845699483456 train.py:227] Step #46249: rate 0.000000, accuracy 87.89%, cross entropy 0.777873
I0305 04:57:32.895897 130845699483456 train.py:227] Step #46250: rate 0.000000, accuracy 95.31%, cross entropy 0.618342
I0305 04:57:35.927204 130845699483456 train.py:227] Step #46251: rate 0.000000, accuracy 89.45%, cross entropy 0.734880
I0305 04:57:38.709525 130845699483456 train.py:227] Step #46252: rate 0.000000, accuracy 92.58%, cross entropy 0.713438
I0305 04:57:41.723927 130845699483456 train.py:227] Step #46253: rate 0.000000, accuracy 91.02%, cross entropy 0.736569
I0305 04:57:44.527685 130845699483456 train.py:227] Step #46254: rate 0.000000, accuracy 91.80%, cross entropy 0.713250
I0305 04:57:47.474372 130845699483456 train.py:227] Step #46255: rate 0.000000, accuracy 89.06%, cross entropy 0.775417
I0305 04:57:50.355338 130845699483456 train.py:227] Step #46256: rate 0.000000, accuracy 98.44%, cross entropy 0.580213
I0305 04:57:53.467311 130845699483456 train.py:227] Step #46257: rate 0.000000, accuracy 90.62%, cross entropy 0.729722
I0305 04:57:56.387959 130845699483456 train.py:227] Step #46258: rate 0.000000, accuracy 80.47%, cross entropy 0.961789
I0305 04:57:59.383194 130845699483456 train.py:227] Step #46259: rate 0.000000, accuracy 87.50%, cross entropy 0.799829
I0305 04:58:02.295192 130845699483456 train.py:227] Step #46260: rate 0.000000, accuracy 95.31%, cross entropy 0.627228
I0305 04:58:05.323596 130845699483456 train.py:227] Step #46261: rate 0.000000, accuracy 88.28%, cross entropy 0.808083
I0305 04:58:08.369729 130845699483456 train.py:227] Step #46262: rate 0.000000, accuracy 94.92%, cross entropy 0.638222
I0305 04:58:11.457384 130845699483456 train.py:227] Step #46263: rate 0.000000, accuracy 69.92%, cross entropy 1.210423
I0305 04:58:14.328187 130845699483456 train.py:227] Step #46264: rate 0.000000, accuracy 87.50%, cross entropy 0.785448
I0305 04:58:17.337443 130845699483456 train.py:227] Step #46265: rate 0.000000, accuracy 82.42%, cross entropy 0.910502
I0305 04:58:20.299844 130845699483456 train.py:227] Step #46266: rate 0.000000, accuracy 94.92%, cross entropy 0.637230
I0305 04:58:23.386235 130845699483456 train.py:227] Step #46267: rate 0.000000, accuracy 89.84%, cross entropy 0.765919
I0305 04:58:26.378375 130845699483456 train.py:227] Step #46268: rate 0.000000, accuracy 96.48%, cross entropy 0.609577
I0305 04:58:29.377959 130845699483456 train.py:227] Step #46269: rate 0.000000, accuracy 96.48%, cross entropy 0.636597
I0305 04:58:32.500519 130845699483456 train.py:227] Step #46270: rate 0.000000, accuracy 94.92%, cross entropy 0.645935
I0305 04:58:35.397711 130845699483456 train.py:227] Step #46271: rate 0.000000, accuracy 96.48%, cross entropy 0.595061
I0305 04:58:38.528964 130845699483456 train.py:227] Step #46272: rate 0.000000, accuracy 94.53%, cross entropy 0.673243
I0305 04:58:41.606071 130845699483456 train.py:227] Step #46273: rate 0.000000, accuracy 93.36%, cross entropy 0.666913
I0305 04:58:44.514857 130845699483456 train.py:227] Step #46274: rate 0.000000, accuracy 87.11%, cross entropy 0.846335
I0305 04:58:47.494876 130845699483456 train.py:227] Step #46275: rate 0.000000, accuracy 92.97%, cross entropy 0.689311
I0305 04:58:50.625889 130845699483456 train.py:227] Step #46276: rate 0.000000, accuracy 92.58%, cross entropy 0.733193
I0305 04:58:53.600533 130845699483456 train.py:227] Step #46277: rate 0.000000, accuracy 84.38%, cross entropy 0.902625
I0305 04:58:56.601490 130845699483456 train.py:227] Step #46278: rate 0.000000, accuracy 93.75%, cross entropy 0.640559
I0305 04:58:59.304430 130845699483456 train.py:227] Step #46279: rate 0.000000, accuracy 91.02%, cross entropy 0.718261
I0305 04:59:02.002110 130845699483456 train.py:227] Step #46280: rate 0.000000, accuracy 93.75%, cross entropy 0.661940
I0305 04:59:04.733676 130845699483456 train.py:227] Step #46281: rate 0.000000, accuracy 88.67%, cross entropy 0.744576
I0305 04:59:07.399315 130845699483456 train.py:227] Step #46282: rate 0.000000, accuracy 89.84%, cross entropy 0.757141
I0305 04:59:10.128102 130845699483456 train.py:227] Step #46283: rate 0.000000, accuracy 95.31%, cross entropy 0.649847
I0305 04:59:13.211039 130845699483456 train.py:227] Step #46284: rate 0.000000, accuracy 93.36%, cross entropy 0.669935
I0305 04:59:16.040694 130845699483456 train.py:227] Step #46285: rate 0.000000, accuracy 91.02%, cross entropy 0.737656
I0305 04:59:19.140761 130845699483456 train.py:227] Step #46286: rate 0.000000, accuracy 95.31%, cross entropy 0.646761
I0305 04:59:22.115677 130845699483456 train.py:227] Step #46287: rate 0.000000, accuracy 92.19%, cross entropy 0.700100
I0305 04:59:25.304442 130845699483456 train.py:227] Step #46288: rate 0.000000, accuracy 94.53%, cross entropy 0.674728
I0305 04:59:28.006339 130845699483456 train.py:227] Step #46289: rate 0.000000, accuracy 98.05%, cross entropy 0.592131
I0305 04:59:30.862057 130845699483456 train.py:227] Step #46290: rate 0.000000, accuracy 84.77%, cross entropy 0.865535
I0305 04:59:33.866740 130845699483456 train.py:227] Step #46291: rate 0.000000, accuracy 88.67%, cross entropy 0.786412
I0305 04:59:36.890304 130845699483456 train.py:227] Step #46292: rate 0.000000, accuracy 89.06%, cross entropy 0.781511
I0305 04:59:40.092863 130845699483456 train.py:227] Step #46293: rate 0.000000, accuracy 96.09%, cross entropy 0.633986
I0305 04:59:43.024212 130845699483456 train.py:227] Step #46294: rate 0.000000, accuracy 96.09%, cross entropy 0.627333
I0305 04:59:46.110174 130845699483456 train.py:227] Step #46295: rate 0.000000, accuracy 87.50%, cross entropy 0.768131
I0305 04:59:49.163357 130845699483456 train.py:227] Step #46296: rate 0.000000, accuracy 96.09%, cross entropy 0.631135
I0305 04:59:52.047931 130845699483456 train.py:227] Step #46297: rate 0.000000, accuracy 94.14%, cross entropy 0.655653
I0305 04:59:54.966547 130845699483456 train.py:227] Step #46298: rate 0.000000, accuracy 76.17%, cross entropy 0.962056
I0305 04:59:57.745834 130845699483456 train.py:227] Step #46299: rate 0.000000, accuracy 91.02%, cross entropy 0.727873
I0305 05:00:00.701141 130845699483456 train.py:227] Step #46300: rate 0.000000, accuracy 70.70%, cross entropy 1.188159
I0305 05:00:03.729472 130845699483456 train.py:227] Step #46301: rate 0.000000, accuracy 92.19%, cross entropy 0.710896
I0305 05:00:06.860428 130845699483456 train.py:227] Step #46302: rate 0.000000, accuracy 90.23%, cross entropy 0.730588
I0305 05:00:09.863126 130845699483456 train.py:227] Step #46303: rate 0.000000, accuracy 89.84%, cross entropy 0.760554
I0305 05:00:12.869874 130845699483456 train.py:227] Step #46304: rate 0.000000, accuracy 91.80%, cross entropy 0.702810
I0305 05:00:15.984138 130845699483456 train.py:227] Step #46305: rate 0.000000, accuracy 93.36%, cross entropy 0.634857
I0305 05:00:18.930395 130845699483456 train.py:227] Step #46306: rate 0.000000, accuracy 92.97%, cross entropy 0.685946
I0305 05:00:21.765935 130845699483456 train.py:227] Step #46307: rate 0.000000, accuracy 90.62%, cross entropy 0.737932
I0305 05:00:24.650649 130845699483456 train.py:227] Step #46308: rate 0.000000, accuracy 81.25%, cross entropy 0.956487
I0305 05:00:27.566802 130845699483456 train.py:227] Step #46309: rate 0.000000, accuracy 93.36%, cross entropy 0.699906
I0305 05:00:30.561541 130845699483456 train.py:227] Step #46310: rate 0.000000, accuracy 93.75%, cross entropy 0.685507
I0305 05:00:33.642826 130845699483456 train.py:227] Step #46311: rate 0.000000, accuracy 89.84%, cross entropy 0.749144
I0305 05:00:36.842849 130845699483456 train.py:227] Step #46312: rate 0.000000, accuracy 95.31%, cross entropy 0.680953
I0305 05:00:39.879392 130845699483456 train.py:227] Step #46313: rate 0.000000, accuracy 75.39%, cross entropy 1.024307
I0305 05:00:42.694152 130845699483456 train.py:227] Step #46314: rate 0.000000, accuracy 98.05%, cross entropy 0.588308
I0305 05:00:45.772672 130845699483456 train.py:227] Step #46315: rate 0.000000, accuracy 85.55%, cross entropy 0.876859
I0305 05:00:48.810438 130845699483456 train.py:227] Step #46316: rate 0.000000, accuracy 90.23%, cross entropy 0.736982
I0305 05:00:51.758490 130845699483456 train.py:227] Step #46317: rate 0.000000, accuracy 91.02%, cross entropy 0.761815
I0305 05:00:54.740601 130845699483456 train.py:227] Step #46318: rate 0.000000, accuracy 90.23%, cross entropy 0.738723
I0305 05:00:57.695991 130845699483456 train.py:227] Step #46319: rate 0.000000, accuracy 85.94%, cross entropy 0.880165
I0305 05:01:00.776479 130845699483456 train.py:227] Step #46320: rate 0.000000, accuracy 93.75%, cross entropy 0.662097
I0305 05:01:03.696606 130845699483456 train.py:227] Step #46321: rate 0.000000, accuracy 89.06%, cross entropy 0.752193
I0305 05:01:06.805522 130845699483456 train.py:227] Step #46322: rate 0.000000, accuracy 91.41%, cross entropy 0.741683
I0305 05:01:09.929878 130845699483456 train.py:227] Step #46323: rate 0.000000, accuracy 85.16%, cross entropy 0.853585
I0305 05:01:12.953030 130845699483456 train.py:227] Step #46324: rate 0.000000, accuracy 71.48%, cross entropy 1.213603
I0305 05:01:15.917714 130845699483456 train.py:227] Step #46325: rate 0.000000, accuracy 92.19%, cross entropy 0.679258
I0305 05:01:18.644076 130845699483456 train.py:227] Step #46326: rate 0.000000, accuracy 96.09%, cross entropy 0.607004
I0305 05:01:21.706026 130845699483456 train.py:227] Step #46327: rate 0.000000, accuracy 61.33%, cross entropy 1.392643
I0305 05:01:24.470876 130845699483456 train.py:227] Step #46328: rate 0.000000, accuracy 91.41%, cross entropy 0.713967
I0305 05:01:27.355108 130845699483456 train.py:227] Step #46329: rate 0.000000, accuracy 77.34%, cross entropy 1.042489
I0305 05:01:30.332554 130845699483456 train.py:227] Step #46330: rate 0.000000, accuracy 92.19%, cross entropy 0.701194
I0305 05:01:33.236725 130845699483456 train.py:227] Step #46331: rate 0.000000, accuracy 90.62%, cross entropy 0.727939
I0305 05:01:36.181324 130845699483456 train.py:227] Step #46332: rate 0.000000, accuracy 96.48%, cross entropy 0.602891
I0305 05:01:39.205811 130845699483456 train.py:227] Step #46333: rate 0.000000, accuracy 85.16%, cross entropy 0.862211
I0305 05:01:42.023794 130845699483456 train.py:227] Step #46334: rate 0.000000, accuracy 87.50%, cross entropy 0.850687
I0305 05:01:44.956693 130845699483456 train.py:227] Step #46335: rate 0.000000, accuracy 92.19%, cross entropy 0.728269
I0305 05:01:47.817950 130845699483456 train.py:227] Step #46336: rate 0.000000, accuracy 73.83%, cross entropy 1.075457
I0305 05:01:50.695288 130845699483456 train.py:227] Step #46337: rate 0.000000, accuracy 76.95%, cross entropy 1.039500
I0305 05:01:53.663391 130845699483456 train.py:227] Step #46338: rate 0.000000, accuracy 88.28%, cross entropy 0.731887
I0305 05:01:56.695112 130845699483456 train.py:227] Step #46339: rate 0.000000, accuracy 95.70%, cross entropy 0.664710
I0305 05:01:59.792717 130845699483456 train.py:227] Step #46340: rate 0.000000, accuracy 94.14%, cross entropy 0.654681
I0305 05:02:02.800218 130845699483456 train.py:227] Step #46341: rate 0.000000, accuracy 87.89%, cross entropy 0.808471
I0305 05:02:05.691688 130845699483456 train.py:227] Step #46342: rate 0.000000, accuracy 82.03%, cross entropy 0.930676
I0305 05:02:08.694660 130845699483456 train.py:227] Step #46343: rate 0.000000, accuracy 94.53%, cross entropy 0.664050
I0305 05:02:11.646866 130845699483456 train.py:227] Step #46344: rate 0.000000, accuracy 89.06%, cross entropy 0.773082
I0305 05:02:14.497363 130845699483456 train.py:227] Step #46345: rate 0.000000, accuracy 94.53%, cross entropy 0.634976
I0305 05:02:17.493697 130845699483456 train.py:227] Step #46346: rate 0.000000, accuracy 95.70%, cross entropy 0.637574
I0305 05:02:20.382056 130845699483456 train.py:227] Step #46347: rate 0.000000, accuracy 95.70%, cross entropy 0.636536
I0305 05:02:23.491086 130845699483456 train.py:227] Step #46348: rate 0.000000, accuracy 85.94%, cross entropy 0.837131
I0305 05:02:26.484876 130845699483456 train.py:227] Step #46349: rate 0.000000, accuracy 80.47%, cross entropy 0.949384
I0305 05:02:29.679090 130845699483456 train.py:227] Step #46350: rate 0.000000, accuracy 80.47%, cross entropy 0.988766
I0305 05:02:32.601123 130845699483456 train.py:227] Step #46351: rate 0.000000, accuracy 92.19%, cross entropy 0.703750
I0305 05:02:35.602798 130845699483456 train.py:227] Step #46352: rate 0.000000, accuracy 85.94%, cross entropy 0.826339
I0305 05:02:38.440437 130845699483456 train.py:227] Step #46353: rate 0.000000, accuracy 96.48%, cross entropy 0.590178
I0305 05:02:41.190470 130845699483456 train.py:227] Step #46354: rate 0.000000, accuracy 86.33%, cross entropy 0.830551
I0305 05:02:44.253336 130845699483456 train.py:227] Step #46355: rate 0.000000, accuracy 94.14%, cross entropy 0.656727
I0305 05:02:47.406315 130845699483456 train.py:227] Step #46356: rate 0.000000, accuracy 95.31%, cross entropy 0.630236
I0305 05:02:50.449385 130845699483456 train.py:227] Step #46357: rate 0.000000, accuracy 82.03%, cross entropy 0.918619
I0305 05:02:53.488405 130845699483456 train.py:227] Step #46358: rate 0.000000, accuracy 91.41%, cross entropy 0.729238
I0305 05:02:56.395556 130845699483456 train.py:227] Step #46359: rate 0.000000, accuracy 91.80%, cross entropy 0.722753
I0305 05:02:59.420150 130845699483456 train.py:227] Step #46360: rate 0.000000, accuracy 96.48%, cross entropy 0.609092
I0305 05:03:02.551985 130845699483456 train.py:227] Step #46361: rate 0.000000, accuracy 90.23%, cross entropy 0.736657
I0305 05:03:05.620564 130845699483456 train.py:227] Step #46362: rate 0.000000, accuracy 96.48%, cross entropy 0.604746
I0305 05:03:08.556029 130845699483456 train.py:227] Step #46363: rate 0.000000, accuracy 95.70%, cross entropy 0.604029
I0305 05:03:11.583795 130845699483456 train.py:227] Step #46364: rate 0.000000, accuracy 95.70%, cross entropy 0.632581
I0305 05:03:14.668205 130845699483456 train.py:227] Step #46365: rate 0.000000, accuracy 86.72%, cross entropy 0.824131
I0305 05:03:17.722265 130845699483456 train.py:227] Step #46366: rate 0.000000, accuracy 93.75%, cross entropy 0.683047
I0305 05:03:20.627626 130845699483456 train.py:227] Step #46367: rate 0.000000, accuracy 92.58%, cross entropy 0.699121
I0305 05:03:23.578233 130845699483456 train.py:227] Step #46368: rate 0.000000, accuracy 88.28%, cross entropy 0.832889
I0305 05:03:49.753969 130845699483456 train.py:280] Step 46368: Validation accuracy = 97.29% (N=4352)
I0305 05:03:49.755534 130845699483456 train.py:290] So far the best validation accuracy is 97.33%
I0305 05:03:52.820281 130845699483456 train.py:227] Step #46369: rate 0.000000, accuracy 96.88%, cross entropy 0.610913
I0305 05:03:55.622313 130845699483456 train.py:227] Step #46370: rate 0.000000, accuracy 93.36%, cross entropy 0.678631
I0305 05:03:58.662256 130845699483456 train.py:227] Step #46371: rate 0.000000, accuracy 91.80%, cross entropy 0.696903
I0305 05:04:01.787703 130845699483456 train.py:227] Step #46372: rate 0.000000, accuracy 92.19%, cross entropy 0.673910
I0305 05:04:04.866761 130845699483456 train.py:227] Step #46373: rate 0.000000, accuracy 98.05%, cross entropy 0.578106
I0305 05:04:07.725481 130845699483456 train.py:227] Step #46374: rate 0.000000, accuracy 96.48%, cross entropy 0.622512
I0305 05:04:10.693186 130845699483456 train.py:227] Step #46375: rate 0.000000, accuracy 88.67%, cross entropy 0.806770
I0305 05:04:13.653842 130845699483456 train.py:227] Step #46376: rate 0.000000, accuracy 91.80%, cross entropy 0.698589
I0305 05:04:16.587735 130845699483456 train.py:227] Step #46377: rate 0.000000, accuracy 81.64%, cross entropy 0.956732
I0305 05:04:19.400018 130845699483456 train.py:227] Step #46378: rate 0.000000, accuracy 91.80%, cross entropy 0.724820
I0305 05:04:22.360686 130845699483456 train.py:227] Step #46379: rate 0.000000, accuracy 93.36%, cross entropy 0.690157
I0305 05:04:25.264086 130845699483456 train.py:227] Step #46380: rate 0.000000, accuracy 96.48%, cross entropy 0.608744
I0305 05:04:29.390259 130845699483456 train.py:227] Step #46381: rate 0.000000, accuracy 76.95%, cross entropy 1.034245
I0305 05:04:32.448915 130845699483456 train.py:227] Step #46382: rate 0.000000, accuracy 96.48%, cross entropy 0.624018
I0305 05:04:35.562855 130845699483456 train.py:227] Step #46383: rate 0.000000, accuracy 94.92%, cross entropy 0.641701
I0305 05:04:38.733112 130845699483456 train.py:227] Step #46384: rate 0.000000, accuracy 96.09%, cross entropy 0.631628
I0305 05:04:41.769800 130845699483456 train.py:227] Step #46385: rate 0.000000, accuracy 96.88%, cross entropy 0.606544
I0305 05:04:44.710363 130845699483456 train.py:227] Step #46386: rate 0.000000, accuracy 94.53%, cross entropy 0.650193
I0305 05:04:47.801911 130845699483456 train.py:227] Step #46387: rate 0.000000, accuracy 95.70%, cross entropy 0.607415
I0305 05:04:50.870300 130845699483456 train.py:227] Step #46388: rate 0.000000, accuracy 87.89%, cross entropy 0.785160
I0305 05:04:53.957269 130845699483456 train.py:227] Step #46389: rate 0.000000, accuracy 90.23%, cross entropy 0.747847
I0305 05:04:56.788102 130845699483456 train.py:227] Step #46390: rate 0.000000, accuracy 92.58%, cross entropy 0.707621
I0305 05:04:59.752514 130845699483456 train.py:227] Step #46391: rate 0.000000, accuracy 94.53%, cross entropy 0.640359
I0305 05:05:02.721503 130845699483456 train.py:227] Step #46392: rate 0.000000, accuracy 96.48%, cross entropy 0.620834
I0305 05:05:05.804167 130845699483456 train.py:227] Step #46393: rate 0.000000, accuracy 97.27%, cross entropy 0.589186
I0305 05:05:08.532173 130845699483456 train.py:227] Step #46394: rate 0.000000, accuracy 96.09%, cross entropy 0.632979
I0305 05:05:11.523870 130845699483456 train.py:227] Step #46395: rate 0.000000, accuracy 96.48%, cross entropy 0.606873
I0305 05:05:14.437844 130845699483456 train.py:227] Step #46396: rate 0.000000, accuracy 86.72%, cross entropy 0.836053
I0305 05:05:17.305873 130845699483456 train.py:227] Step #46397: rate 0.000000, accuracy 91.41%, cross entropy 0.711702
I0305 05:05:20.024611 130845699483456 train.py:227] Step #46398: rate 0.000000, accuracy 94.14%, cross entropy 0.677724
I0305 05:05:23.119272 130845699483456 train.py:227] Step #46399: rate 0.000000, accuracy 86.33%, cross entropy 0.847188
I0305 05:05:26.041824 130845699483456 train.py:227] Step #46400: rate 0.000000, accuracy 98.05%, cross entropy 0.593802
I0305 05:05:28.979572 130845699483456 train.py:227] Step #46401: rate 0.000000, accuracy 96.88%, cross entropy 0.603897
I0305 05:05:32.062666 130845699483456 train.py:227] Step #46402: rate 0.000000, accuracy 94.92%, cross entropy 0.643354
I0305 05:05:35.002686 130845699483456 train.py:227] Step #46403: rate 0.000000, accuracy 80.47%, cross entropy 0.984488
I0305 05:05:38.079605 130845699483456 train.py:227] Step #46404: rate 0.000000, accuracy 86.72%, cross entropy 0.833505
I0305 05:05:40.926100 130845699483456 train.py:227] Step #46405: rate 0.000000, accuracy 91.02%, cross entropy 0.743553
I0305 05:05:43.796100 130845699483456 train.py:227] Step #46406: rate 0.000000, accuracy 93.36%, cross entropy 0.691741
I0305 05:05:46.758389 130845699483456 train.py:227] Step #46407: rate 0.000000, accuracy 94.92%, cross entropy 0.651884
I0305 05:05:49.713464 130845699483456 train.py:227] Step #46408: rate 0.000000, accuracy 78.91%, cross entropy 1.071722
I0305 05:05:52.549130 130845699483456 train.py:227] Step #46409: rate 0.000000, accuracy 95.31%, cross entropy 0.656491
I0305 05:05:55.643725 130845699483456 train.py:227] Step #46410: rate 0.000000, accuracy 87.11%, cross entropy 0.818326
I0305 05:05:58.674827 130845699483456 train.py:227] Step #46411: rate 0.000000, accuracy 86.72%, cross entropy 0.817687
I0305 05:06:01.407315 130845699483456 train.py:227] Step #46412: rate 0.000000, accuracy 80.08%, cross entropy 1.001257
I0305 05:06:04.184779 130845699483456 train.py:227] Step #46413: rate 0.000000, accuracy 86.72%, cross entropy 0.824223
I0305 05:06:07.148956 130845699483456 train.py:227] Step #46414: rate 0.000000, accuracy 74.61%, cross entropy 1.092253
I0305 05:06:10.213581 130845699483456 train.py:227] Step #46415: rate 0.000000, accuracy 93.75%, cross entropy 0.680040
I0305 05:06:13.087960 130845699483456 train.py:227] Step #46416: rate 0.000000, accuracy 84.77%, cross entropy 0.848863
I0305 05:06:16.075484 130845699483456 train.py:227] Step #46417: rate 0.000000, accuracy 95.70%, cross entropy 0.627790
I0305 05:06:18.808811 130845699483456 train.py:227] Step #46418: rate 0.000000, accuracy 96.48%, cross entropy 0.611117
I0305 05:06:21.694438 130845699483456 train.py:227] Step #46419: rate 0.000000, accuracy 96.48%, cross entropy 0.594410
I0305 05:06:24.830479 130845699483456 train.py:227] Step #46420: rate 0.000000, accuracy 88.67%, cross entropy 0.790611
I0305 05:06:27.700658 130845699483456 train.py:227] Step #46421: rate 0.000000, accuracy 96.09%, cross entropy 0.634124
I0305 05:06:30.633321 130845699483456 train.py:227] Step #46422: rate 0.000000, accuracy 92.19%, cross entropy 0.711387
I0305 05:06:33.330848 130845699483456 train.py:227] Step #46423: rate 0.000000, accuracy 80.47%, cross entropy 0.943224
I0305 05:06:36.098935 130845699483456 train.py:227] Step #46424: rate 0.000000, accuracy 86.33%, cross entropy 0.816018
I0305 05:06:38.969662 130845699483456 train.py:227] Step #46425: rate 0.000000, accuracy 94.92%, cross entropy 0.641679
I0305 05:06:41.989408 130845699483456 train.py:227] Step #46426: rate 0.000000, accuracy 91.80%, cross entropy 0.696672
I0305 05:06:45.049057 130845699483456 train.py:227] Step #46427: rate 0.000000, accuracy 94.92%, cross entropy 0.658984
I0305 05:06:47.930832 130845699483456 train.py:227] Step #46428: rate 0.000000, accuracy 90.62%, cross entropy 0.752195
I0305 05:06:50.821726 130845699483456 train.py:227] Step #46429: rate 0.000000, accuracy 96.48%, cross entropy 0.616836
I0305 05:06:53.782651 130845699483456 train.py:227] Step #46430: rate 0.000000, accuracy 90.62%, cross entropy 0.724541
I0305 05:06:56.779334 130845699483456 train.py:227] Step #46431: rate 0.000000, accuracy 80.08%, cross entropy 0.947007
I0305 05:06:59.792071 130845699483456 train.py:227] Step #46432: rate 0.000000, accuracy 91.41%, cross entropy 0.722523
I0305 05:07:02.689341 130845699483456 train.py:227] Step #46433: rate 0.000000, accuracy 83.20%, cross entropy 0.896257
I0305 05:07:05.578572 130845699483456 train.py:227] Step #46434: rate 0.000000, accuracy 91.02%, cross entropy 0.742519
I0305 05:07:08.490135 130845699483456 train.py:227] Step #46435: rate 0.000000, accuracy 94.92%, cross entropy 0.647742
I0305 05:07:11.328989 130845699483456 train.py:227] Step #46436: rate 0.000000, accuracy 92.58%, cross entropy 0.720611
I0305 05:07:14.268089 130845699483456 train.py:227] Step #46437: rate 0.000000, accuracy 88.28%, cross entropy 0.794562
I0305 05:07:17.177252 130845699483456 train.py:227] Step #46438: rate 0.000000, accuracy 80.08%, cross entropy 0.984150
I0305 05:07:20.097537 130845699483456 train.py:227] Step #46439: rate 0.000000, accuracy 95.31%, cross entropy 0.628166
I0305 05:07:23.112448 130845699483456 train.py:227] Step #46440: rate 0.000000, accuracy 78.91%, cross entropy 1.024810
I0305 05:07:26.000684 130845699483456 train.py:227] Step #46441: rate 0.000000, accuracy 96.88%, cross entropy 0.585373
I0305 05:07:28.793218 130845699483456 train.py:227] Step #46442: rate 0.000000, accuracy 92.19%, cross entropy 0.694763
I0305 05:07:31.946945 130845699483456 train.py:227] Step #46443: rate 0.000000, accuracy 92.19%, cross entropy 0.717199
I0305 05:07:34.968384 130845699483456 train.py:227] Step #46444: rate 0.000000, accuracy 91.41%, cross entropy 0.722887
I0305 05:07:37.937984 130845699483456 train.py:227] Step #46445: rate 0.000000, accuracy 89.45%, cross entropy 0.757540
I0305 05:07:40.719308 130845699483456 train.py:227] Step #46446: rate 0.000000, accuracy 96.09%, cross entropy 0.633560
I0305 05:07:43.712500 130845699483456 train.py:227] Step #46447: rate 0.000000, accuracy 93.75%, cross entropy 0.655417
I0305 05:07:46.573950 130845699483456 train.py:227] Step #46448: rate 0.000000, accuracy 85.55%, cross entropy 0.845257
I0305 05:07:49.485658 130845699483456 train.py:227] Step #46449: rate 0.000000, accuracy 93.36%, cross entropy 0.673626
I0305 05:07:52.569541 130845699483456 train.py:227] Step #46450: rate 0.000000, accuracy 89.06%, cross entropy 0.792431
I0305 05:07:55.640645 130845699483456 train.py:227] Step #46451: rate 0.000000, accuracy 91.80%, cross entropy 0.709011
I0305 05:07:58.634885 130845699483456 train.py:227] Step #46452: rate 0.000000, accuracy 96.88%, cross entropy 0.587301
I0305 05:08:01.520139 130845699483456 train.py:227] Step #46453: rate 0.000000, accuracy 91.80%, cross entropy 0.724505
I0305 05:08:04.599191 130845699483456 train.py:227] Step #46454: rate 0.000000, accuracy 96.88%, cross entropy 0.586734
I0305 05:08:07.551138 130845699483456 train.py:227] Step #46455: rate 0.000000, accuracy 87.11%, cross entropy 0.802352
I0305 05:08:10.405878 130845699483456 train.py:227] Step #46456: rate 0.000000, accuracy 69.14%, cross entropy 1.216549
I0305 05:08:13.188211 130845699483456 train.py:227] Step #46457: rate 0.000000, accuracy 86.72%, cross entropy 0.831625
I0305 05:08:16.025912 130845699483456 train.py:227] Step #46458: rate 0.000000, accuracy 89.45%, cross entropy 0.746270
I0305 05:08:19.022386 130845699483456 train.py:227] Step #46459: rate 0.000000, accuracy 98.44%, cross entropy 0.577879
I0305 05:08:21.847214 130845699483456 train.py:227] Step #46460: rate 0.000000, accuracy 97.27%, cross entropy 0.590702
I0305 05:08:24.852316 130845699483456 train.py:227] Step #46461: rate 0.000000, accuracy 96.09%, cross entropy 0.615854
I0305 05:08:27.815958 130845699483456 train.py:227] Step #46462: rate 0.000000, accuracy 86.33%, cross entropy 0.791579
I0305 05:08:30.940879 130845699483456 train.py:227] Step #46463: rate 0.000000, accuracy 89.06%, cross entropy 0.773744
I0305 05:08:33.961546 130845699483456 train.py:227] Step #46464: rate 0.000000, accuracy 92.19%, cross entropy 0.720012
I0305 05:08:36.666007 130845699483456 train.py:227] Step #46465: rate 0.000000, accuracy 94.92%, cross entropy 0.659308
I0305 05:08:39.847832 130845699483456 train.py:227] Step #46466: rate 0.000000, accuracy 94.14%, cross entropy 0.659712
I0305 05:08:42.870362 130845699483456 train.py:227] Step #46467: rate 0.000000, accuracy 93.36%, cross entropy 0.692219
I0305 05:08:45.860351 130845699483456 train.py:227] Step #46468: rate 0.000000, accuracy 96.09%, cross entropy 0.616557
I0305 05:08:48.671653 130845699483456 train.py:227] Step #46469: rate 0.000000, accuracy 91.80%, cross entropy 0.712144
I0305 05:08:51.649171 130845699483456 train.py:227] Step #46470: rate 0.000000, accuracy 87.89%, cross entropy 0.816178
I0305 05:08:54.727842 130845699483456 train.py:227] Step #46471: rate 0.000000, accuracy 78.12%, cross entropy 1.041784
I0305 05:08:57.658221 130845699483456 train.py:227] Step #46472: rate 0.000000, accuracy 96.48%, cross entropy 0.598136
I0305 05:09:00.531108 130845699483456 train.py:227] Step #46473: rate 0.000000, accuracy 97.27%, cross entropy 0.596651
I0305 05:09:03.292510 130845699483456 train.py:227] Step #46474: rate 0.000000, accuracy 83.98%, cross entropy 0.887619
I0305 05:09:06.324919 130845699483456 train.py:227] Step #46475: rate 0.000000, accuracy 95.70%, cross entropy 0.652376
I0305 05:09:09.229221 130845699483456 train.py:227] Step #46476: rate 0.000000, accuracy 87.11%, cross entropy 0.775681
I0305 05:09:12.017325 130845699483456 train.py:227] Step #46477: rate 0.000000, accuracy 92.58%, cross entropy 0.679753
I0305 05:09:14.947665 130845699483456 train.py:227] Step #46478: rate 0.000000, accuracy 96.48%, cross entropy 0.610214
I0305 05:09:17.738539 130845699483456 train.py:227] Step #46479: rate 0.000000, accuracy 90.62%, cross entropy 0.745998
I0305 05:09:20.661673 130845699483456 train.py:227] Step #46480: rate 0.000000, accuracy 94.92%, cross entropy 0.621338
I0305 05:09:23.677295 130845699483456 train.py:227] Step #46481: rate 0.000000, accuracy 88.28%, cross entropy 0.749197
I0305 05:09:26.435063 130845699483456 train.py:227] Step #46482: rate 0.000000, accuracy 83.98%, cross entropy 0.897172
I0305 05:09:29.354187 130845699483456 train.py:227] Step #46483: rate 0.000000, accuracy 97.27%, cross entropy 0.616383
I0305 05:09:32.249566 130845699483456 train.py:227] Step #46484: rate 0.000000, accuracy 86.33%, cross entropy 0.812948
I0305 05:09:35.202168 130845699483456 train.py:227] Step #46485: rate 0.000000, accuracy 94.14%, cross entropy 0.639360
I0305 05:09:37.999910 130845699483456 train.py:227] Step #46486: rate 0.000000, accuracy 91.80%, cross entropy 0.693758
I0305 05:09:41.012982 130845699483456 train.py:227] Step #46487: rate 0.000000, accuracy 90.62%, cross entropy 0.712952
I0305 05:09:44.013085 130845699483456 train.py:227] Step #46488: rate 0.000000, accuracy 92.58%, cross entropy 0.671628
I0305 05:09:46.981032 130845699483456 train.py:227] Step #46489: rate 0.000000, accuracy 91.80%, cross entropy 0.720448
I0305 05:09:50.117216 130845699483456 train.py:227] Step #46490: rate 0.000000, accuracy 87.50%, cross entropy 0.852823
I0305 05:09:52.994518 130845699483456 train.py:227] Step #46491: rate 0.000000, accuracy 97.27%, cross entropy 0.612734
I0305 05:09:56.120696 130845699483456 train.py:227] Step #46492: rate 0.000000, accuracy 94.53%, cross entropy 0.654959
I0305 05:09:58.955385 130845699483456 train.py:227] Step #46493: rate 0.000000, accuracy 85.55%, cross entropy 0.816786
I0305 05:10:01.837457 130845699483456 train.py:227] Step #46494: rate 0.000000, accuracy 97.27%, cross entropy 0.601488
I0305 05:10:04.733472 130845699483456 train.py:227] Step #46495: rate 0.000000, accuracy 93.36%, cross entropy 0.707382
I0305 05:10:07.728768 130845699483456 train.py:227] Step #46496: rate 0.000000, accuracy 94.53%, cross entropy 0.645415
I0305 05:10:10.767921 130845699483456 train.py:227] Step #46497: rate 0.000000, accuracy 94.53%, cross entropy 0.653636
I0305 05:10:13.949174 130845699483456 train.py:227] Step #46498: rate 0.000000, accuracy 97.27%, cross entropy 0.597119
I0305 05:10:16.671082 130845699483456 train.py:227] Step #46499: rate 0.000000, accuracy 94.14%, cross entropy 0.659159
I0305 05:10:19.792880 130845699483456 train.py:227] Step #46500: rate 0.000000, accuracy 85.94%, cross entropy 0.832494
I0305 05:10:22.796236 130845699483456 train.py:227] Step #46501: rate 0.000000, accuracy 89.45%, cross entropy 0.767331
I0305 05:10:25.673407 130845699483456 train.py:227] Step #46502: rate 0.000000, accuracy 96.48%, cross entropy 0.617979
I0305 05:10:28.805276 130845699483456 train.py:227] Step #46503: rate 0.000000, accuracy 97.27%, cross entropy 0.586417
I0305 05:10:31.677825 130845699483456 train.py:227] Step #46504: rate 0.000000, accuracy 93.36%, cross entropy 0.645084
I0305 05:10:34.736458 130845699483456 train.py:227] Step #46505: rate 0.000000, accuracy 96.88%, cross entropy 0.581308
I0305 05:10:37.849716 130845699483456 train.py:227] Step #46506: rate 0.000000, accuracy 95.70%, cross entropy 0.606179
I0305 05:10:40.899281 130845699483456 train.py:227] Step #46507: rate 0.000000, accuracy 97.66%, cross entropy 0.588887
I0305 05:10:44.009444 130845699483456 train.py:227] Step #46508: rate 0.000000, accuracy 88.28%, cross entropy 0.767837
I0305 05:10:46.982457 130845699483456 train.py:227] Step #46509: rate 0.000000, accuracy 91.80%, cross entropy 0.692492
I0305 05:10:49.918109 130845699483456 train.py:227] Step #46510: rate 0.000000, accuracy 96.09%, cross entropy 0.631115
I0305 05:10:52.904137 130845699483456 train.py:227] Step #46511: rate 0.000000, accuracy 95.31%, cross entropy 0.634106
I0305 05:10:55.857098 130845699483456 train.py:227] Step #46512: rate 0.000000, accuracy 91.80%, cross entropy 0.719575
I0305 05:11:22.102291 130845699483456 train.py:280] Step 46512: Validation accuracy = 97.29% (N=4352)
I0305 05:11:22.102611 130845699483456 train.py:290] So far the best validation accuracy is 97.33%
I0305 05:11:25.038785 130845699483456 train.py:227] Step #46513: rate 0.000000, accuracy 91.41%, cross entropy 0.714081
I0305 05:11:28.087118 130845699483456 train.py:227] Step #46514: rate 0.000000, accuracy 89.06%, cross entropy 0.745623
I0305 05:11:31.382170 130845699483456 train.py:227] Step #46515: rate 0.000000, accuracy 85.16%, cross entropy 0.863405
I0305 05:11:34.476883 130845699483456 train.py:227] Step #46516: rate 0.000000, accuracy 83.98%, cross entropy 0.874109
I0305 05:11:37.490347 130845699483456 train.py:227] Step #46517: rate 0.000000, accuracy 92.58%, cross entropy 0.704166
I0305 05:11:40.659354 130845699483456 train.py:227] Step #46518: rate 0.000000, accuracy 91.41%, cross entropy 0.743400
I0305 05:11:43.583748 130845699483456 train.py:227] Step #46519: rate 0.000000, accuracy 95.70%, cross entropy 0.607795
I0305 05:11:46.423070 130845699483456 train.py:227] Step #46520: rate 0.000000, accuracy 82.03%, cross entropy 0.936069
I0305 05:11:49.288950 130845699483456 train.py:227] Step #46521: rate 0.000000, accuracy 92.97%, cross entropy 0.683484
I0305 05:11:52.370922 130845699483456 train.py:227] Step #46522: rate 0.000000, accuracy 93.36%, cross entropy 0.690045
I0305 05:11:55.280155 130845699483456 train.py:227] Step #46523: rate 0.000000, accuracy 93.75%, cross entropy 0.671200
I0305 05:11:58.063096 130845699483456 train.py:227] Step #46524: rate 0.000000, accuracy 90.23%, cross entropy 0.775007
I0305 05:12:00.863805 130845699483456 train.py:227] Step #46525: rate 0.000000, accuracy 95.31%, cross entropy 0.630489
I0305 05:12:03.741447 130845699483456 train.py:227] Step #46526: rate 0.000000, accuracy 92.58%, cross entropy 0.702374
I0305 05:12:06.699311 130845699483456 train.py:227] Step #46527: rate 0.000000, accuracy 94.53%, cross entropy 0.661177
I0305 05:12:09.596483 130845699483456 train.py:227] Step #46528: rate 0.000000, accuracy 95.31%, cross entropy 0.667511
I0305 05:12:12.475151 130845699483456 train.py:227] Step #46529: rate 0.000000, accuracy 80.86%, cross entropy 0.985830
I0305 05:12:15.521745 130845699483456 train.py:227] Step #46530: rate 0.000000, accuracy 90.62%, cross entropy 0.739033
I0305 05:12:18.379369 130845699483456 train.py:227] Step #46531: rate 0.000000, accuracy 97.27%, cross entropy 0.601460
I0305 05:12:21.358856 130845699483456 train.py:227] Step #46532: rate 0.000000, accuracy 82.81%, cross entropy 0.966935
I0305 05:12:24.219347 130845699483456 train.py:227] Step #46533: rate 0.000000, accuracy 93.75%, cross entropy 0.643547
I0305 05:12:27.288609 130845699483456 train.py:227] Step #46534: rate 0.000000, accuracy 84.38%, cross entropy 0.877441
I0305 05:12:30.338563 130845699483456 train.py:227] Step #46535: rate 0.000000, accuracy 97.66%, cross entropy 0.586191
I0305 05:12:33.211467 130845699483456 train.py:227] Step #46536: rate 0.000000, accuracy 94.92%, cross entropy 0.644738
I0305 05:12:35.948891 130845699483456 train.py:227] Step #46537: rate 0.000000, accuracy 92.97%, cross entropy 0.688651
I0305 05:12:38.885208 130845699483456 train.py:227] Step #46538: rate 0.000000, accuracy 95.31%, cross entropy 0.621022
I0305 05:12:41.952221 130845699483456 train.py:227] Step #46539: rate 0.000000, accuracy 88.28%, cross entropy 0.824576
I0305 05:12:45.045303 130845699483456 train.py:227] Step #46540: rate 0.000000, accuracy 86.72%, cross entropy 0.837422
I0305 05:12:47.829192 130845699483456 train.py:227] Step #46541: rate 0.000000, accuracy 91.02%, cross entropy 0.714557
I0305 05:12:50.581113 130845699483456 train.py:227] Step #46542: rate 0.000000, accuracy 64.45%, cross entropy 1.333027
I0305 05:12:53.372050 130845699483456 train.py:227] Step #46543: rate 0.000000, accuracy 84.38%, cross entropy 0.922590
I0305 05:12:56.228534 130845699483456 train.py:227] Step #46544: rate 0.000000, accuracy 82.42%, cross entropy 0.894870
I0305 05:12:59.426110 130845699483456 train.py:227] Step #46545: rate 0.000000, accuracy 89.84%, cross entropy 0.745515
I0305 05:13:02.396751 130845699483456 train.py:227] Step #46546: rate 0.000000, accuracy 86.33%, cross entropy 0.832369
I0305 05:13:05.241245 130845699483456 train.py:227] Step #46547: rate 0.000000, accuracy 93.75%, cross entropy 0.709523
I0305 05:13:08.200301 130845699483456 train.py:227] Step #46548: rate 0.000000, accuracy 92.19%, cross entropy 0.699111
I0305 05:13:11.096683 130845699483456 train.py:227] Step #46549: rate 0.000000, accuracy 94.92%, cross entropy 0.645813
I0305 05:13:13.964944 130845699483456 train.py:227] Step #46550: rate 0.000000, accuracy 95.70%, cross entropy 0.623368
I0305 05:13:16.971258 130845699483456 train.py:227] Step #46551: rate 0.000000, accuracy 90.62%, cross entropy 0.769893
I0305 05:13:19.952996 130845699483456 train.py:227] Step #46552: rate 0.000000, accuracy 85.16%, cross entropy 0.893840
I0305 05:13:22.909868 130845699483456 train.py:227] Step #46553: rate 0.000000, accuracy 96.09%, cross entropy 0.615886
I0305 05:13:26.097510 130845699483456 train.py:227] Step #46554: rate 0.000000, accuracy 96.48%, cross entropy 0.592696
I0305 05:13:29.258944 130845699483456 train.py:227] Step #46555: rate 0.000000, accuracy 92.58%, cross entropy 0.714640
I0305 05:13:32.154749 130845699483456 train.py:227] Step #46556: rate 0.000000, accuracy 91.41%, cross entropy 0.689085
I0305 05:13:35.150292 130845699483456 train.py:227] Step #46557: rate 0.000000, accuracy 84.38%, cross entropy 0.899037
I0305 05:13:37.872258 130845699483456 train.py:227] Step #46558: rate 0.000000, accuracy 92.97%, cross entropy 0.682423
I0305 05:13:40.840695 130845699483456 train.py:227] Step #46559: rate 0.000000, accuracy 77.73%, cross entropy 1.003732
I0305 05:13:43.721932 130845699483456 train.py:227] Step #46560: rate 0.000000, accuracy 81.64%, cross entropy 0.918768
I0305 05:13:46.578800 130845699483456 train.py:227] Step #46561: rate 0.000000, accuracy 89.84%, cross entropy 0.754588
I0305 05:13:49.590900 130845699483456 train.py:227] Step #46562: rate 0.000000, accuracy 93.36%, cross entropy 0.680797
I0305 05:13:52.608366 130845699483456 train.py:227] Step #46563: rate 0.000000, accuracy 90.23%, cross entropy 0.697685
I0305 05:13:55.716629 130845699483456 train.py:227] Step #46564: rate 0.000000, accuracy 92.19%, cross entropy 0.684869
I0305 05:13:58.664603 130845699483456 train.py:227] Step #46565: rate 0.000000, accuracy 85.55%, cross entropy 0.872188
I0305 05:14:01.597362 130845699483456 train.py:227] Step #46566: rate 0.000000, accuracy 93.75%, cross entropy 0.654855
I0305 05:14:04.615695 130845699483456 train.py:227] Step #46567: rate 0.000000, accuracy 95.70%, cross entropy 0.613844
I0305 05:14:07.709987 130845699483456 train.py:227] Step #46568: rate 0.000000, accuracy 89.45%, cross entropy 0.766360
I0305 05:14:10.634075 130845699483456 train.py:227] Step #46569: rate 0.000000, accuracy 89.06%, cross entropy 0.761731
I0305 05:14:13.595779 130845699483456 train.py:227] Step #46570: rate 0.000000, accuracy 82.03%, cross entropy 0.934596
I0305 05:14:16.454668 130845699483456 train.py:227] Step #46571: rate 0.000000, accuracy 86.33%, cross entropy 0.843312
I0305 05:14:19.492946 130845699483456 train.py:227] Step #46572: rate 0.000000, accuracy 96.09%, cross entropy 0.617873
I0305 05:14:22.525854 130845699483456 train.py:227] Step #46573: rate 0.000000, accuracy 92.58%, cross entropy 0.689314
I0305 05:14:25.681293 130845699483456 train.py:227] Step #46574: rate 0.000000, accuracy 94.92%, cross entropy 0.643135
I0305 05:14:28.596755 130845699483456 train.py:227] Step #46575: rate 0.000000, accuracy 94.53%, cross entropy 0.676069
I0305 05:14:31.621196 130845699483456 train.py:227] Step #46576: rate 0.000000, accuracy 96.09%, cross entropy 0.631516
I0305 05:14:34.669044 130845699483456 train.py:227] Step #46577: rate 0.000000, accuracy 96.88%, cross entropy 0.624597
I0305 05:14:37.551837 130845699483456 train.py:227] Step #46578: rate 0.000000, accuracy 82.81%, cross entropy 0.914298
I0305 05:14:40.438771 130845699483456 train.py:227] Step #46579: rate 0.000000, accuracy 93.36%, cross entropy 0.695963
I0305 05:14:43.563463 130845699483456 train.py:227] Step #46580: rate 0.000000, accuracy 94.14%, cross entropy 0.665236
I0305 05:14:46.385921 130845699483456 train.py:227] Step #46581: rate 0.000000, accuracy 87.11%, cross entropy 0.808921
I0305 05:14:49.456953 130845699483456 train.py:227] Step #46582: rate 0.000000, accuracy 96.48%, cross entropy 0.615797
I0305 05:14:52.370558 130845699483456 train.py:227] Step #46583: rate 0.000000, accuracy 91.02%, cross entropy 0.720353
I0305 05:14:55.404543 130845699483456 train.py:227] Step #46584: rate 0.000000, accuracy 91.80%, cross entropy 0.708460
I0305 05:14:58.257635 130845699483456 train.py:227] Step #46585: rate 0.000000, accuracy 80.47%, cross entropy 0.990002
I0305 05:15:01.128117 130845699483456 train.py:227] Step #46586: rate 0.000000, accuracy 90.23%, cross entropy 0.756838
I0305 05:15:04.071312 130845699483456 train.py:227] Step #46587: rate 0.000000, accuracy 93.75%, cross entropy 0.659644
I0305 05:15:06.983623 130845699483456 train.py:227] Step #46588: rate 0.000000, accuracy 96.88%, cross entropy 0.586554
I0305 05:15:10.104488 130845699483456 train.py:227] Step #46589: rate 0.000000, accuracy 93.75%, cross entropy 0.671877
I0305 05:15:13.171775 130845699483456 train.py:227] Step #46590: rate 0.000000, accuracy 89.06%, cross entropy 0.749334
I0305 05:15:16.097018 130845699483456 train.py:227] Step #46591: rate 0.000000, accuracy 97.66%, cross entropy 0.599959
I0305 05:15:19.046350 130845699483456 train.py:227] Step #46592: rate 0.000000, accuracy 93.36%, cross entropy 0.669087
I0305 05:15:22.063971 130845699483456 train.py:227] Step #46593: rate 0.000000, accuracy 89.84%, cross entropy 0.774947
I0305 05:15:25.142372 130845699483456 train.py:227] Step #46594: rate 0.000000, accuracy 90.23%, cross entropy 0.719387
I0305 05:15:28.125515 130845699483456 train.py:227] Step #46595: rate 0.000000, accuracy 85.55%, cross entropy 0.852416
I0305 05:15:31.146462 130845699483456 train.py:227] Step #46596: rate 0.000000, accuracy 96.09%, cross entropy 0.617195
I0305 05:15:34.065917 130845699483456 train.py:227] Step #46597: rate 0.000000, accuracy 77.73%, cross entropy 1.036879
I0305 05:15:36.995025 130845699483456 train.py:227] Step #46598: rate 0.000000, accuracy 96.48%, cross entropy 0.588079
I0305 05:15:40.153973 130845699483456 train.py:227] Step #46599: rate 0.000000, accuracy 93.36%, cross entropy 0.673365
I0305 05:15:43.117961 130845699483456 train.py:227] Step #46600: rate 0.000000, accuracy 96.09%, cross entropy 0.603963
I0305 05:15:45.984604 130845699483456 train.py:227] Step #46601: rate 0.000000, accuracy 96.09%, cross entropy 0.603818
I0305 05:15:48.912245 130845699483456 train.py:227] Step #46602: rate 0.000000, accuracy 94.14%, cross entropy 0.663657
I0305 05:15:51.925669 130845699483456 train.py:227] Step #46603: rate 0.000000, accuracy 89.84%, cross entropy 0.752825
I0305 05:15:54.728667 130845699483456 train.py:227] Step #46604: rate 0.000000, accuracy 95.70%, cross entropy 0.619929
I0305 05:15:57.748091 130845699483456 train.py:227] Step #46605: rate 0.000000, accuracy 94.14%, cross entropy 0.661094
I0305 05:16:00.696632 130845699483456 train.py:227] Step #46606: rate 0.000000, accuracy 80.86%, cross entropy 0.968622
I0305 05:16:03.481517 130845699483456 train.py:227] Step #46607: rate 0.000000, accuracy 85.94%, cross entropy 0.813177
I0305 05:16:06.407659 130845699483456 train.py:227] Step #46608: rate 0.000000, accuracy 83.20%, cross entropy 0.989345
I0305 05:16:09.341645 130845699483456 train.py:227] Step #46609: rate 0.000000, accuracy 85.94%, cross entropy 0.873165
I0305 05:16:12.344246 130845699483456 train.py:227] Step #46610: rate 0.000000, accuracy 94.53%, cross entropy 0.659794
I0305 05:16:15.365165 130845699483456 train.py:227] Step #46611: rate 0.000000, accuracy 92.19%, cross entropy 0.675699
I0305 05:16:18.327488 130845699483456 train.py:227] Step #46612: rate 0.000000, accuracy 76.95%, cross entropy 1.125324
I0305 05:16:21.298401 130845699483456 train.py:227] Step #46613: rate 0.000000, accuracy 95.31%, cross entropy 0.637689
I0305 05:16:24.230246 130845699483456 train.py:227] Step #46614: rate 0.000000, accuracy 94.14%, cross entropy 0.645897
I0305 05:16:26.988249 130845699483456 train.py:227] Step #46615: rate 0.000000, accuracy 75.00%, cross entropy 1.067861
I0305 05:16:29.881236 130845699483456 train.py:227] Step #46616: rate 0.000000, accuracy 87.89%, cross entropy 0.797946
I0305 05:16:33.006570 130845699483456 train.py:227] Step #46617: rate 0.000000, accuracy 92.97%, cross entropy 0.701142
I0305 05:16:36.095364 130845699483456 train.py:227] Step #46618: rate 0.000000, accuracy 82.42%, cross entropy 0.933862
I0305 05:16:39.164902 130845699483456 train.py:227] Step #46619: rate 0.000000, accuracy 96.48%, cross entropy 0.601989
I0305 05:16:42.264551 130845699483456 train.py:227] Step #46620: rate 0.000000, accuracy 91.41%, cross entropy 0.707447
I0305 05:16:45.398877 130845699483456 train.py:227] Step #46621: rate 0.000000, accuracy 94.14%, cross entropy 0.683953
I0305 05:16:48.172533 130845699483456 train.py:227] Step #46622: rate 0.000000, accuracy 95.31%, cross entropy 0.626912
I0305 05:16:51.346062 130845699483456 train.py:227] Step #46623: rate 0.000000, accuracy 89.84%, cross entropy 0.749153
I0305 05:16:54.505152 130845699483456 train.py:227] Step #46624: rate 0.000000, accuracy 92.19%, cross entropy 0.717287
I0305 05:16:57.672442 130845699483456 train.py:227] Step #46625: rate 0.000000, accuracy 92.58%, cross entropy 0.692403
I0305 05:17:00.845497 130845699483456 train.py:227] Step #46626: rate 0.000000, accuracy 93.36%, cross entropy 0.701376
I0305 05:17:03.688234 130845699483456 train.py:227] Step #46627: rate 0.000000, accuracy 92.19%, cross entropy 0.720996
I0305 05:17:06.555256 130845699483456 train.py:227] Step #46628: rate 0.000000, accuracy 78.52%, cross entropy 1.003215
I0305 05:17:09.598042 130845699483456 train.py:227] Step #46629: rate 0.000000, accuracy 86.72%, cross entropy 0.846680
I0305 05:17:12.512979 130845699483456 train.py:227] Step #46630: rate 0.000000, accuracy 78.12%, cross entropy 1.046855
I0305 05:17:15.642928 130845699483456 train.py:227] Step #46631: rate 0.000000, accuracy 89.06%, cross entropy 0.787440
I0305 05:17:18.433475 130845699483456 train.py:227] Step #46632: rate 0.000000, accuracy 98.05%, cross entropy 0.595652
I0305 05:17:21.253399 130845699483456 train.py:227] Step #46633: rate 0.000000, accuracy 94.92%, cross entropy 0.657387
I0305 05:17:24.265460 130845699483456 train.py:227] Step #46634: rate 0.000000, accuracy 95.31%, cross entropy 0.652696
I0305 05:17:27.354067 130845699483456 train.py:227] Step #46635: rate 0.000000, accuracy 87.11%, cross entropy 0.773842
I0305 05:17:30.157862 130845699483456 train.py:227] Step #46636: rate 0.000000, accuracy 83.59%, cross entropy 0.898801
I0305 05:17:32.985343 130845699483456 train.py:227] Step #46637: rate 0.000000, accuracy 91.02%, cross entropy 0.720198
I0305 05:17:36.033239 130845699483456 train.py:227] Step #46638: rate 0.000000, accuracy 91.41%, cross entropy 0.689763
I0305 05:17:38.947764 130845699483456 train.py:227] Step #46639: rate 0.000000, accuracy 92.97%, cross entropy 0.693900
I0305 05:17:41.959989 130845699483456 train.py:227] Step #46640: rate 0.000000, accuracy 85.55%, cross entropy 0.854162
I0305 05:17:44.923900 130845699483456 train.py:227] Step #46641: rate 0.000000, accuracy 97.27%, cross entropy 0.579211
I0305 05:17:47.929944 130845699483456 train.py:227] Step #46642: rate 0.000000, accuracy 92.58%, cross entropy 0.698444
I0305 05:17:50.881274 130845699483456 train.py:227] Step #46643: rate 0.000000, accuracy 94.92%, cross entropy 0.641059
I0305 05:17:54.081642 130845699483456 train.py:227] Step #46644: rate 0.000000, accuracy 78.52%, cross entropy 1.016810
I0305 05:17:57.139888 130845699483456 train.py:227] Step #46645: rate 0.000000, accuracy 85.16%, cross entropy 0.881371
I0305 05:18:00.094378 130845699483456 train.py:227] Step #46646: rate 0.000000, accuracy 88.67%, cross entropy 0.796364
I0305 05:18:03.076874 130845699483456 train.py:227] Step #46647: rate 0.000000, accuracy 95.70%, cross entropy 0.623701
I0305 05:18:06.037772 130845699483456 train.py:227] Step #46648: rate 0.000000, accuracy 96.88%, cross entropy 0.607334
I0305 05:18:08.955035 130845699483456 train.py:227] Step #46649: rate 0.000000, accuracy 90.62%, cross entropy 0.732973
I0305 05:18:11.884861 130845699483456 train.py:227] Step #46650: rate 0.000000, accuracy 95.31%, cross entropy 0.644848
I0305 05:18:14.875521 130845699483456 train.py:227] Step #46651: rate 0.000000, accuracy 87.11%, cross entropy 0.808170
I0305 05:18:17.842157 130845699483456 train.py:227] Step #46652: rate 0.000000, accuracy 89.45%, cross entropy 0.753762
I0305 05:18:20.786306 130845699483456 train.py:227] Step #46653: rate 0.000000, accuracy 96.09%, cross entropy 0.607712
I0305 05:18:23.601788 130845699483456 train.py:227] Step #46654: rate 0.000000, accuracy 90.62%, cross entropy 0.757078
I0305 05:18:26.595725 130845699483456 train.py:227] Step #46655: rate 0.000000, accuracy 91.41%, cross entropy 0.711195
I0305 05:18:29.660239 130845699483456 train.py:227] Step #46656: rate 0.000000, accuracy 95.31%, cross entropy 0.643161
I0305 05:18:55.714248 130845699483456 train.py:280] Step 46656: Validation accuracy = 97.29% (N=4352)
I0305 05:18:55.714565 130845699483456 train.py:290] So far the best validation accuracy is 97.33%
I0305 05:18:58.711109 130845699483456 train.py:227] Step #46657: rate 0.000000, accuracy 97.27%, cross entropy 0.599152
I0305 05:19:01.713671 130845699483456 train.py:227] Step #46658: rate 0.000000, accuracy 82.81%, cross entropy 0.886779
I0305 05:19:04.717726 130845699483456 train.py:227] Step #46659: rate 0.000000, accuracy 80.86%, cross entropy 0.908626
I0305 05:19:07.793577 130845699483456 train.py:227] Step #46660: rate 0.000000, accuracy 88.28%, cross entropy 0.800213
I0305 05:19:10.708245 130845699483456 train.py:227] Step #46661: rate 0.000000, accuracy 77.34%, cross entropy 1.042105
I0305 05:19:13.727847 130845699483456 train.py:227] Step #46662: rate 0.000000, accuracy 96.09%, cross entropy 0.616917
I0305 05:19:16.728088 130845699483456 train.py:227] Step #46663: rate 0.000000, accuracy 97.66%, cross entropy 0.583969
I0305 05:19:19.773123 130845699483456 train.py:227] Step #46664: rate 0.000000, accuracy 95.31%, cross entropy 0.655210
I0305 05:19:22.478078 130845699483456 train.py:227] Step #46665: rate 0.000000, accuracy 96.09%, cross entropy 0.631878
I0305 05:19:25.294846 130845699483456 train.py:227] Step #46666: rate 0.000000, accuracy 80.08%, cross entropy 0.925052
I0305 05:19:28.332216 130845699483456 train.py:227] Step #46667: rate 0.000000, accuracy 72.27%, cross entropy 1.178819
I0305 05:19:31.089342 130845699483456 train.py:227] Step #46668: rate 0.000000, accuracy 92.58%, cross entropy 0.689716
I0305 05:19:33.859114 130845699483456 train.py:227] Step #46669: rate 0.000000, accuracy 60.55%, cross entropy 1.405812
I0305 05:19:36.723503 130845699483456 train.py:227] Step #46670: rate 0.000000, accuracy 88.67%, cross entropy 0.768802
I0305 05:19:39.636568 130845699483456 train.py:227] Step #46671: rate 0.000000, accuracy 93.75%, cross entropy 0.666093
I0305 05:19:42.430237 130845699483456 train.py:227] Step #46672: rate 0.000000, accuracy 92.19%, cross entropy 0.704677
I0305 05:19:45.386278 130845699483456 train.py:227] Step #46673: rate 0.000000, accuracy 91.80%, cross entropy 0.712544
I0305 05:19:48.360024 130845699483456 train.py:227] Step #46674: rate 0.000000, accuracy 95.31%, cross entropy 0.649003
I0305 05:19:51.382050 130845699483456 train.py:227] Step #46675: rate 0.000000, accuracy 82.81%, cross entropy 0.956172
I0305 05:19:54.218439 130845699483456 train.py:227] Step #46676: rate 0.000000, accuracy 91.02%, cross entropy 0.727172
I0305 05:19:57.199644 130845699483456 train.py:227] Step #46677: rate 0.000000, accuracy 96.48%, cross entropy 0.606589
I0305 05:19:59.981531 130845699483456 train.py:227] Step #46678: rate 0.000000, accuracy 92.58%, cross entropy 0.709889
I0305 05:20:02.920310 130845699483456 train.py:227] Step #46679: rate 0.000000, accuracy 91.80%, cross entropy 0.713286
I0305 05:20:05.692040 130845699483456 train.py:227] Step #46680: rate 0.000000, accuracy 82.03%, cross entropy 0.926570
I0305 05:20:08.757651 130845699483456 train.py:227] Step #46681: rate 0.000000, accuracy 87.89%, cross entropy 0.808466
I0305 05:20:11.696855 130845699483456 train.py:227] Step #46682: rate 0.000000, accuracy 88.67%, cross entropy 0.769810
I0305 05:20:14.615037 130845699483456 train.py:227] Step #46683: rate 0.000000, accuracy 92.19%, cross entropy 0.691742
I0305 05:20:17.628188 130845699483456 train.py:227] Step #46684: rate 0.000000, accuracy 81.64%, cross entropy 0.932023
I0305 05:20:20.531102 130845699483456 train.py:227] Step #46685: rate 0.000000, accuracy 95.31%, cross entropy 0.617069
I0305 05:20:23.441307 130845699483456 train.py:227] Step #46686: rate 0.000000, accuracy 91.80%, cross entropy 0.718456
I0305 05:20:26.365111 130845699483456 train.py:227] Step #46687: rate 0.000000, accuracy 95.31%, cross entropy 0.645420
I0305 05:20:29.220526 130845699483456 train.py:227] Step #46688: rate 0.000000, accuracy 94.14%, cross entropy 0.648598
I0305 05:20:32.011716 130845699483456 train.py:227] Step #46689: rate 0.000000, accuracy 87.89%, cross entropy 0.788336
I0305 05:20:35.085632 130845699483456 train.py:227] Step #46690: rate 0.000000, accuracy 84.38%, cross entropy 0.832973
I0305 05:20:38.263025 130845699483456 train.py:227] Step #46691: rate 0.000000, accuracy 94.53%, cross entropy 0.672588
I0305 05:20:41.372573 130845699483456 train.py:227] Step #46692: rate 0.000000, accuracy 91.80%, cross entropy 0.733078
I0305 05:20:44.302543 130845699483456 train.py:227] Step #46693: rate 0.000000, accuracy 90.23%, cross entropy 0.758661
I0305 05:20:47.127588 130845699483456 train.py:227] Step #46694: rate 0.000000, accuracy 83.98%, cross entropy 0.845238
I0305 05:20:50.023645 130845699483456 train.py:227] Step #46695: rate 0.000000, accuracy 96.09%, cross entropy 0.635715
I0305 05:20:52.910110 130845699483456 train.py:227] Step #46696: rate 0.000000, accuracy 89.06%, cross entropy 0.758293
I0305 05:20:55.634577 130845699483456 train.py:227] Step #46697: rate 0.000000, accuracy 91.80%, cross entropy 0.715599
I0305 05:20:58.817152 130845699483456 train.py:227] Step #46698: rate 0.000000, accuracy 95.70%, cross entropy 0.636228
I0305 05:21:01.655697 130845699483456 train.py:227] Step #46699: rate 0.000000, accuracy 91.41%, cross entropy 0.704310
I0305 05:21:04.590832 130845699483456 train.py:227] Step #46700: rate 0.000000, accuracy 76.56%, cross entropy 1.010360
I0305 05:21:07.369080 130845699483456 train.py:227] Step #46701: rate 0.000000, accuracy 96.88%, cross entropy 0.619989
I0305 05:21:10.415771 130845699483456 train.py:227] Step #46702: rate 0.000000, accuracy 96.48%, cross entropy 0.634219
I0305 05:21:13.267983 130845699483456 train.py:227] Step #46703: rate 0.000000, accuracy 96.48%, cross entropy 0.605690
I0305 05:21:16.262842 130845699483456 train.py:227] Step #46704: rate 0.000000, accuracy 91.80%, cross entropy 0.694503
I0305 05:21:19.083300 130845699483456 train.py:227] Step #46705: rate 0.000000, accuracy 92.97%, cross entropy 0.674413
I0305 05:21:21.950092 130845699483456 train.py:227] Step #46706: rate 0.000000, accuracy 84.38%, cross entropy 0.840762
I0305 05:21:24.945267 130845699483456 train.py:227] Step #46707: rate 0.000000, accuracy 80.47%, cross entropy 0.969145
I0305 05:21:27.733161 130845699483456 train.py:227] Step #46708: rate 0.000000, accuracy 96.88%, cross entropy 0.595934
I0305 05:21:30.606134 130845699483456 train.py:227] Step #46709: rate 0.000000, accuracy 93.75%, cross entropy 0.665644
I0305 05:21:33.498479 130845699483456 train.py:227] Step #46710: rate 0.000000, accuracy 90.23%, cross entropy 0.769803
I0305 05:21:36.643831 130845699483456 train.py:227] Step #46711: rate 0.000000, accuracy 94.92%, cross entropy 0.648329
I0305 05:21:39.534236 130845699483456 train.py:227] Step #46712: rate 0.000000, accuracy 96.88%, cross entropy 0.620234
I0305 05:21:42.354474 130845699483456 train.py:227] Step #46713: rate 0.000000, accuracy 96.09%, cross entropy 0.621531
I0305 05:21:45.164625 130845699483456 train.py:227] Step #46714: rate 0.000000, accuracy 91.80%, cross entropy 0.702644
I0305 05:21:48.120762 130845699483456 train.py:227] Step #46715: rate 0.000000, accuracy 90.23%, cross entropy 0.753194
I0305 05:21:50.932499 130845699483456 train.py:227] Step #46716: rate 0.000000, accuracy 91.41%, cross entropy 0.725733
I0305 05:21:53.768546 130845699483456 train.py:227] Step #46717: rate 0.000000, accuracy 86.33%, cross entropy 0.807633
I0305 05:21:56.619643 130845699483456 train.py:227] Step #46718: rate 0.000000, accuracy 82.03%, cross entropy 0.974684
I0305 05:21:59.436108 130845699483456 train.py:227] Step #46719: rate 0.000000, accuracy 88.67%, cross entropy 0.760978
I0305 05:22:02.406332 130845699483456 train.py:227] Step #46720: rate 0.000000, accuracy 91.02%, cross entropy 0.719670
I0305 05:22:05.466250 130845699483456 train.py:227] Step #46721: rate 0.000000, accuracy 94.53%, cross entropy 0.656241
I0305 05:22:08.373379 130845699483456 train.py:227] Step #46722: rate 0.000000, accuracy 90.62%, cross entropy 0.738894
I0305 05:22:11.356220 130845699483456 train.py:227] Step #46723: rate 0.000000, accuracy 90.62%, cross entropy 0.734516
I0305 05:22:14.351907 130845699483456 train.py:227] Step #46724: rate 0.000000, accuracy 77.73%, cross entropy 1.030128
I0305 05:22:17.380832 130845699483456 train.py:227] Step #46725: rate 0.000000, accuracy 79.30%, cross entropy 0.993298
I0305 05:22:20.153432 130845699483456 train.py:227] Step #46726: rate 0.000000, accuracy 74.22%, cross entropy 1.056379
I0305 05:22:23.107979 130845699483456 train.py:227] Step #46727: rate 0.000000, accuracy 95.31%, cross entropy 0.639523
I0305 05:22:26.031793 130845699483456 train.py:227] Step #46728: rate 0.000000, accuracy 92.97%, cross entropy 0.691171
I0305 05:22:29.156089 130845699483456 train.py:227] Step #46729: rate 0.000000, accuracy 92.19%, cross entropy 0.703840
I0305 05:22:32.127508 130845699483456 train.py:227] Step #46730: rate 0.000000, accuracy 95.70%, cross entropy 0.629860
I0305 05:22:35.086182 130845699483456 train.py:227] Step #46731: rate 0.000000, accuracy 72.66%, cross entropy 1.131023
I0305 05:22:37.713348 130845699483456 train.py:227] Step #46732: rate 0.000000, accuracy 97.27%, cross entropy 0.591234
I0305 05:22:40.814248 130845699483456 train.py:227] Step #46733: rate 0.000000, accuracy 96.48%, cross entropy 0.620783
I0305 05:22:43.606581 130845699483456 train.py:227] Step #46734: rate 0.000000, accuracy 91.80%, cross entropy 0.702028
I0305 05:22:46.492259 130845699483456 train.py:227] Step #46735: rate 0.000000, accuracy 96.09%, cross entropy 0.614343
I0305 05:22:49.447731 130845699483456 train.py:227] Step #46736: rate 0.000000, accuracy 94.53%, cross entropy 0.670240
I0305 05:22:52.279790 130845699483456 train.py:227] Step #46737: rate 0.000000, accuracy 96.09%, cross entropy 0.613391
I0305 05:22:55.251545 130845699483456 train.py:227] Step #46738: rate 0.000000, accuracy 86.33%, cross entropy 0.808578
I0305 05:22:58.237090 130845699483456 train.py:227] Step #46739: rate 0.000000, accuracy 68.36%, cross entropy 1.208954
I0305 05:23:01.320455 130845699483456 train.py:227] Step #46740: rate 0.000000, accuracy 96.88%, cross entropy 0.595545
I0305 05:23:04.058744 130845699483456 train.py:227] Step #46741: rate 0.000000, accuracy 87.50%, cross entropy 0.778962
I0305 05:23:07.030092 130845699483456 train.py:227] Step #46742: rate 0.000000, accuracy 89.45%, cross entropy 0.761218
I0305 05:23:09.991789 130845699483456 train.py:227] Step #46743: rate 0.000000, accuracy 97.27%, cross entropy 0.595815
I0305 05:23:13.028055 130845699483456 train.py:227] Step #46744: rate 0.000000, accuracy 94.92%, cross entropy 0.655040
I0305 05:23:16.132831 130845699483456 train.py:227] Step #46745: rate 0.000000, accuracy 87.89%, cross entropy 0.849530
I0305 05:23:19.179705 130845699483456 train.py:227] Step #46746: rate 0.000000, accuracy 98.05%, cross entropy 0.601558
I0305 05:23:21.915850 130845699483456 train.py:227] Step #46747: rate 0.000000, accuracy 87.11%, cross entropy 0.869243
I0305 05:23:24.998765 130845699483456 train.py:227] Step #46748: rate 0.000000, accuracy 92.58%, cross entropy 0.703245
I0305 05:23:27.910027 130845699483456 train.py:227] Step #46749: rate 0.000000, accuracy 93.36%, cross entropy 0.669083
I0305 05:23:30.674556 130845699483456 train.py:227] Step #46750: rate 0.000000, accuracy 92.97%, cross entropy 0.673876
I0305 05:23:33.753358 130845699483456 train.py:227] Step #46751: rate 0.000000, accuracy 86.33%, cross entropy 0.820906
I0305 05:23:36.626651 130845699483456 train.py:227] Step #46752: rate 0.000000, accuracy 93.36%, cross entropy 0.702936
I0305 05:23:39.422062 130845699483456 train.py:227] Step #46753: rate 0.000000, accuracy 92.58%, cross entropy 0.674051
I0305 05:23:42.383832 130845699483456 train.py:227] Step #46754: rate 0.000000, accuracy 91.80%, cross entropy 0.722223
I0305 05:23:45.318964 130845699483456 train.py:227] Step #46755: rate 0.000000, accuracy 82.42%, cross entropy 0.916233
I0305 05:23:48.222552 130845699483456 train.py:227] Step #46756: rate 0.000000, accuracy 92.19%, cross entropy 0.702957
I0305 05:23:51.109662 130845699483456 train.py:227] Step #46757: rate 0.000000, accuracy 87.89%, cross entropy 0.803087
I0305 05:23:54.007852 130845699483456 train.py:227] Step #46758: rate 0.000000, accuracy 98.05%, cross entropy 0.580479
I0305 05:23:56.917091 130845699483456 train.py:227] Step #46759: rate 0.000000, accuracy 96.48%, cross entropy 0.608174
I0305 05:23:59.722893 130845699483456 train.py:227] Step #46760: rate 0.000000, accuracy 98.83%, cross entropy 0.568850
I0305 05:24:02.747256 130845699483456 train.py:227] Step #46761: rate 0.000000, accuracy 94.14%, cross entropy 0.663071
I0305 05:24:05.704524 130845699483456 train.py:227] Step #46762: rate 0.000000, accuracy 96.09%, cross entropy 0.625642
I0305 05:24:08.706192 130845699483456 train.py:227] Step #46763: rate 0.000000, accuracy 91.41%, cross entropy 0.736410
I0305 05:24:11.510389 130845699483456 train.py:227] Step #46764: rate 0.000000, accuracy 89.06%, cross entropy 0.755458
I0305 05:24:14.570497 130845699483456 train.py:227] Step #46765: rate 0.000000, accuracy 93.36%, cross entropy 0.677652
I0305 05:24:17.561545 130845699483456 train.py:227] Step #46766: rate 0.000000, accuracy 80.86%, cross entropy 0.971834
I0305 05:24:20.383017 130845699483456 train.py:227] Step #46767: rate 0.000000, accuracy 91.02%, cross entropy 0.708451
I0305 05:24:23.336356 130845699483456 train.py:227] Step #46768: rate 0.000000, accuracy 90.62%, cross entropy 0.702723
I0305 05:24:26.268037 130845699483456 train.py:227] Step #46769: rate 0.000000, accuracy 87.50%, cross entropy 0.783254
I0305 05:24:29.277969 130845699483456 train.py:227] Step #46770: rate 0.000000, accuracy 91.80%, cross entropy 0.718895
I0305 05:24:32.163840 130845699483456 train.py:227] Step #46771: rate 0.000000, accuracy 85.55%, cross entropy 0.846450
I0305 05:24:35.169502 130845699483456 train.py:227] Step #46772: rate 0.000000, accuracy 86.33%, cross entropy 0.818020
I0305 05:24:38.341660 130845699483456 train.py:227] Step #46773: rate 0.000000, accuracy 83.98%, cross entropy 0.945939
I0305 05:24:41.350309 130845699483456 train.py:227] Step #46774: rate 0.000000, accuracy 87.11%, cross entropy 0.797719
I0305 05:24:44.174390 130845699483456 train.py:227] Step #46775: rate 0.000000, accuracy 94.14%, cross entropy 0.669308
I0305 05:24:47.047334 130845699483456 train.py:227] Step #46776: rate 0.000000, accuracy 78.12%, cross entropy 0.994391
I0305 05:24:49.942072 130845699483456 train.py:227] Step #46777: rate 0.000000, accuracy 91.02%, cross entropy 0.712533
I0305 05:24:52.982212 130845699483456 train.py:227] Step #46778: rate 0.000000, accuracy 94.92%, cross entropy 0.668525
I0305 05:24:55.756579 130845699483456 train.py:227] Step #46779: rate 0.000000, accuracy 95.70%, cross entropy 0.623740
I0305 05:24:58.534060 130845699483456 train.py:227] Step #46780: rate 0.000000, accuracy 83.20%, cross entropy 0.931398
I0305 05:25:01.359863 130845699483456 train.py:227] Step #46781: rate 0.000000, accuracy 96.09%, cross entropy 0.634850
I0305 05:25:04.389609 130845699483456 train.py:227] Step #46782: rate 0.000000, accuracy 93.75%, cross entropy 0.650158
I0305 05:25:07.222593 130845699483456 train.py:227] Step #46783: rate 0.000000, accuracy 92.19%, cross entropy 0.692286
I0305 05:25:09.964364 130845699483456 train.py:227] Step #46784: rate 0.000000, accuracy 76.95%, cross entropy 1.096056
I0305 05:25:12.859070 130845699483456 train.py:227] Step #46785: rate 0.000000, accuracy 94.92%, cross entropy 0.663478
I0305 05:25:15.830117 130845699483456 train.py:227] Step #46786: rate 0.000000, accuracy 94.92%, cross entropy 0.646600
I0305 05:25:18.649899 130845699483456 train.py:227] Step #46787: rate 0.000000, accuracy 90.23%, cross entropy 0.757765
I0305 05:25:21.603241 130845699483456 train.py:227] Step #46788: rate 0.000000, accuracy 90.23%, cross entropy 0.755056
I0305 05:25:24.685068 130845699483456 train.py:227] Step #46789: rate 0.000000, accuracy 93.75%, cross entropy 0.667312
I0305 05:25:27.622130 130845699483456 train.py:227] Step #46790: rate 0.000000, accuracy 96.88%, cross entropy 0.605589
I0305 05:25:30.701832 130845699483456 train.py:227] Step #46791: rate 0.000000, accuracy 89.45%, cross entropy 0.800863
I0305 05:25:33.711567 130845699483456 train.py:227] Step #46792: rate 0.000000, accuracy 89.84%, cross entropy 0.791106
I0305 05:25:36.809581 130845699483456 train.py:227] Step #46793: rate 0.000000, accuracy 81.25%, cross entropy 0.924172
I0305 05:25:39.885381 130845699483456 train.py:227] Step #46794: rate 0.000000, accuracy 67.19%, cross entropy 1.215773
I0305 05:25:42.784180 130845699483456 train.py:227] Step #46795: rate 0.000000, accuracy 93.75%, cross entropy 0.637651
I0305 05:25:45.751212 130845699483456 train.py:227] Step #46796: rate 0.000000, accuracy 91.41%, cross entropy 0.743881
I0305 05:25:48.853767 130845699483456 train.py:227] Step #46797: rate 0.000000, accuracy 81.25%, cross entropy 0.973892
I0305 05:25:51.773699 130845699483456 train.py:227] Step #46798: rate 0.000000, accuracy 75.78%, cross entropy 1.135301
I0305 05:25:54.655629 130845699483456 train.py:227] Step #46799: rate 0.000000, accuracy 96.48%, cross entropy 0.621104
I0305 05:25:57.525775 130845699483456 train.py:227] Step #46800: rate 0.000000, accuracy 90.23%, cross entropy 0.777686
I0305 05:26:23.274111 130845699483456 train.py:280] Step 46800: Validation accuracy = 97.29% (N=4352)
I0305 05:26:23.274445 130845699483456 train.py:290] So far the best validation accuracy is 97.33%
I0305 05:26:26.074601 130845699483456 train.py:227] Step #46801: rate 0.000000, accuracy 85.94%, cross entropy 0.845047
I0305 05:26:29.149705 130845699483456 train.py:227] Step #46802: rate 0.000000, accuracy 92.97%, cross entropy 0.663848
I0305 05:26:32.214807 130845699483456 train.py:227] Step #46803: rate 0.000000, accuracy 96.88%, cross entropy 0.607219
I0305 05:26:35.251010 130845699483456 train.py:227] Step #46804: rate 0.000000, accuracy 96.09%, cross entropy 0.600949
I0305 05:26:38.065036 130845699483456 train.py:227] Step #46805: rate 0.000000, accuracy 87.89%, cross entropy 0.823520
I0305 05:26:41.105482 130845699483456 train.py:227] Step #46806: rate 0.000000, accuracy 93.36%, cross entropy 0.675094
I0305 05:26:44.174086 130845699483456 train.py:227] Step #46807: rate 0.000000, accuracy 91.02%, cross entropy 0.708651
I0305 05:26:47.288700 130845699483456 train.py:227] Step #46808: rate 0.000000, accuracy 86.33%, cross entropy 0.802190
I0305 05:26:50.382690 130845699483456 train.py:227] Step #46809: rate 0.000000, accuracy 92.97%, cross entropy 0.696004
I0305 05:26:53.387108 130845699483456 train.py:227] Step #46810: rate 0.000000, accuracy 94.14%, cross entropy 0.684664
I0305 05:26:56.257957 130845699483456 train.py:227] Step #46811: rate 0.000000, accuracy 93.75%, cross entropy 0.686511
I0305 05:26:59.278282 130845699483456 train.py:227] Step #46812: rate 0.000000, accuracy 91.02%, cross entropy 0.732695
I0305 05:27:02.291659 130845699483456 train.py:227] Step #46813: rate 0.000000, accuracy 83.98%, cross entropy 0.863834
I0305 05:27:05.236324 130845699483456 train.py:227] Step #46814: rate 0.000000, accuracy 80.86%, cross entropy 0.946461
I0305 05:27:08.105223 130845699483456 train.py:227] Step #46815: rate 0.000000, accuracy 94.53%, cross entropy 0.657623
I0305 05:27:11.097488 130845699483456 train.py:227] Step #46816: rate 0.000000, accuracy 85.94%, cross entropy 0.832295
I0305 05:27:14.143461 130845699483456 train.py:227] Step #46817: rate 0.000000, accuracy 89.45%, cross entropy 0.786561
I0305 05:27:17.064012 130845699483456 train.py:227] Step #46818: rate 0.000000, accuracy 94.92%, cross entropy 0.625096
I0305 05:27:19.891486 130845699483456 train.py:227] Step #46819: rate 0.000000, accuracy 92.97%, cross entropy 0.700388
I0305 05:27:22.831034 130845699483456 train.py:227] Step #46820: rate 0.000000, accuracy 87.11%, cross entropy 0.819547
I0305 05:27:25.632310 130845699483456 train.py:227] Step #46821: rate 0.000000, accuracy 91.02%, cross entropy 0.720422
I0305 05:27:28.650236 130845699483456 train.py:227] Step #46822: rate 0.000000, accuracy 94.92%, cross entropy 0.650277
I0305 05:27:31.647920 130845699483456 train.py:227] Step #46823: rate 0.000000, accuracy 94.53%, cross entropy 0.658388
I0305 05:27:34.580971 130845699483456 train.py:227] Step #46824: rate 0.000000, accuracy 84.77%, cross entropy 0.852323
I0305 05:27:37.402074 130845699483456 train.py:227] Step #46825: rate 0.000000, accuracy 91.41%, cross entropy 0.723566
I0305 05:27:40.292719 130845699483456 train.py:227] Step #46826: rate 0.000000, accuracy 80.86%, cross entropy 0.969363
I0305 05:27:43.283016 130845699483456 train.py:227] Step #46827: rate 0.000000, accuracy 94.92%, cross entropy 0.665849
I0305 05:27:46.099064 130845699483456 train.py:227] Step #46828: rate 0.000000, accuracy 87.50%, cross entropy 0.789904
I0305 05:27:48.958296 130845699483456 train.py:227] Step #46829: rate 0.000000, accuracy 86.33%, cross entropy 0.854487
I0305 05:27:51.877645 130845699483456 train.py:227] Step #46830: rate 0.000000, accuracy 94.92%, cross entropy 0.661085
I0305 05:27:54.769870 130845699483456 train.py:227] Step #46831: rate 0.000000, accuracy 91.41%, cross entropy 0.717302
I0305 05:27:57.814388 130845699483456 train.py:227] Step #46832: rate 0.000000, accuracy 89.45%, cross entropy 0.757018
I0305 05:28:00.632656 130845699483456 train.py:227] Step #46833: rate 0.000000, accuracy 91.80%, cross entropy 0.681105
I0305 05:28:03.574690 130845699483456 train.py:227] Step #46834: rate 0.000000, accuracy 97.66%, cross entropy 0.591482
I0305 05:28:06.654219 130845699483456 train.py:227] Step #46835: rate 0.000000, accuracy 83.98%, cross entropy 0.853513
I0305 05:28:09.553340 130845699483456 train.py:227] Step #46836: rate 0.000000, accuracy 91.41%, cross entropy 0.741908
I0305 05:28:12.722384 130845699483456 train.py:227] Step #46837: rate 0.000000, accuracy 80.08%, cross entropy 0.984227
I0305 05:28:15.717430 130845699483456 train.py:227] Step #46838: rate 0.000000, accuracy 75.00%, cross entropy 1.079844
I0305 05:28:18.728338 130845699483456 train.py:227] Step #46839: rate 0.000000, accuracy 88.67%, cross entropy 0.775731
I0305 05:28:21.915441 130845699483456 train.py:227] Step #46840: rate 0.000000, accuracy 93.36%, cross entropy 0.712434
I0305 05:28:24.861001 130845699483456 train.py:227] Step #46841: rate 0.000000, accuracy 88.28%, cross entropy 0.799417
I0305 05:28:27.958387 130845699483456 train.py:227] Step #46842: rate 0.000000, accuracy 90.62%, cross entropy 0.774268
I0305 05:28:30.831769 130845699483456 train.py:227] Step #46843: rate 0.000000, accuracy 60.94%, cross entropy 1.401706
I0305 05:28:33.964698 130845699483456 train.py:227] Step #46844: rate 0.000000, accuracy 79.69%, cross entropy 0.962934
I0305 05:28:36.791284 130845699483456 train.py:227] Step #46845: rate 0.000000, accuracy 64.84%, cross entropy 1.353023
I0305 05:28:39.613298 130845699483456 train.py:227] Step #46846: rate 0.000000, accuracy 89.06%, cross entropy 0.796310
I0305 05:28:42.484246 130845699483456 train.py:227] Step #46847: rate 0.000000, accuracy 81.64%, cross entropy 0.956355
I0305 05:28:45.419927 130845699483456 train.py:227] Step #46848: rate 0.000000, accuracy 89.84%, cross entropy 0.727997
I0305 05:28:48.351145 130845699483456 train.py:227] Step #46849: rate 0.000000, accuracy 93.75%, cross entropy 0.677768
I0305 05:28:51.475670 130845699483456 train.py:227] Step #46850: rate 0.000000, accuracy 85.55%, cross entropy 0.853029
I0305 05:28:54.463344 130845699483456 train.py:227] Step #46851: rate 0.000000, accuracy 91.41%, cross entropy 0.719766
I0305 05:28:57.253833 130845699483456 train.py:227] Step #46852: rate 0.000000, accuracy 86.33%, cross entropy 0.862414
I0305 05:29:00.445781 130845699483456 train.py:227] Step #46853: rate 0.000000, accuracy 91.02%, cross entropy 0.717932
I0305 05:29:03.574811 130845699483456 train.py:227] Step #46854: rate 0.000000, accuracy 95.31%, cross entropy 0.644385
I0305 05:29:06.707380 130845699483456 train.py:227] Step #46855: rate 0.000000, accuracy 86.33%, cross entropy 0.838738
I0305 05:29:09.765134 130845699483456 train.py:227] Step #46856: rate 0.000000, accuracy 94.53%, cross entropy 0.652875
I0305 05:29:12.847401 130845699483456 train.py:227] Step #46857: rate 0.000000, accuracy 88.67%, cross entropy 0.770976
I0305 05:29:15.875345 130845699483456 train.py:227] Step #46858: rate 0.000000, accuracy 93.75%, cross entropy 0.700435
I0305 05:29:18.708312 130845699483456 train.py:227] Step #46859: rate 0.000000, accuracy 93.75%, cross entropy 0.659038
I0305 05:29:21.571619 130845699483456 train.py:227] Step #46860: rate 0.000000, accuracy 88.67%, cross entropy 0.801543
I0305 05:29:24.583340 130845699483456 train.py:227] Step #46861: rate 0.000000, accuracy 96.09%, cross entropy 0.652698
I0305 05:29:27.494535 130845699483456 train.py:227] Step #46862: rate 0.000000, accuracy 91.41%, cross entropy 0.692349
I0305 05:29:30.557053 130845699483456 train.py:227] Step #46863: rate 0.000000, accuracy 89.84%, cross entropy 0.758728
I0305 05:29:33.427269 130845699483456 train.py:227] Step #46864: rate 0.000000, accuracy 96.09%, cross entropy 0.627957
I0305 05:29:36.224359 130845699483456 train.py:227] Step #46865: rate 0.000000, accuracy 92.97%, cross entropy 0.686799
I0305 05:29:39.185732 130845699483456 train.py:227] Step #46866: rate 0.000000, accuracy 85.94%, cross entropy 0.825617
I0305 05:29:42.043492 130845699483456 train.py:227] Step #46867: rate 0.000000, accuracy 94.92%, cross entropy 0.648761
I0305 05:29:45.079847 130845699483456 train.py:227] Step #46868: rate 0.000000, accuracy 97.66%, cross entropy 0.595499
I0305 05:29:47.852235 130845699483456 train.py:227] Step #46869: rate 0.000000, accuracy 83.59%, cross entropy 0.903285
I0305 05:29:50.679972 130845699483456 train.py:227] Step #46870: rate 0.000000, accuracy 81.25%, cross entropy 0.953401
I0305 05:29:53.802687 130845699483456 train.py:227] Step #46871: rate 0.000000, accuracy 78.52%, cross entropy 1.057824
I0305 05:29:56.600879 130845699483456 train.py:227] Step #46872: rate 0.000000, accuracy 94.14%, cross entropy 0.656519
I0305 05:29:59.452808 130845699483456 train.py:227] Step #46873: rate 0.000000, accuracy 82.42%, cross entropy 0.914786
I0305 05:30:02.420756 130845699483456 train.py:227] Step #46874: rate 0.000000, accuracy 90.23%, cross entropy 0.763583
I0305 05:30:05.466911 130845699483456 train.py:227] Step #46875: rate 0.000000, accuracy 97.27%, cross entropy 0.610895
I0305 05:30:08.302057 130845699483456 train.py:227] Step #46876: rate 0.000000, accuracy 89.45%, cross entropy 0.766691
I0305 05:30:34.434837 130845699483456 train.py:280] Step 46876: Validation accuracy = 97.29% (N=4352)
I0305 05:30:34.435326 130845699483456 train.py:290] So far the best validation accuracy is 97.33%
/home/ADV_2526a/rashkovits/envs/kwt_env_310/lib/python3.10/site-packages/keras/src/backend.py:452: UserWarning: `tf.keras.backend.set_learning_phase` is deprecated and will be removed after 2020-10-11. To update it, simply pass a True/False value to the `training` argument of the `__call__` method of your layer or model.
  warnings.warn(
I0305 05:30:34.528461 130845699483456 train.py:296] set_size=4864
I0305 05:32:44.658550 130845699483456 train.py:313] Final test accuracy = 97.47% (N=4864)
I0305 05:32:45.916258 130845699483456 train.py:319] Saved last checkpoint to /home/yandex/APDL2526a/rashkovits/keyword-transformer/models_data_v2_12_labels/kwt1_baseline/last_weights.ckpt
2026-03-05 05:32:45.963409: W tensorflow/core/common_runtime/gpu/gpu_device.cc:2256] Cannot dlopen some GPU libraries. Please make sure the missing libraries mentioned above are installed properly if you would like to use GPU. Follow the guide at https://www.tensorflow.org/install/gpu for how to download and setup the required libraries for your platform.
Skipping registering GPU devices...
Traceback (most recent call last):
  File "/home/ADV_2526a/rashkovits/envs/kwt_env_310/lib/python3.10/runpy.py", line 196, in _run_module_as_main
    return _run_code(code, main_globals, None,
  File "/home/ADV_2526a/rashkovits/envs/kwt_env_310/lib/python3.10/runpy.py", line 86, in _run_code
    exec(code, run_globals)
  File "/home/yandex/APDL2526a/rashkovits/keyword-transformer/kws_streaming/train/model_train_eval.py", line 370, in <module>
    tf.app.run(main=main, argv=[sys.argv[0]] + unparsed)
  File "/home/ADV_2526a/rashkovits/envs/kwt_env_310/lib/python3.10/site-packages/tensorflow/python/platform/app.py", line 36, in run
    _run(main=main, argv=argv, flags_parser=_parse_flags_tolerate_undef)
  File "/home/ADV_2526a/rashkovits/envs/kwt_env_310/lib/python3.10/site-packages/absl/app.py", line 367, in run
    _run_main(main, args)
  File "/home/ADV_2526a/rashkovits/envs/kwt_env_310/lib/python3.10/site-packages/absl/app.py", line 312, in _run_main
    sys.exit(main(argv))
  File "/home/yandex/APDL2526a/rashkovits/keyword-transformer/kws_streaming/train/model_train_eval.py", line 161, in main
    test.convert_model_saved(flags, 'non_stream',
  File "/home/yandex/APDL2526a/rashkovits/keyword-transformer/kws_streaming/train/test.py", line 775, in convert_model_saved
    model.load_weights(weights_path).expect_partial()
  File "/home/ADV_2526a/rashkovits/envs/kwt_env_310/lib/python3.10/site-packages/keras/src/engine/training_v1.py", line 222, in load_weights
    return super().load_weights(
  File "/home/ADV_2526a/rashkovits/envs/kwt_env_310/lib/python3.10/site-packages/keras/src/utils/traceback_utils.py", line 70, in error_handler
    raise e.with_traceback(filtered_tb) from None
  File "/home/ADV_2526a/rashkovits/envs/kwt_env_310/lib/python3.10/site-packages/tensorflow/python/training/py_checkpoint_reader.py", line 31, in error_translator
    raise errors_impl.NotFoundError(None, None, error_message)
tensorflow.python.framework.errors_impl.NotFoundError: Unsuccessful TensorSliceReader constructor: Failed to find any matching files for /home/yandex/APDL2526a/rashkovits/keyword-transformer/models_data_v2_12_labels/kwt1_baseline/best_weights
